pathway,cluster1,cluster2,pvalue,effect_size,adj_p,Pathway,Importance
Amoebiasis,0,2,7.534414639332964e-42,0.0587319246079773,1.8546251419896527e-40,Amoebiasis,0.0282441223577068
Amoebiasis,1,2,1.1608518366897112e-35,0.0486823463689849,1.2809399577265782e-34,Amoebiasis,0.0282441223577068
Transcriptional misregulation in cancer,0,2,6.4574887727359e-44,0.0371227570453165,2.3843035468563327e-42,Transcriptional misregulation in cancer,0.0263417373901772
Transcriptional misregulation in cancer,1,2,5.062251427668672e-37,0.03143015551535,7.253375179943171e-36,Transcriptional misregulation in cancer,0.0263417373901772
Yersinia infection,1,2,3.791052127441548e-42,0.0359529178314771,1.0109472339844127e-40,Yersinia infection,0.0238318980446058
Yersinia infection,0,2,5.917628582877406e-22,0.0208433218618109,1.979415832600108e-21,Yersinia infection,0.0238318980446058
Yersinia infection,0,1,1.0537759009255596e-11,-0.0151095959696661,2.0395662598559212e-11,Yersinia infection,0.0238318980446058
Epstein-Barr virus infection,0,1,8.256921489435691e-36,-0.0427519643724324,9.325464270421485e-35,Epstein-Barr virus infection,0.0217365322648492
Epstein-Barr virus infection,1,2,1.966727439991445e-28,0.039360799153583,9.833637199957226e-28,Epstein-Barr virus infection,0.0217365322648492
Toxoplasmosis,1,2,4.163118114157177e-40,0.0480621563204063,8.503390190618914e-39,Toxoplasmosis,0.021407231101375
Toxoplasmosis,0,2,4.61724102292565e-34,0.0391838028477234,3.922611842485508e-33,Toxoplasmosis,0.021407231101375
Toxoplasmosis,0,1,0.0007146541502407,-0.0088783534726828,0.0009359726933575,Toxoplasmosis,0.021407231101375
Pathways in cancer,0,2,2.9500685808256583e-53,0.0346884144219933,4.0458083394180464e-51,Pathways in cancer,0.0207892847216288
Pathways in cancer,1,2,7.091580989019532e-37,0.0247711317339123,9.866547462983696e-36,Pathways in cancer,0.0207892847216288
Pathways in cancer,0,1,8.693198559842535e-11,0.009917282688081,1.6173392669474483e-10,Pathways in cancer,0.0207892847216288
cGMP-PKG signaling pathway,0,2,1.0131977048238129e-44,0.0517313498244314,4.0527908192952506e-43,cGMP-PKG signaling pathway,0.0205413728871423
cGMP-PKG signaling pathway,0,1,4.7409721309997746e-43,0.0414206389738438,1.3791918926544794e-41,cGMP-PKG signaling pathway,0.0205413728871423
cGMP-PKG signaling pathway,1,2,2.099685595131065e-05,0.0103107108505876,2.986219513075293e-05,cGMP-PKG signaling pathway,0.0205413728871423
cAMP signaling pathway,0,2,1.1075583516635709e-47,0.0385273840136688,7.088373450646855e-46,cAMP signaling pathway,0.0204049611066374
cAMP signaling pathway,0,1,3.847082499339896e-43,0.0307254107827031,1.154124749801969e-41,cAMP signaling pathway,0.0204049611066374
cAMP signaling pathway,1,2,4.147154726991533e-05,0.0078019732309657,5.786727526034697e-05,cAMP signaling pathway,0.0204049611066374
Chemical carcinogenesis,0,1,3.7007760418651555e-38,0.0266384945759209,6.232885965246578e-37,Chemical carcinogenesis,0.0194286154896566
Chemical carcinogenesis,0,2,4.419261545013691e-37,0.0301948537021643,6.428016792747185e-36,Chemical carcinogenesis,0.0194286154896566
JAK-STAT signaling pathway,0,2,1.0717406097651874e-59,0.0675104854668764,5.144354926872899e-57,JAK-STAT signaling pathway,0.0173894495794566
JAK-STAT signaling pathway,1,2,5.5571721117155805e-30,0.0378205265421803,3.156736820856188e-29,JAK-STAT signaling pathway,0.0173894495794566
JAK-STAT signaling pathway,0,1,3.9953250714018964e-19,0.029689958924696,1.121494756884743e-18,JAK-STAT signaling pathway,0.0173894495794566
Fatty acid degradation,0,1,4.0846577208177535e-41,0.0718701274463075,9.564076614597666e-40,Fatty acid degradation,0.0173806331306169
Fatty acid degradation,0,2,1.3875569399133802e-35,0.0721946821508308,1.4800607359076055e-34,Fatty acid degradation,0.0173806331306169
TNF signaling pathway,1,2,6.911464815470265e-39,0.0537058038839642,1.3009816123238146e-37,TNF signaling pathway,0.0173474882009623
TNF signaling pathway,0,2,1.9530406417323557e-36,0.0541229093027138,2.499892021417415e-35,TNF signaling pathway,0.0173474882009623
Renin secretion,0,2,3.739432141717579e-52,0.0763307703179999,3.988727617832084e-50,Renin secretion,0.0173145557858125
Renin secretion,0,1,5.74268467056659e-40,0.0538236872356363,1.1250974048456991e-38,Renin secretion,0.0173145557858125
Renin secretion,1,2,5.805277529088377e-11,0.0225070830823635,1.094904995663034e-10,Renin secretion,0.0173145557858125
Pyrimidine metabolism,0,1,1.1458184598102706e-46,-0.0509237733465451,6.874910758861625e-45,Pyrimidine metabolism,0.0170937122386785
Pyrimidine metabolism,0,2,1.326094747183141e-46,-0.0581806249058985,7.488535042916562e-45,Pyrimidine metabolism,0.0170937122386785
Ras signaling pathway,0,2,3.809010053130477e-69,0.0581297645374029,3.6566496510052584e-66,Ras signaling pathway,0.0166970662124576
Ras signaling pathway,0,1,2.001332174050873e-41,0.0345275695142545,4.803197217722095e-40,Ras signaling pathway,0.0166970662124576
Ras signaling pathway,1,2,1.4139298925378566e-25,0.0236021950231483,5.9016204210275745e-25,Ras signaling pathway,0.0166970662124576
Vascular smooth muscle contraction,0,2,7.485743293865931e-55,0.0601910520590878,1.1977189270185488e-52,Vascular smooth muscle contraction,0.0156093003280578
Vascular smooth muscle contraction,0,1,1.2055723475310679e-42,0.0424750014960386,3.4039689812641925e-41,Vascular smooth muscle contraction,0.0156093003280578
Vascular smooth muscle contraction,1,2,2.8567961879895205e-11,0.0177160505630492,5.452334672902465e-11,Vascular smooth muscle contraction,0.0156093003280578
Viral carcinogenesis,0,1,1.9032419666683127e-43,-0.0328717528315865,6.171703435619819e-42,Viral carcinogenesis,0.0154487087185876
Viral carcinogenesis,0,2,1.3368138913355296e-26,-0.0222045470978041,5.886886860927103e-26,Viral carcinogenesis,0.0154487087185876
Viral carcinogenesis,1,2,1.545504766987355e-07,0.0106672057337823,2.420366356130278e-07,Viral carcinogenesis,0.0154487087185876
Calcium signaling pathway,0,2,7.300179773013977e-48,0.0480109098382012,5.0058375586381556e-46,Calcium signaling pathway,0.0151408755259088
Calcium signaling pathway,0,1,4.3523056274291675e-40,0.0375115355017706,8.704611254858334e-39,Calcium signaling pathway,0.0151408755259088
Calcium signaling pathway,1,2,6.722048099339305e-06,0.0104993743364306,9.897494133996524e-06,Calcium signaling pathway,0.0151408755259088
Regulation of lipolysis in adipocytes,0,2,4.566581444046933e-41,0.1112382783562158,1.043790044353585e-39,Regulation of lipolysis in adipocytes,0.0150729140908984
Regulation of lipolysis in adipocytes,0,1,5.080146305073801e-38,0.0964266571164502,8.128234088118082e-37,Regulation of lipolysis in adipocytes,0.0150729140908984
Tuberculosis,1,2,1.5655588700549422e-38,0.0438599624929214,2.783215768986564e-37,Tuberculosis,0.0142600960061563
Tuberculosis,0,1,7.709556587592695e-20,-0.0266755933944891,2.2633560624125345e-19,Tuberculosis,0.0142600960061563
Tuberculosis,0,2,5.413950649661908e-10,0.0171843690984323,9.732944988156236e-10,Tuberculosis,0.0142600960061563
B cell receptor signaling pathway,1,2,7.812329161425821e-30,0.0517601863236854,4.360369764516738e-29,B cell receptor signaling pathway,0.0135292912964506
B cell receptor signaling pathway,0,1,1.8140551516744933e-17,-0.0354455250219473,4.758177447015065e-17,B cell receptor signaling pathway,0.0135292912964506
B cell receptor signaling pathway,0,2,8.775741184734336e-10,0.0163146613017381,1.5515122536546891e-09,B cell receptor signaling pathway,0.0135292912964506
Kaposi sarcoma-associated herpesvirus infection,1,2,2.903271048135165e-37,0.0322363767893178,4.495387429370578e-36,Kaposi sarcoma-associated herpesvirus infection,0.0130386596263282
Kaposi sarcoma-associated herpesvirus infection,0,2,8.647186544794368e-34,0.0276577775144995,7.218520941741384e-33,Kaposi sarcoma-associated herpesvirus infection,0.0130386596263282
Fanconi anemia pathway,0,2,3.131661805190808e-50,-0.0855943946182664,2.7330866663483412e-48,Fanconi anemia pathway,0.0125467796675799
Fanconi anemia pathway,0,1,1.0776924390783155e-31,-0.0567042265609537,7.337480436277893e-31,Fanconi anemia pathway,0.0125467796675799
Fanconi anemia pathway,1,2,4.980266886077082e-09,-0.0288901680573126,8.507217456644127e-09,Fanconi anemia pathway,0.0125467796675799
Chagas disease,1,2,1.7698463388577462e-40,0.0417097432824107,3.7756721895631915e-39,Chagas disease,0.0123074755394285
Chagas disease,0,2,7.16751316698998e-25,0.0336545937377374,2.7633785704057752e-24,Chagas disease,0.0123074755394285
Human T-cell leukemia virus 1 infection,1,2,6.610510406807893e-37,0.0376571212941897,9.332485280199378e-36,Human T-cell leukemia virus 1 infection,0.0121521582263781
Human T-cell leukemia virus 1 infection,0,1,1.3169113602669907e-20,-0.0225560225378736,4.0007433729630103e-20,Human T-cell leukemia virus 1 infection,0.0121521582263781
Human T-cell leukemia virus 1 infection,0,2,2.3324116392559783e-11,0.0151010987563161,4.487204756885249e-11,Human T-cell leukemia virus 1 infection,0.0121521582263781
C-type lectin receptor signaling pathway,1,2,1.546147594951626e-35,0.0385214242230853,1.6133714034277832e-34,C-type lectin receptor signaling pathway,0.0121496450610277
C-type lectin receptor signaling pathway,0,2,4.068160153648248e-33,0.0363663929778233,3.2545281229185984e-32,C-type lectin receptor signaling pathway,0.0121496450610277
Phenylalanine metabolism,0,1,2.227756823873246e-36,0.1073098959535616,2.8140086196293626e-35,Phenylalanine metabolism,0.0120601852686398
Phenylalanine metabolism,0,2,1.8051239502773726e-34,0.112430582910124,1.634829237987055e-33,Phenylalanine metabolism,0.0120601852686398
Th17 cell differentiation,1,2,6.735800963848842e-36,0.0659436236410381,7.88581576255474e-35,Th17 cell differentiation,0.0118574379449061
Th17 cell differentiation,0,2,2.6143099139231197e-34,0.0481843201577962,2.3238310345983284e-33,Th17 cell differentiation,0.0118574379449061
Th17 cell differentiation,0,1,8.83087203295807e-06,-0.0177593034832418,1.292322736530449e-05,Th17 cell differentiation,0.0118574379449061
Osteoclast differentiation,1,2,2.0047108743732193e-43,0.0591329702168184,6.208136901284807e-42,Osteoclast differentiation,0.0115697044087749
Osteoclast differentiation,0,2,1.4356744025262744e-23,0.0429034867398353,5.200933684623484e-23,Osteoclast differentiation,0.0115697044087749
Osteoclast differentiation,0,1,7.818944518514144e-06,-0.0162294834769831,1.1477349751947366e-05,Osteoclast differentiation,0.0115697044087749
Fc gamma R-mediated phagocytosis,1,2,5.822781411493702e-42,0.0392599513583618,1.509614467334926e-40,Fc gamma R-mediated phagocytosis,0.011146580327096
Fc gamma R-mediated phagocytosis,0,2,3.9811783219037e-24,0.0234740914030842,1.4699735342413666e-23,Fc gamma R-mediated phagocytosis,0.011146580327096
Fc gamma R-mediated phagocytosis,0,1,1.3914076560239523e-11,-0.0157858599552776,2.6822316260702688e-11,Fc gamma R-mediated phagocytosis,0.011146580327096
Leishmaniasis,1,2,4.036817987204971e-37,0.0680757092249653,6.055226980807458e-36,Leishmaniasis,0.0105830551107714
Leishmaniasis,0,1,2.1701677788511915e-22,-0.0434858959681613,7.5758584279896155e-22,Leishmaniasis,0.0105830551107714
Leishmaniasis,0,2,3.9746903502200194e-08,0.024589813256804,6.445443811167599e-08,Leishmaniasis,0.0105830551107714
Fc epsilon RI signaling pathway,1,2,3.248644440854568e-34,0.0378606134314365,2.8351806029276237e-33,Fc epsilon RI signaling pathway,0.0105477514130804
Fc epsilon RI signaling pathway,0,2,4.017398533106589e-25,0.0273229529732671,1.6069594132426354e-24,Fc epsilon RI signaling pathway,0.0105477514130804
Fc epsilon RI signaling pathway,0,1,2.6203740383533243e-05,-0.0105376604581693,3.704799818584965e-05,Fc epsilon RI signaling pathway,0.0105477514130804
Natural killer cell mediated cytotoxicity,1,2,4.128149499680261e-31,0.0487996619795784,2.695934367138129e-30,Natural killer cell mediated cytotoxicity,0.01045207049556
Natural killer cell mediated cytotoxicity,0,1,9.886092256221169e-16,-0.0299277007037566,2.3726621414930804e-15,Natural killer cell mediated cytotoxicity,0.01045207049556
Natural killer cell mediated cytotoxicity,0,2,2.559663173455063e-13,0.0188719612758217,5.41250362668912e-13,Natural killer cell mediated cytotoxicity,0.01045207049556
Leukocyte transendothelial migration,1,2,1.0663630012150685e-36,0.0441764089556158,1.4418429312203744e-35,Leukocyte transendothelial migration,0.010256166936882
Leukocyte transendothelial migration,0,2,8.023011998656253e-36,0.0437077326187076,9.169156569892859e-35,Leukocyte transendothelial migration,0.010256166936882
Acute myeloid leukemia,0,2,6.222320249445092e-46,0.0449512268657305,2.986713719733645e-44,Acute myeloid leukemia,0.0101457844182599
Acute myeloid leukemia,1,2,3.011177892770474e-37,0.0383444997725214,4.588461550888341e-36,Acute myeloid leukemia,0.0101457844182599
Homologous recombination,0,2,8.685533712713209e-44,-0.0694994457596763,3.0881897645202515e-42,Homologous recombination,0.0100362647532038
Homologous recombination,0,1,3.446228488955998e-25,-0.0493382459901669,1.3900753568898142e-24,Homologous recombination,0.0100362647532038
Homologous recombination,1,2,4.075900507677137e-05,-0.0201611997695094,5.695581495444034e-05,Homologous recombination,0.0100362647532038
Th1 and Th2 cell differentiation,0,2,1.502870635148327e-38,0.0558068310270268,2.722180773098857e-37,Th1 and Th2 cell differentiation,0.0098634291363087
Th1 and Th2 cell differentiation,1,2,1.345404834226683e-37,0.0737525113498867,2.117358427635436e-36,Th1 and Th2 cell differentiation,0.0098634291363087
Th1 and Th2 cell differentiation,0,1,3.799692213539852e-05,-0.0179456803228599,5.3329013523366336e-05,Th1 and Th2 cell differentiation,0.0098634291363087
Choline metabolism in cancer,0,2,3.2574369469871286e-51,0.0417758800175141,3.127139469107644e-49,Choline metabolism in cancer,0.0096486190445523
Choline metabolism in cancer,0,1,9.613193480065546e-36,0.023805449568036,1.0731006675422003e-34,Choline metabolism in cancer,0.0096486190445523
Choline metabolism in cancer,1,2,3.0321395121062817e-17,0.017970430449478,7.845967470679325e-17,Choline metabolism in cancer,0.0096486190445523
MAPK signaling pathway,0,2,4.9658004554136986e-58,0.0432224873824504,1.1917921092992876e-55,MAPK signaling pathway,0.0090141669856253
MAPK signaling pathway,0,1,1.400055323224533e-32,0.0249683167424313,1.0667088176948823e-31,MAPK signaling pathway,0.0090141669856253
MAPK signaling pathway,1,2,1.2619051419865517e-18,0.0182541706400191,3.491149672354725e-18,MAPK signaling pathway,0.0090141669856253
Amphetamine addiction,0,2,8.498345518821544e-33,0.0363795367664592,6.63285503908023e-32,Amphetamine addiction,0.0088736339523139
Amphetamine addiction,0,1,1.3397541333298716e-30,0.0294335129687813,8.089081559727527e-30,Amphetamine addiction,0.0088736339523139
PD-L1 expression and PD-1 checkpoint pathway in cancer,1,2,1.281544447020474e-32,0.0452963137790407,9.842261353117241e-32,PD-L1 expression and PD-1 checkpoint pathway in cancer,0.0086378887480875
PD-L1 expression and PD-1 checkpoint pathway in cancer,0,2,1.0211588295244872e-30,0.0312232522828505,6.324596621571018e-30,PD-L1 expression and PD-1 checkpoint pathway in cancer,0.0086378887480875
PD-L1 expression and PD-1 checkpoint pathway in cancer,0,1,4.54778998017722e-06,-0.0140730614961901,6.758325667136426e-06,PD-L1 expression and PD-1 checkpoint pathway in cancer,0.0086378887480875
Oxytocin signaling pathway,0,2,7.106901579768491e-46,0.0422285310406215,3.2488692936084533e-44,Oxytocin signaling pathway,0.0080713996524111
Oxytocin signaling pathway,0,1,5.404086208241482e-36,0.0286766992941624,6.404842913471386e-35,Oxytocin signaling pathway,0.0080713996524111
Oxytocin signaling pathway,1,2,2.0316546397596782e-10,0.013551831746459,3.707962840626029e-10,Oxytocin signaling pathway,0.0080713996524111
Lipid and atherosclerosis,1,2,4.901649296268838e-35,0.0323493705127223,4.801615637161311e-34,Lipid and atherosclerosis,0.0078278734728689
Lipid and atherosclerosis,0,2,3.3927721028276163e-22,0.0238408841713397,1.1590965191154844e-21,Lipid and atherosclerosis,0.0078278734728689
Lipid and atherosclerosis,0,1,9.941686620937952e-05,-0.0085084863413825,0.0001363431308014,Lipid and atherosclerosis,0.0078278734728689
Human cytomegalovirus infection,1,2,1.2152782707721634e-35,0.028833602860397,1.3257581135696326e-34,Human cytomegalovirus infection,0.0073789791071515
Human cytomegalovirus infection,0,2,4.537042704795888e-30,0.0263406517701732,2.608120357247936e-29,Human cytomegalovirus infection,0.0073789791071515
Cell cycle,0,2,8.138317845028071e-35,-0.0611960695949832,7.73543082299698e-34,Cell cycle,0.0066809517186053
Cell cycle,0,1,1.99000838455002e-30,-0.0587516621053484,1.1792642278814929e-29,Cell cycle,0.0066809517186053
Phospholipase D signaling pathway,0,2,9.580300065306985e-53,0.0505611907602328,1.1496360078368382e-50,Phospholipase D signaling pathway,0.0066568588235718
Phospholipase D signaling pathway,1,2,4.388176683844351e-27,0.0256426926728823,1.9777697730002708e-26,Phospholipase D signaling pathway,0.0066568588235718
Phospholipase D signaling pathway,0,1,1.519174009430383e-25,0.0249184980873504,6.31345042880159e-25,Phospholipase D signaling pathway,0.0066568588235718
Melanoma,0,2,4.219433829488328e-48,0.0534233171924847,3.1158895971606112e-46,Melanoma,0.0064718486930665
Melanoma,0,1,8.912376988113232e-31,0.0326007080260483,5.628869676703095e-30,Melanoma,0.0064718486930665
Melanoma,1,2,2.617444233532167e-13,0.0208226091664363,5.522519701518417e-13,Melanoma,0.0064718486930665
Apelin signaling pathway,0,2,4.1355313579504944e-46,0.0482973012395362,2.2056167242402637e-44,Apelin signaling pathway,0.0062479313463141
Apelin signaling pathway,0,1,1.7454575809226566e-36,0.0319346469540455,2.2643774022780407e-35,Apelin signaling pathway,0.0062479313463141
Apelin signaling pathway,1,2,3.612484249248626e-11,0.0163626542854907,6.853725057863006e-11,Apelin signaling pathway,0.0062479313463141
Cell adhesion molecules,1,2,2.612322603052719e-38,0.068743937492695,4.478267319518947e-37,Cell adhesion molecules,0.0061994196951984
Cell adhesion molecules,0,2,4.0029749502225285e-34,0.0581434588680157,3.4620323893816455e-33,Cell adhesion molecules,0.0061994196951984
Pathogenic Escherichia coli infection,1,2,3.245676310818729e-35,0.024392995715053,3.2456763108187293e-34,Pathogenic Escherichia coli infection,0.0060370148898668
Pathogenic Escherichia coli infection,0,2,5.289507564088219e-20,0.0168920540810574,1.5672615004705833e-19,Pathogenic Escherichia coli infection,0.0060370148898668
Pathogenic Escherichia coli infection,0,1,3.061886844077783e-06,-0.0075009416339956,4.592830266116675e-06,Pathogenic Escherichia coli infection,0.0060370148898668
PI3K-Akt signaling pathway,0,2,7.605837168893599e-56,0.0546820863321764,1.460320736427571e-53,PI3K-Akt signaling pathway,0.0058378484155751
PI3K-Akt signaling pathway,0,1,2.1697586525357157e-29,0.028873941070018,1.163669444935356e-28,PI3K-Akt signaling pathway,0.0058378484155751
PI3K-Akt signaling pathway,1,2,4.030492968170941e-21,0.0258081452621583,1.2769878711036643e-20,PI3K-Akt signaling pathway,0.0058378484155751
"Valine, leucine and isoleucine degradation",0,1,8.668297778678127e-30,0.0521633374429633,4.78250911927069e-29,"Valine, leucine and isoleucine degradation",0.0057878243619443
"Valine, leucine and isoleucine degradation",0,2,4.180106914856181e-12,0.0315611954865505,8.25700131329616e-12,"Valine, leucine and isoleucine degradation",0.0057878243619443
"Valine, leucine and isoleucine degradation",1,2,4.032371220047272e-07,-0.0206021419564128,6.203648030841956e-07,"Valine, leucine and isoleucine degradation",0.0057878243619443
Fluid shear stress and atherosclerosis,0,2,1.0576602487287701e-45,0.0428613474427737,4.615244721725542e-44,Fluid shear stress and atherosclerosis,0.0053886083605408
Fluid shear stress and atherosclerosis,1,2,6.839837578514414e-27,0.028003128163865,3.0683383529784284e-26,Fluid shear stress and atherosclerosis,0.0053886083605408
Fluid shear stress and atherosclerosis,0,1,1.0570095603063204e-11,0.0148582192789086,2.041708607432732e-11,Fluid shear stress and atherosclerosis,0.0053886083605408
Propanoate metabolism,0,1,2.384226090954164e-30,0.0613727606106843,1.3956445410463398e-29,Propanoate metabolism,0.0053259962102886
Propanoate metabolism,1,2,1.31640650604629e-10,-0.0275590952365852,2.425624272177425e-10,Propanoate metabolism,0.0053259962102886
Propanoate metabolism,0,2,1.1912712227899719e-09,0.0338136653740991,2.0717760396347334e-09,Propanoate metabolism,0.0053259962102886
Toll-like receptor signaling pathway,1,2,2.3531078611520987e-32,0.04535844951205,1.751150036206213e-31,Toll-like receptor signaling pathway,0.0052808707574024
Toll-like receptor signaling pathway,0,1,4.077425663048592e-17,-0.0285534829413872,1.0494178650205491e-16,Toll-like receptor signaling pathway,0.0052808707574024
Toll-like receptor signaling pathway,0,2,4.65293439362319e-07,0.0168049665706628,7.124110076360865e-07,Toll-like receptor signaling pathway,0.0052808707574024
Circadian entrainment,0,1,1.7455669370411277e-30,0.0304971463951801,1.0408349438257657e-29,Circadian entrainment,0.0051870361045391
Circadian entrainment,0,2,2.647796074636432e-27,0.0380747325053156,1.2162125510291744e-26,Circadian entrainment,0.0051870361045391
Phagosome,1,2,7.28492943734746e-37,0.0465169492381699,9.990760371219373e-36,Phagosome,0.0049920301499602
Phagosome,0,1,7.489253364421433e-17,-0.0273410043890844,1.897014044813872e-16,Phagosome,0.0049920301499602
Phagosome,0,2,1.0826842327425448e-07,0.0191759448490854,1.7066943570325828e-07,Phagosome,0.0049920301499602
Cytokine-cytokine receptor interaction,1,2,1.646991581047672e-36,0.0681858875505906,2.1659067367202264e-35,Cytokine-cytokine receptor interaction,0.0049455897195144
Cytokine-cytokine receptor interaction,0,2,3.1203345471751987e-32,0.0593345475786342,2.2693342161274173e-31,Cytokine-cytokine receptor interaction,0.0049455897195144
T cell receptor signaling pathway,1,2,2.217848282938284e-29,0.0490156217221702,1.1828524175670848e-28,T cell receptor signaling pathway,0.0048976938848684
T cell receptor signaling pathway,0,2,3.939773944286777e-19,0.0217018068427935,1.1091445708256028e-18,T cell receptor signaling pathway,0.0048976938848684
T cell receptor signaling pathway,0,1,3.8796551145166297e-13,-0.0273138148793767,8.114311350623017e-13,T cell receptor signaling pathway,0.0048976938848684
Retinol metabolism,0,1,3.0971535189796834e-34,0.0666342557093483,2.7277682368995376e-33,Retinol metabolism,0.0048442264701477
Retinol metabolism,0,2,1.9658059093948343e-25,0.0634662201038522,8.099457824116055e-25,Retinol metabolism,0.0048442264701477
DNA replication,0,2,9.167923899757573e-41,-0.0868271815422678,2.0002743054016528e-39,DNA replication,0.0047650717323316
DNA replication,0,1,1.20558022650074e-30,-0.0696594724239779,7.325044414181709e-30,DNA replication,0.0047650717323316
beta-Alanine metabolism,0,1,2.577003936471282e-32,0.0522738625035524,1.8884914343606344e-31,beta-Alanine metabolism,0.0046319333350845
beta-Alanine metabolism,0,2,1.024501152961266e-20,0.0434403611113307,3.1322328243401764e-20,beta-Alanine metabolism,0.0046319333350845
Coronavirus disease,1,2,6.544973546850797e-31,0.02701181431614,4.18878306998451e-30,Coronavirus disease,0.004570855543654
Coronavirus disease,0,2,1.5245162006884996e-17,0.020926669641088,4.042915891328618e-17,Coronavirus disease,0.004570855543654
Tyrosine metabolism,0,1,4.8690354304136555e-32,0.0896130419931039,3.488264188953066e-31,Tyrosine metabolism,0.0045642469548723
Tyrosine metabolism,0,2,4.917506859726119e-30,0.0882187966646332,2.810003919843497e-29,Tyrosine metabolism,0.0045642469548723
Aldosterone synthesis and secretion,0,1,4.16471891600872e-35,0.0360654873305965,4.121783669451928e-34,Aldosterone synthesis and secretion,0.0043069679579269
Aldosterone synthesis and secretion,0,2,5.2132740577239625e-34,0.0434322963423273,4.390125522293863e-33,Aldosterone synthesis and secretion,0.0043069679579269
Hematopoietic cell lineage,1,2,2.023806764527124e-35,0.0986105976930769,2.0668664829213174e-34,Hematopoietic cell lineage,0.0040608515582296
Hematopoietic cell lineage,0,2,4.371724717640595e-34,0.0767866939963243,3.74719261512051e-33,Hematopoietic cell lineage,0.0040608515582296
Hematopoietic cell lineage,0,1,0.000264695720037,-0.0218239036967525,0.000354899289435,Hematopoietic cell lineage,0.0040608515582296
Histidine metabolism,0,1,1.1292078417698026e-32,0.0604794492963478,8.742254258862985e-32,Histidine metabolism,0.0038837738766083
Histidine metabolism,0,2,1.5619087763774758e-17,0.0487760807177614,4.1306678383536546e-17,Histidine metabolism,0.0038837738766083
African trypanosomiasis,1,2,5.743275829326894e-32,0.0766950353498637,4.084107256410235e-31,African trypanosomiasis,0.003576223195698
African trypanosomiasis,0,2,3.9320545265706144e-21,0.071455049950559,1.2540771911986012e-20,African trypanosomiasis,0.003576223195698
Malaria,1,2,2.4887331371806147e-35,0.1014923788005362,2.514930328098305e-34,Malaria,0.0034742112545885
Malaria,0,2,4.230098929517262e-30,0.1128471493813084,2.446322272491911e-29,Malaria,0.0034742112545885
Systemic lupus erythematosus,0,1,4.123779220370287e-33,-0.0664339813730797,3.2717587202937817e-32,Systemic lupus erythematosus,0.0034616574332911
Systemic lupus erythematosus,0,2,2.570985068780625e-14,-0.0443018917179587,5.821098268937264e-14,Systemic lupus erythematosus,0.0034616574332911
Systemic lupus erythematosus,1,2,6.032994495803646e-05,0.0221320896551209,8.345352616673631e-05,Systemic lupus erythematosus,0.0034616574332911
AMPK signaling pathway,0,1,4.221829441433085e-36,0.0404241881577887,5.066195329719701e-35,AMPK signaling pathway,0.0034327086171575
AMPK signaling pathway,0,2,2.4167826997634702e-32,0.0398564952491367,1.7847010705945626e-31,AMPK signaling pathway,0.0034327086171575
Influenza A,1,2,6.059948129115927e-29,0.0423469914112494,3.127715163414673e-28,Influenza A,0.0034083595816574
Influenza A,0,1,6.0853722637314186e-21,-0.0304170040804645,1.896739406877325e-20,Influenza A,0.0034083595816574
Influenza A,0,2,9.126476234276148e-05,0.0119299873307848,0.0001255217361734,Influenza A,0.0034083595816574
Fatty acid biosynthesis,0,1,1.8358992704339186e-28,0.0492867623656403,9.22755654249509e-28,Fatty acid biosynthesis,0.0033731686211744
Fatty acid biosynthesis,0,2,4.0296186414689666e-28,0.05064729825308,1.963672028330055e-27,Fatty acid biosynthesis,0.0033731686211744
Nitrogen metabolism,0,1,1.0636173619648007e-31,0.0696642628788503,7.293376196330061e-31,Nitrogen metabolism,0.003268138270208
Nitrogen metabolism,0,2,3.463600610069748e-15,0.0471933226007759,8.109894111382824e-15,Nitrogen metabolism,0.003268138270208
Nitrogen metabolism,1,2,2.060587034076992e-05,-0.0224709402780744,2.9349607607031346e-05,Nitrogen metabolism,0.003268138270208
Viral myocarditis,1,2,1.6189151239577708e-39,0.0716195416634984,3.1083170379989207e-38,Viral myocarditis,0.0032472423793919
Viral myocarditis,0,2,7.905522193556099e-20,0.04192867805306,2.3138113737237363e-19,Viral myocarditis,0.0032472423793919
Viral myocarditis,0,1,2.0654241533894746e-12,-0.0296908636104384,4.1568284848090055e-12,Viral myocarditis,0.0032472423793919
Adipocytokine signaling pathway,0,2,5.975557266534082e-42,0.0674205383427778,1.509614467334926e-40,Adipocytokine signaling pathway,0.003218351381366
Adipocytokine signaling pathway,0,1,1.9812287914776769e-29,0.045580264907747,1.0685278875385223e-28,Adipocytokine signaling pathway,0.003218351381366
Adipocytokine signaling pathway,1,2,1.4277974439378503e-14,0.0218402734350307,3.271325885871924e-14,Adipocytokine signaling pathway,0.003218351381366
Measles,1,2,1.705685311419914e-22,0.0326593487283572,5.976123718843495e-22,Measles,0.003180126032148
Measles,0,1,2.4687641559115664e-21,-0.028992926471921,8.033944371780012e-21,Measles,0.003180126032148
Breast cancer,0,2,2.7148154803163647e-44,0.038093351495654,1.042489144441484e-42,Breast cancer,0.0030184052133956
Breast cancer,0,1,3.2674530280938736e-25,0.0237796432388181,1.32913343515683e-24,Breast cancer,0.0030184052133956
Breast cancer,1,2,1.1655991326500303e-09,0.0143137082568358,2.034500304261871e-09,Breast cancer,0.0030184052133956
Regulation of actin cytoskeleton,0,2,1.9286573236311934e-43,0.0399157350830277,6.171703435619819e-42,Regulation of actin cytoskeleton,0.0029472925794305
Regulation of actin cytoskeleton,1,2,1.2250967334833313e-21,0.0231913055836385,4.0415562341718144e-21,Regulation of actin cytoskeleton,0.0029472925794305
Regulation of actin cytoskeleton,0,1,2.2120696825568376e-16,0.0167244294993891,5.50152045402737e-16,Regulation of actin cytoskeleton,0.0029472925794305
Butanoate metabolism,0,1,1.1023117624349727e-34,0.0641603071624107,1.0175185499399748e-33,Butanoate metabolism,0.0029029191216235
Butanoate metabolism,1,2,2.6994911435419838e-12,-0.034106341112169,5.398982287083967e-12,Butanoate metabolism,0.0029029191216235
Butanoate metabolism,0,2,4.917568692274161e-09,0.0300539660502416,8.415090810308724e-09,Butanoate metabolism,0.0029029191216235
AGE-RAGE signaling pathway in diabetic complications,1,2,3.342984498887525e-33,0.0402671142993736,2.6968614444806925e-32,AGE-RAGE signaling pathway in diabetic complications,0.0029015486707465
AGE-RAGE signaling pathway in diabetic complications,0,2,9.282636724618391e-31,0.0518074094383005,5.8243995134860485e-30,AGE-RAGE signaling pathway in diabetic complications,0.0029015486707465
AGE-RAGE signaling pathway in diabetic complications,0,1,0.0004346086890164,0.0115402951389269,0.0005778730491077,AGE-RAGE signaling pathway in diabetic complications,0.0029015486707465
Shigellosis,1,2,4.6183290586706476e-26,0.0134219166752932,1.9881595947640456e-25,Shigellosis,0.0027898267907208
Shigellosis,0,2,2.1797042437760383e-18,0.0101560150793643,5.9786173543571345e-18,Shigellosis,0.0027898267907208
Salmonella infection,1,2,3.2722764610923767e-28,0.0150602573273708,1.619270826107568e-27,Salmonella infection,0.0027792162542332
Salmonella infection,0,2,5.980326897191126e-25,0.0144445913388233,2.3337861062209274e-24,Salmonella infection,0.0027792162542332
Rap1 signaling pathway,0,2,2.9774291758427826e-58,0.049713727967856,9.527773362696902e-56,Rap1 signaling pathway,0.0027232073099192
Rap1 signaling pathway,1,2,2.7414807498542767e-25,0.0256410260765292,1.1199240510043003e-24,Rap1 signaling pathway,0.0027232073099192
Rap1 signaling pathway,0,1,4.252427514989901e-25,0.0240727018913267,1.693913035016724e-24,Rap1 signaling pathway,0.0027232073099192
Longevity regulating pathway,0,1,3.2702590639053304e-31,0.0241452543139893,2.1801727092702204e-30,Longevity regulating pathway,0.002720918574985
Longevity regulating pathway,0,2,1.2235144953318963e-28,0.0272134974293332,6.233425117820882e-28,Longevity regulating pathway,0.002720918574985
Allograft rejection,1,2,3.608100967042777e-28,0.1035674390996577,1.7762958606979824e-27,Allograft rejection,0.0026423380258789
Allograft rejection,0,1,1.3561751373314813e-17,-0.0659749507015775,3.6064491186654346e-17,Allograft rejection,0.0026423380258789
Allograft rejection,0,2,1.4118387111220876e-08,0.0375924883980802,2.3653842280579482e-08,Allograft rejection,0.0026423380258789
RIG-I-like receptor signaling pathway,0,1,1.7870108796985826e-27,-0.0288404365967231,8.409462963287448e-27,RIG-I-like receptor signaling pathway,0.0025819766504136
RIG-I-like receptor signaling pathway,0,2,1.0444037409096533e-08,-0.01455360822288,1.7528454392889283e-08,RIG-I-like receptor signaling pathway,0.0025819766504136
RIG-I-like receptor signaling pathway,1,2,8.577639348194505e-08,0.0142868283738431,1.3633334063355504e-07,RIG-I-like receptor signaling pathway,0.0025819766504136
Cocaine addiction,0,1,8.403220586235701e-24,0.0271659355463691,3.079042657552013e-23,Cocaine addiction,0.0025690912412182
Cocaine addiction,0,2,7.627199423913319e-23,0.02829304395432,2.7018861427884817e-22,Cocaine addiction,0.0025690912412182
Chemokine signaling pathway,1,2,1.3973415061237e-33,0.0547825455673825,1.1564205567920275e-32,Chemokine signaling pathway,0.0025686448347442
Chemokine signaling pathway,0,2,1.4755164858990171e-27,0.0381758663120209,6.977811953019984e-27,Chemokine signaling pathway,0.0025686448347442
Chemokine signaling pathway,0,1,1.0205968627222992e-05,-0.0166066792553616,1.482258681109542e-05,Chemokine signaling pathway,0.0025686448347442
PPAR signaling pathway,0,2,1.503416781759566e-42,0.1064496709093237,4.1236574585405236e-41,PPAR signaling pathway,0.0025392517527239
PPAR signaling pathway,0,1,1.8487501648886418e-32,0.0788796543478946,1.3865626236664815e-31,PPAR signaling pathway,0.0025392517527239
PPAR signaling pathway,1,2,2.1317264191195386e-07,0.0275700165614291,3.322171042783696e-07,PPAR signaling pathway,0.0025392517527239
Pyruvate metabolism,0,1,1.7782530548276152e-26,0.0595136926513286,7.75964969379323e-26,Pyruvate metabolism,0.0025172336741125
Pyruvate metabolism,0,2,6.792641883694264e-16,0.0484093447632386,1.6425532010948349e-15,Pyruvate metabolism,0.0025172336741125
Pyruvate metabolism,1,2,0.0004664973299156,-0.0111043478880899,0.0006177068092675,Pyruvate metabolism,0.0025172336741125
Inflammatory bowel disease,1,2,6.576702984516114e-35,0.0736829802996449,6.313634865135469e-34,Inflammatory bowel disease,0.00251121182598
Inflammatory bowel disease,0,2,1.779699994711937e-16,0.0391439920827326,4.449249986779842e-16,Inflammatory bowel disease,0.00251121182598
Inflammatory bowel disease,0,1,1.9496533307888125e-13,-0.0345389882169123,4.131715667896821e-13,Inflammatory bowel disease,0.00251121182598
Antigen processing and presentation,0,1,4.9530768869929005e-25,-0.0419810390313458,1.9567711158490475e-24,Antigen processing and presentation,0.0025036461940747
Antigen processing and presentation,1,2,6.3313158285688e-25,0.0476289988428144,2.460754330132004e-24,Antigen processing and presentation,0.0025036461940747
Aminoacyl-tRNA biosynthesis,0,2,7.793541341478972e-36,-0.0430223386410397,9.014216491349171e-35,Aminoacyl-tRNA biosynthesis,0.0024856106217759
Aminoacyl-tRNA biosynthesis,0,1,3.378875871284792e-22,-0.0299178794983767,1.158471727297643e-21,Aminoacyl-tRNA biosynthesis,0.0024856106217759
Aminoacyl-tRNA biosynthesis,1,2,1.6921162012282868e-05,-0.013104459142663,2.428148808937452e-05,Aminoacyl-tRNA biosynthesis,0.0024856106217759
Gap junction,0,2,1.646121489958491e-43,0.0465526016556878,5.643845108429112e-42,Gap junction,0.0024790044992911
Gap junction,0,1,3.421609735499724e-27,0.0278929259126669,1.556751348852955e-26,Gap junction,0.0024790044992911
Gap junction,1,2,1.6612391778995213e-12,0.0186596757430209,3.350398341982228e-12,Gap junction,0.0024790044992911
NF-kappa B signaling pathway,1,2,2.255027188601467e-34,0.0676106308690033,2.0232019636050545e-33,NF-kappa B signaling pathway,0.0024035697351014
NF-kappa B signaling pathway,0,2,1.2077555767057883e-24,0.0429055313236712,4.6193041977591915e-24,NF-kappa B signaling pathway,0.0024035697351014
NF-kappa B signaling pathway,0,1,4.8925664882161815e-08,-0.024705099545332,7.8674435991416e-08,NF-kappa B signaling pathway,0.0024035697351014
Staphylococcus aureus infection,1,2,6.2753602359998165e-30,0.0750821192782408,3.5437328391528365e-29,Staphylococcus aureus infection,0.0023891880599223
Staphylococcus aureus infection,0,2,2.9507968868311785e-13,0.0467476532426806,6.198610528135517e-13,Staphylococcus aureus infection,0.0023891880599223
Staphylococcus aureus infection,0,1,1.7837681174448783e-08,-0.0283344660355601,2.9473621217677854e-08,Staphylococcus aureus infection,0.0023891880599223
Intestinal immune network for IgA production,1,2,1.0166254528274909e-30,0.0988748943881927,6.324596621571018e-30,Intestinal immune network for IgA production,0.0023584389747854
Intestinal immune network for IgA production,0,2,2.0102949592689236e-23,0.0669173145689366,7.255199853000625e-23,Intestinal immune network for IgA production,0.0023584389747854
Intestinal immune network for IgA production,0,1,1.0574905634192976e-06,-0.0319575798192561,1.606314779877414e-06,Intestinal immune network for IgA production,0.0023584389747854
Circadian rhythm,0,1,7.70628185588441e-30,0.0579378916119659,4.326333673478967e-29,Circadian rhythm,0.0023491428683143
Circadian rhythm,0,2,3.2381612542118922e-21,0.0484514922609085,1.0396771919877645e-20,Circadian rhythm,0.0023491428683143
Wnt signaling pathway,0,2,6.691975645905175e-33,0.030877627102862,5.265816901695875e-32,Wnt signaling pathway,0.0022828923257601
Wnt signaling pathway,1,2,4.382871356189889e-12,0.0170348459742658,8.639746410559123e-12,Wnt signaling pathway,0.0022828923257601
Wnt signaling pathway,0,1,2.8381567517665263e-11,0.0138427811285961,5.4275507603503294e-11,Wnt signaling pathway,0.0022828923257601
Mismatch repair,0,2,2.1045708025872146e-38,-0.0767204809714242,3.6734326736067752e-37,Mismatch repair,0.0022727805095569
Mismatch repair,0,1,1.301026102165478e-26,-0.0576635520287463,5.755691511884143e-26,Mismatch repair,0.0022727805095569
Mismatch repair,1,2,0.0004619538273319,-0.0190569289426778,0.0006125354616556,Mismatch repair,0.0022727805095569
Glycosylphosphatidylinositol (GPI)-anchor biosynthesis,0,2,1.3012859183082738e-29,-0.0544780347809883,7.138482751862531e-29,Glycosylphosphatidylinositol (GPI)-anchor biosynthesis,0.0021753465651255
Glycosylphosphatidylinositol (GPI)-anchor biosynthesis,1,2,1.3104412022191917e-18,-0.039125919269929,3.61501021301846e-18,Glycosylphosphatidylinositol (GPI)-anchor biosynthesis,0.0021753465651255
Glycosylphosphatidylinositol (GPI)-anchor biosynthesis,0,1,9.062769496114024e-06,-0.0153521155110592,1.3222277684300096e-05,Glycosylphosphatidylinositol (GPI)-anchor biosynthesis,0.0021753465651255
Viral protein interaction with cytokine and cytokine receptor,1,2,1.4093023772536485e-30,0.1051168905540296,8.455814263521892e-30,Viral protein interaction with cytokine and cytokine receptor,0.002127792623614
Viral protein interaction with cytokine and cytokine receptor,0,2,3.5192836887528406e-21,0.0746226128822282,1.1261707804009091e-20,Viral protein interaction with cytokine and cytokine receptor,0.002127792623614
Viral protein interaction with cytokine and cytokine receptor,0,1,2.1582442562699596e-05,-0.0304942776718014,3.064962257424794e-05,Viral protein interaction with cytokine and cytokine receptor,0.002127792623614
Adrenergic signaling in cardiomyocytes,0,1,2.7450543222702075e-23,0.021084422007653,9.869858237376026e-23,Adrenergic signaling in cardiomyocytes,0.002108848305752
Adrenergic signaling in cardiomyocytes,0,2,2.236283047386913e-14,0.0193878719384749,5.0752523061263283e-14,Adrenergic signaling in cardiomyocytes,0.002108848305752
Human immunodeficiency virus 1 infection,1,2,8.941500817365423e-26,0.0238056874301634,3.781427658445289e-25,Human immunodeficiency virus 1 infection,0.0020636472143084
Human immunodeficiency virus 1 infection,0,1,9.86968212103143e-22,-0.0194134147325206,3.267205115927646e-21,Human immunodeficiency virus 1 infection,0.0020636472143084
Insulin signaling pathway,0,1,2.8291731819380927e-33,0.0288261992329287,2.3213728672312556e-32,Insulin signaling pathway,0.0020314852311617
Insulin signaling pathway,0,2,6.361118078139871e-25,0.028844108705223,2.462368288312208e-24,Insulin signaling pathway,0.0020314852311617
Rheumatoid arthritis,1,2,2.902051756800187e-36,0.0728124907098442,3.5717560083694607e-35,Rheumatoid arthritis,0.0020256677261755
Rheumatoid arthritis,0,1,6.613531641771771e-18,-0.0416317067172037,1.7784286767789638e-17,Rheumatoid arthritis,0.0020256677261755
Rheumatoid arthritis,0,2,1.099586704794951e-09,0.0311807839926405,1.926283278472907e-09,Rheumatoid arthritis,0.0020256677261755
Taurine and hypotaurine metabolism,0,1,2.22174253582308e-27,0.077025685879137,1.0303733499469356e-26,Taurine and hypotaurine metabolism,0.0019663065210727
Taurine and hypotaurine metabolism,0,2,6.242678211816732e-21,0.0649639912214248,1.939472842506169e-20,Taurine and hypotaurine metabolism,0.0019663065210727
Base excision repair,0,2,6.536142439533657e-45,-0.0690616983174922,2.728129018240134e-43,Base excision repair,0.001945606263355
Base excision repair,0,1,3.2288136962706316e-32,-0.0500601121407394,2.3305722920449672e-31,Base excision repair,0.001945606263355
Base excision repair,1,2,9.36651253130779e-08,-0.0190015861767527,1.4838039653556894e-07,Base excision repair,0.001945606263355
ErbB signaling pathway,0,2,2.5741963719812432e-36,0.0366841161283188,3.209387684548043e-35,ErbB signaling pathway,0.0019271065199632
ErbB signaling pathway,0,1,4.2095804386887074e-22,0.0223751078530474,1.4330486599791344e-21,ErbB signaling pathway,0.0019271065199632
ErbB signaling pathway,1,2,6.806505219366639e-11,0.0143090082752713,1.2737319708756286e-10,ErbB signaling pathway,0.0019271065199632
Hepatitis B,1,2,1.9575478312516918e-27,0.0235711919534186,9.122553000007888e-27,Hepatitis B,0.001916540660754
Hepatitis B,0,2,9.384889651762098e-13,0.0137387531103498,1.9047556164252882e-12,Hepatitis B,0.001916540660754
Hepatitis B,0,1,2.382707486441501e-08,-0.0098324388430687,3.896761817689678e-08,Hepatitis B,0.001916540660754
Gastric acid secretion,0,2,4.579721974121136e-38,0.0402827657372743,7.451751008739475e-37,Gastric acid secretion,0.001916219398663
Gastric acid secretion,0,1,6.031989037352282e-31,0.0271011811667186,3.9126415377420215e-30,Gastric acid secretion,0.001916219398663
Gastric acid secretion,1,2,6.709534230037383e-08,0.0131815845705557,1.0717392447314288e-07,Gastric acid secretion,0.001916219398663
Graft-versus-host disease,1,2,1.227205570070986e-28,0.097517827947302,6.233425117820882e-28,Graft-versus-host disease,0.001851146075322
Graft-versus-host disease,0,1,4.385140905478772e-15,-0.0570799121503152,1.0217804051601024e-14,Graft-versus-host disease,0.001851146075322
Graft-versus-host disease,0,2,1.1026603204793586e-09,0.0404379157969868,1.928149194280845e-09,Graft-versus-host disease,0.001851146075322
Dopaminergic synapse,0,1,3.7671576052653535e-31,0.0203884732185622,2.4770351377087255e-30,Dopaminergic synapse,0.0018173196400962
Dopaminergic synapse,0,2,3.867484579709991e-23,0.0246642815357383,1.37510562834133e-22,Dopaminergic synapse,0.0018173196400962
Adherens junction,0,2,5.6015255399200844e-46,0.0507324071820549,2.8302444833280424e-44,Adherens junction,0.0017946806898479
Adherens junction,0,1,1.723606402853105e-20,0.0259764956231586,5.1870286731629504e-20,Adherens junction,0.0017946806898479
Adherens junction,1,2,1.3383500576621649e-18,0.0247559115588962,3.6814213620506546e-18,Adherens junction,0.0017946806898479
"Parathyroid hormone synthesis, secretion and action",0,2,5.793948331027445e-41,0.0456724323002532,1.2935326506479878e-39,"Parathyroid hormone synthesis, secretion and action",0.0017796218767895
"Parathyroid hormone synthesis, secretion and action",0,1,2.101066282975443e-24,0.0257438760496669,7.90989659473108e-24,"Parathyroid hormone synthesis, secretion and action",0.0017796218767895
"Parathyroid hormone synthesis, secretion and action",1,2,4.012759855796431e-13,0.0199285562505862,8.356289504478469e-13,"Parathyroid hormone synthesis, secretion and action",0.0017796218767895
Bladder cancer,0,1,9.451262387471774e-22,-0.0379297913152709,3.139519685803773e-21,Bladder cancer,0.0017712816514338
Bladder cancer,0,2,2.165779535964705e-08,-0.0177747858154554,3.560054426193625e-08,Bladder cancer,0.0017712816514338
Bladder cancer,1,2,1.3106182355250202e-07,0.0201550054998154,2.055871742000032e-07,Bladder cancer,0.0017712816514338
Neutrophil extracellular trap formation,0,1,1.5026796694201987e-32,-0.0481633840487309,1.1358838446010951e-31,Neutrophil extracellular trap formation,0.0017712616689819
Neutrophil extracellular trap formation,0,2,3.835009373169595e-12,-0.0261471201356221,7.606630161658699e-12,Neutrophil extracellular trap formation,0.0017712616689819
Neutrophil extracellular trap formation,1,2,1.009398921370275e-08,0.0220162639131088,1.6970629851409177e-08,Neutrophil extracellular trap formation,0.0017712616689819
Glucagon signaling pathway,0,1,1.7890974518481304e-31,0.0264313288860769,1.2010724152267169e-30,Glucagon signaling pathway,0.0017604272218884
Glucagon signaling pathway,0,2,5.6551303147745205e-25,0.0283705862947655,2.2158877968096085e-24,Glucagon signaling pathway,0.0017604272218884
Relaxin signaling pathway,0,2,5.190016671575942e-29,0.0323692771867031,2.707834785170057e-28,Relaxin signaling pathway,0.0017417828907083
Relaxin signaling pathway,1,2,5.981033601760284e-20,0.0224727450916357,1.7667053100584224e-19,Relaxin signaling pathway,0.0017417828907083
Relaxin signaling pathway,0,1,3.131403037771449e-07,0.0098965320950674,4.825275949053918e-07,Relaxin signaling pathway,0.0017417828907083
Aldosterone-regulated sodium reabsorption,0,1,1.1596695673071094e-30,0.045065058123389,7.090973150412898e-30,Aldosterone-regulated sodium reabsorption,0.0017058392902333
Aldosterone-regulated sodium reabsorption,0,2,4.332823272454943e-22,0.0440287663267215,1.469791640126058e-21,Aldosterone-regulated sodium reabsorption,0.0017058392902333
Proximal tubule bicarbonate reclamation,0,1,3.3745554324450645e-30,0.0617162728363585,1.9633777061498557e-29,Proximal tubule bicarbonate reclamation,0.0016480870597481
Proximal tubule bicarbonate reclamation,0,2,2.2352076995439338e-21,0.0570006953677487,7.323547411475004e-21,Proximal tubule bicarbonate reclamation,0.0016480870597481
Thyroid hormone synthesis,0,2,6.030085719803818e-29,0.0354792106695928,3.127715163414673e-28,Thyroid hormone synthesis,0.0016356201324369
Thyroid hormone synthesis,0,1,1.036504403971326e-27,0.0261510713966503,4.975221139062364e-27,Thyroid hormone synthesis,0.0016356201324369
Thyroid hormone synthesis,1,2,0.0004719584983245,0.0093281392729425,0.0006240773531564,Thyroid hormone synthesis,0.0016356201324369
Primary immunodeficiency,1,2,2.3660384264784124e-24,0.1246410167479732,8.872644099294047e-24,Primary immunodeficiency,0.0015501086964918
Primary immunodeficiency,0,1,5.0827798523636895e-19,-0.0979995587270925,1.4184501913573085e-18,Primary immunodeficiency,0.0015501086964918
Primary immunodeficiency,0,2,0.0001720598963333,0.0266414580208807,0.0002323171596062,Primary immunodeficiency,0.0015501086964918
Bile secretion,0,1,5.466797147040947e-28,0.0348427273760828,2.6372488749544262e-27,Bile secretion,0.0015497887293515
Bile secretion,0,2,6.717621192700901e-18,0.032589991831171,1.8013732807242638e-17,Bile secretion,0.0015497887293515
Thyroid hormone signaling pathway,0,2,9.296877481947176e-24,0.0282862284647673,3.393537027630908e-23,Thyroid hormone signaling pathway,0.0014547592807812
Thyroid hormone signaling pathway,0,1,4.055039780932881e-21,0.0192524028540782,1.280538878189331e-20,Thyroid hormone signaling pathway,0.0014547592807812
Thyroid hormone signaling pathway,1,2,0.0001054176677457,0.0090338256106891,0.000144366563532,Thyroid hormone signaling pathway,0.0014547592807812
Insulin resistance,0,2,1.2022856642841235e-31,0.0358374035043981,8.128128434596892e-31,Insulin resistance,0.0014214212583665
Insulin resistance,0,1,5.187280768299386e-29,0.0305943732079094,2.707834785170057e-28,Insulin resistance,0.0014214212583665
Oocyte meiosis,0,2,3.5954210174014915e-27,-0.0298614943978302,1.6281151776912418e-26,Oocyte meiosis,0.0013526338015368
Oocyte meiosis,0,1,6.828512670004682e-21,-0.0223338472616792,2.1078367084258823e-20,Oocyte meiosis,0.0013526338015368
Autoimmune thyroid disease,1,2,1.2091101368670088e-27,0.0843005569437757,5.77485438503646e-27,Autoimmune thyroid disease,0.0013315585093215
Autoimmune thyroid disease,0,1,3.5117635850853114e-16,-0.0524752533808104,8.578353795628242e-16,Autoimmune thyroid disease,0.0013315585093215
Autoimmune thyroid disease,0,2,2.757098951240258e-09,0.0318253035629653,4.760458620846488e-09,Autoimmune thyroid disease,0.0013315585093215
Mineral absorption,0,2,8.944329592722289e-32,0.0462038983920009,6.177378711520431e-31,Mineral absorption,0.0013230452113823
Mineral absorption,0,1,1.0328533838462162e-22,0.0354605731598931,3.645364884163116e-22,Mineral absorption,0.0013230452113823
NOD-like receptor signaling pathway,1,2,8.990066390343533e-29,0.0354679130903386,4.6152212485186055e-28,NOD-like receptor signaling pathway,0.0013050750981988
NOD-like receptor signaling pathway,0,2,8.64883828719652e-14,0.0193048334608413,1.8870192626610592e-13,NOD-like receptor signaling pathway,0.0013050750981988
NOD-like receptor signaling pathway,0,1,7.863626475054482e-10,-0.0161630796294972,1.4057879731940978e-09,NOD-like receptor signaling pathway,0.0013050750981988
Pertussis,1,2,1.6489865061851056e-29,0.044292689486048,8.943655626766673e-29,Pertussis,0.001300156925691
Pertussis,0,2,2.8725907038871184e-14,0.030296094346245,6.488675472309726e-14,Pertussis,0.001300156925691
Pertussis,0,1,2.022992026253311e-06,-0.0139965951398029,3.044000541070813e-06,Pertussis,0.001300156925691
Platelet activation,0,2,6.422805730959744e-32,0.0401382761504205,4.5337452218539375e-31,Platelet activation,0.0012974130830879
Platelet activation,1,2,3.972908901995171e-28,0.0338495455629928,1.9459145642425327e-27,Platelet activation,0.0012974130830879
Drug metabolism,0,1,2.3946184408552783e-24,0.0374128341462347,8.944878222650067e-24,Drug metabolism,0.0012590462184956
Drug metabolism,0,2,7.961847415241044e-14,0.0286403536260574,1.7530673207870188e-13,Drug metabolism,0.0012590462184956
Arachidonic acid metabolism,0,2,8.294216915392501e-26,0.0465779514736781,3.5388658839008e-25,Arachidonic acid metabolism,0.0012085697150437
Arachidonic acid metabolism,0,1,3.98404069336407e-13,0.0283895162296599,8.314519707890233e-13,Arachidonic acid metabolism,0.0012085697150437
Arachidonic acid metabolism,1,2,7.071864500467751e-06,0.0181884352440181,1.0396615498390568e-05,Arachidonic acid metabolism,0.0012085697150437
RNA polymerase,0,2,1.2571754971906968e-27,-0.0394294854408168,5.9746954321934106e-27,RNA polymerase,0.0011395201871186
RNA polymerase,0,1,4.115837307989363e-15,-0.0250795291074027,9.613634588004352e-15,RNA polymerase,0.0011395201871186
RNA polymerase,1,2,3.674992442806106e-05,-0.014349956333414,5.165435937179886e-05,RNA polymerase,0.0011395201871186
Small cell lung cancer,0,2,3.06475336419946e-23,0.0273419943082317,1.0978221006087617e-22,Small cell lung cancer,0.0011373226417169
Small cell lung cancer,1,2,8.516792837464767e-18,0.0242983213309359,2.2711447566572716e-17,Small cell lung cancer,0.0011373226417169
Apoptosis,1,2,5.169904039979921e-25,0.0249043642239002,2.0340606058937395e-24,Apoptosis,0.0011252905092874
Apoptosis,0,1,2.010214275819694e-20,-0.018971046550643,6.030642827459083e-20,Apoptosis,0.0011252905092874
Proteasome,0,1,7.659088384041217e-32,-0.0415477757901361,5.366952444291656e-31,Proteasome,0.0011138140988044
Proteasome,0,2,1.4266401434748375e-24,-0.036686024085145,5.4133380938175664e-24,Proteasome,0.0011138140988044
Type I diabetes mellitus,1,2,8.518252177785913e-27,0.0812080436768851,3.8034986468253377e-26,Type I diabetes mellitus,0.0011036665338012
Type I diabetes mellitus,0,1,1.326368052009347e-19,-0.0580745194357283,3.8534364426029435e-19,Type I diabetes mellitus,0.0011036665338012
Type I diabetes mellitus,0,2,1.7646071367647974e-05,0.0231335242411567,2.524624219514464e-05,Type I diabetes mellitus,0.0011036665338012
Focal adhesion,0,2,2.0458642344368283e-49,0.0682924328942876,1.6366913875494623e-47,Focal adhesion,0.0011029712785418
Focal adhesion,0,1,1.9298008355020817e-25,0.0368077477600508,7.985382767594821e-25,Focal adhesion,0.0011029712785418
Focal adhesion,1,2,1.7331521532741115e-16,0.0314846851342368,4.3441933867967294e-16,Focal adhesion,0.0011029712785418
Dilated cardiomyopathy,0,2,8.887103164777435e-19,0.0376521239162948,2.465785849186803e-18,Dilated cardiomyopathy,0.0010952567523528
Dilated cardiomyopathy,0,1,6.942992880415623e-13,0.0256931707626603,1.4211669861831553e-12,Dilated cardiomyopathy,0.0010952567523528
Prostate cancer,0,2,7.602577336960571e-31,0.0395246728314747,4.833426651312682e-30,Prostate cancer,0.0010943964959279
Prostate cancer,1,2,1.1504006201018164e-13,0.0218610435943125,2.481763135500547e-13,Prostate cancer,0.0010943964959279
Prostate cancer,0,1,3.679510236775262e-13,0.0176636292371621,7.712510539965616e-13,Prostate cancer,0.0010943964959279
Proteoglycans in cancer,0,2,1.2925672126208595e-38,0.0405655202033773,2.3862779309923563e-37,Proteoglycans in cancer,0.0010792927250987
Proteoglycans in cancer,1,2,2.4571362263370644e-22,0.0251950268023866,8.48507473843015e-22,Proteoglycans in cancer,0.0010792927250987
Proteoglycans in cancer,0,1,2.7152407434608375e-13,0.0153704934009907,5.716296302022816e-13,Proteoglycans in cancer,0.0010792927250987
Various types of N-glycan biosynthesis,0,1,2.4854131437431933e-19,-0.0224593369845161,7.059161591696641e-19,Various types of N-glycan biosynthesis,0.0010641367290877
Various types of N-glycan biosynthesis,0,2,2.613950415701519e-19,-0.0260352329865251,7.402337460393682e-19,Various types of N-glycan biosynthesis,0.0010641367290877
GnRH signaling pathway,0,2,8.484042021907282e-35,0.0342801983728754,7.984980726500973e-34,GnRH signaling pathway,0.001059862018883
GnRH signaling pathway,0,1,9.734932010288254e-26,0.0207983772172886,4.098918741174002e-25,GnRH signaling pathway,0.001059862018883
GnRH signaling pathway,1,2,1.1034440514700759e-10,0.0134818211555867,2.0449928367012995e-10,GnRH signaling pathway,0.001059862018883
Notch signaling pathway,0,2,1.562351584803627e-34,0.0404151279881495,1.428435734677602e-33,Notch signaling pathway,0.0010509357525134
Notch signaling pathway,0,1,8.014999234698964e-24,0.027985641255422,2.9480456955214586e-23,Notch signaling pathway,0.0010509357525134
Notch signaling pathway,1,2,9.678146275947104e-06,0.0124294867327275,1.4098665288177877e-05,Notch signaling pathway,0.0010509357525134
Long-term depression,0,2,2.988638992332916e-21,0.0320160747941969,9.660247247944778e-21,Long-term depression,0.0010426786635538
Long-term depression,0,1,8.055265004568738e-13,0.0176861302323195,1.6383589839800825e-12,Long-term depression,0.0010426786635538
Long-term depression,1,2,1.469188145848016e-06,0.0143299445618774,2.228152638252915e-06,Long-term depression,0.0010426786635538
Cardiac muscle contraction,1,2,1.7626324558983476e-07,-0.0150035986371744,2.755907422902954e-07,Cardiac muscle contraction,0.0010239792193867
Cardiac muscle contraction,0,1,0.0003312301709232,0.0079545441213243,0.0004422544702174,Cardiac muscle contraction,0.0010239792193867
Prolactin signaling pathway,0,2,6.302429190945128e-31,0.0330880133496728,4.060625518998204e-30,Prolactin signaling pathway,0.0010144667903536
Prolactin signaling pathway,0,1,2.9421835208322122e-18,0.0183592859179245,8.024136874996943e-18,Prolactin signaling pathway,0.0010144667903536
Prolactin signaling pathway,1,2,9.309826910666283e-10,0.0147287274317482,1.6368926436336323e-09,Prolactin signaling pathway,0.0010144667903536
Glutamatergic synapse,0,1,3.224974559390968e-23,0.0213508938058797,1.1509202888532822e-22,Glutamatergic synapse,0.0010106344825072
Glutamatergic synapse,0,2,3.098847047173065e-15,0.0255485514243294,7.2914048168778e-15,Glutamatergic synapse,0.0010106344825072
Bacterial invasion of epithelial cells,1,2,3.220633495671758e-20,0.0192362022181934,9.6018886827481e-20,Bacterial invasion of epithelial cells,0.0009920046760806
Bacterial invasion of epithelial cells,0,2,1.3539753226935725e-19,0.0183362303486241,3.91296719920042e-19,Bacterial invasion of epithelial cells,0.0009920046760806
Ubiquinone and other terpenoid-quinone biosynthesis,0,1,3.84297240314335e-16,0.047980427742959,9.363587581262985e-16,Ubiquinone and other terpenoid-quinone biosynthesis,0.0009857377389234
Ubiquinone and other terpenoid-quinone biosynthesis,1,2,3.3717155982092797e-10,-0.0351154481915874,6.118803354028181e-10,Ubiquinone and other terpenoid-quinone biosynthesis,0.0009857377389234
Asthma,1,2,2.784828547260969e-28,0.1008399754738223,1.385199691901829e-27,Asthma,0.0009582760639166
Asthma,0,1,5.592148179900946e-15,-0.0528869381572965,1.2973176482045571e-14,Asthma,0.0009582760639166
Asthma,0,2,8.925776091046126e-10,0.0479530373165257,1.574714131187833e-09,Asthma,0.0009582760639166
Pancreatic cancer,1,2,5.608905880071482e-18,0.0182704343678871,1.5210592217143e-17,Pancreatic cancer,0.0009562868253344
Pancreatic cancer,0,1,2.505827332754696e-07,-0.0087629980173125,3.8925473130170025e-07,Pancreatic cancer,0.0009562868253344
Pancreatic cancer,0,2,8.122470135866103e-07,0.0095074363505746,1.2396774770161304e-06,Pancreatic cancer,0.0009562868253344
Melanogenesis,0,2,1.142506939691404e-36,0.0345304460889493,1.5233425862552052e-35,Melanogenesis,0.0009548534375246
Melanogenesis,0,1,5.8455497332813136e-18,0.0166259156314277,1.5763280179635e-17,Melanogenesis,0.0009548534375246
Melanogenesis,1,2,9.24643741068774e-14,0.0179045304575216,2.0082759987014097e-13,Melanogenesis,0.0009548534375246
Neurotrophin signaling pathway,0,2,3.677840118945727e-36,0.0289125103792898,4.4692740685922757e-35,Neurotrophin signaling pathway,0.0009516089060368
Neurotrophin signaling pathway,0,1,2.3175140744320387e-22,0.0167763772712983,8.060918519763613e-22,Neurotrophin signaling pathway,0.0009516089060368
Neurotrophin signaling pathway,1,2,7.110668555361121e-11,0.0121361331079914,1.3280626095616102e-10,Neurotrophin signaling pathway,0.0009516089060368
Metabolism of xenobiotics by cytochrome P450,0,1,5.74521588286786e-26,0.06195708066734,2.46223537837194e-25,Metabolism of xenobiotics by cytochrome P450,0.0009407739035125
Metabolism of xenobiotics by cytochrome P450,0,2,6.991180069661662e-17,0.0504956072536175,1.7755377954696286e-16,Metabolism of xenobiotics by cytochrome P450,0.0009407739035125
Gastric cancer,0,2,3.408774715192864e-40,0.0304362748140265,7.113964623011192e-39,Gastric cancer,0.0009195096567367
Gastric cancer,0,1,5.726380364006721e-18,0.0168237815923995,1.5485422956187188e-17,Gastric cancer,0.0009195096567367
Gastric cancer,1,2,9.668504889868096e-11,0.013612493221627,1.7953123199755068e-10,Gastric cancer,0.0009195096567367
Synthesis and degradation of ketone bodies,0,1,8.635536528156482e-26,0.0731828822596938,3.668192507535497e-25,Synthesis and degradation of ketone bodies,0.0009117817053957
Synthesis and degradation of ketone bodies,0,2,2.4886423141613755e-08,0.0379771427374477,4.0630894925083686e-08,Synthesis and degradation of ketone bodies,0.0009117817053957
Synthesis and degradation of ketone bodies,1,2,7.294979674567035e-07,-0.035205739522246,1.1151561285962348e-06,Synthesis and degradation of ketone bodies,0.0009117817053957
Olfactory transduction,0,1,1.1816455588883052e-25,0.0097157224273113,4.9536233036365625e-25,Olfactory transduction,0.0008739369872153
Olfactory transduction,0,2,2.636449402887019e-16,0.0081916908585151,6.506404696070793e-16,Olfactory transduction,0.0008739369872153
HIF-1 signaling pathway,0,2,1.1977485832078691e-22,0.0287407744365673,4.2118631497419574e-22,HIF-1 signaling pathway,0.0008724122592093
HIF-1 signaling pathway,1,2,2.969182113923226e-16,0.018504096651829,7.308755972734095e-16,HIF-1 signaling pathway,0.0008724122592093
HIF-1 signaling pathway,0,1,2.7382675566769205e-06,0.0102366777847383,4.113829193129646e-06,HIF-1 signaling pathway,0.0008724122592093
Hippo signaling pathway,0,2,2.495021010548606e-27,0.0277332860352961,1.1515481587147412e-26,Hippo signaling pathway,0.0008438946576906
Hippo signaling pathway,1,2,6.092444860998968e-15,0.0188479009497637,1.4025772341868127e-14,Hippo signaling pathway,0.0008438946576906
Hippo signaling pathway,0,1,1.337291216999514e-05,0.0088853850855323,1.927626979458759e-05,Hippo signaling pathway,0.0008438946576906
Glycerolipid metabolism,0,2,1.5287371969565798e-21,0.0324123396879587,5.025985305062729e-21,Glycerolipid metabolism,0.0008145245731936
Glycerolipid metabolism,0,1,1.3286327734391396e-19,0.0254471384908277,3.8534364426029435e-19,Glycerolipid metabolism,0.0008145245731936
Cholesterol metabolism,0,2,8.550155372352096e-32,0.0603947338117203,5.947934172071025e-31,Cholesterol metabolism,0.0008073283310581
Cholesterol metabolism,0,1,2.442601764833074e-22,0.0345108509378611,8.46533463624459e-22,Cholesterol metabolism,0.0008073283310581
Cholesterol metabolism,1,2,6.278397924044237e-11,0.0258838828738592,1.1771996107582944e-10,Cholesterol metabolism,0.0008073283310581
FoxO signaling pathway,0,2,1.9686447960380703e-35,0.0369414314299822,2.0321494668780083e-34,FoxO signaling pathway,0.000803453893972
FoxO signaling pathway,0,1,2.887021804723529e-24,0.0231849933291555,1.0700930241446285e-23,FoxO signaling pathway,0.000803453893972
FoxO signaling pathway,1,2,2.33169872887014e-09,0.0137564381008267,4.04048877204934e-09,FoxO signaling pathway,0.000803453893972
Serotonergic synapse,0,1,3.905348419567487e-25,0.0216049436516177,1.5686755158095344e-24,Serotonergic synapse,0.0007744155374573
Serotonergic synapse,0,2,4.71838810571269e-21,0.0268584280387485,1.4802786214000597e-20,Serotonergic synapse,0.0007744155374573
Basal cell carcinoma,0,2,3.3776802258543334e-14,0.0243253106456057,7.576105179486353e-14,Basal cell carcinoma,0.0007645487685535
Basal cell carcinoma,1,2,3.34320337591054e-06,0.0163564172709234,5.006981655029826e-06,Basal cell carcinoma,0.0007645487685535
Vitamin digestion and absorption,0,1,7.601697115023645e-17,0.0310910956367902,1.920428744848079e-16,Vitamin digestion and absorption,0.0007593361165558
Vitamin digestion and absorption,0,2,1.2818849920523636e-05,0.0194149213088457,1.85054074040642e-05,Vitamin digestion and absorption,0.0007593361165558
Progesterone-mediated oocyte maturation,0,2,4.180063435513852e-26,-0.0331818226659916,1.8075949991411248e-25,Progesterone-mediated oocyte maturation,0.0007418252086064
Progesterone-mediated oocyte maturation,0,1,3.1403930625266863e-22,-0.0287431825172312,1.0805653548478919e-21,Progesterone-mediated oocyte maturation,0.0007418252086064
Ribosome biogenesis in eukaryotes,0,2,1.3573104972226456e-19,-0.0331261786301561,3.91296719920042e-19,Ribosome biogenesis in eukaryotes,0.0007414271082461
Ribosome biogenesis in eukaryotes,0,1,1.6578454728958174e-12,-0.0249053811856451,3.350398341982228e-12,Ribosome biogenesis in eukaryotes,0.0007414271082461
Glioma,0,2,4.2893395101318685e-29,0.027989915257377,2.2625087525970297e-28,Glioma,0.0007320723639653
Glioma,1,2,6.234062716187975e-15,0.0194415763349689,1.43174646113408e-14,Glioma,0.0007320723639653
Glioma,0,1,7.590011345874797e-05,0.0085483389224081,0.0001046898116672,Glioma,0.0007320723639653
Non-small cell lung cancer,0,2,4.255987251457151e-28,0.0250067087983827,2.0635089704034672e-27,Non-small cell lung cancer,0.0007177616171308
Non-small cell lung cancer,1,2,9.64601268021246e-16,0.0198415858197923,2.32667642537788e-15,Non-small cell lung cancer,0.0007177616171308
Salivary secretion,0,2,1.5329844129415357e-29,0.036889408383331,8.361733161499285e-29,Salivary secretion,0.0007151987206635
Salivary secretion,0,1,7.463350685590793e-14,0.0201633943433914,1.64708428923383e-13,Salivary secretion,0.0007151987206635
Salivary secretion,1,2,2.16282864669822e-08,0.0167260140399395,3.560054426193625e-08,Salivary secretion,0.0007151987206635
Ether lipid metabolism,0,2,3.0714218732911628e-33,0.035835830011077,2.4987838969148444e-32,Ether lipid metabolism,0.0007101003268157
Ether lipid metabolism,0,1,1.5994503189098154e-13,0.0204258568863263,3.41216068034094e-13,Ether lipid metabolism,0.0007101003268157
Ether lipid metabolism,1,2,2.843478340585715e-07,0.0154099731247506,4.395715309118013e-07,Ether lipid metabolism,0.0007101003268157
Hepatocellular carcinoma,0,2,2.2304463186147292e-30,0.0213858968266387,1.3136370956258525e-29,Hepatocellular carcinoma,0.0006848246102352
Hepatocellular carcinoma,0,1,5.84401727708965e-11,0.0107275103934916,1.1000503109815811e-10,Hepatocellular carcinoma,0.0006848246102352
Hepatocellular carcinoma,1,2,6.044131965053006e-09,0.010658386433147,1.0251531248146442e-08,Hepatocellular carcinoma,0.0006848246102352
Amyotrophic lateral sclerosis,0,2,1.1031984265372381e-30,-0.0146922933736532,6.788913394075309e-30,Amyotrophic lateral sclerosis,0.000676902644694
Amyotrophic lateral sclerosis,0,1,4.9541217585680336e-17,-0.0093684768136907,1.2682551701934168e-16,Amyotrophic lateral sclerosis,0.000676902644694
Amyotrophic lateral sclerosis,1,2,2.734437746922409e-07,-0.0053238165599624,4.233968124266955e-07,Amyotrophic lateral sclerosis,0.000676902644694
"Growth hormone synthesis, secretion and action",0,2,1.0900172711439164e-34,0.0364895639512688,1.0159384274739417e-33,"Growth hormone synthesis, secretion and action",0.0006767844039812
"Growth hormone synthesis, secretion and action",0,1,1.4794437893602718e-26,0.0241456532547711,6.485233049250506e-26,"Growth hormone synthesis, secretion and action",0.0006767844039812
"Growth hormone synthesis, secretion and action",1,2,1.1824419077988297e-07,0.0123439106964976,1.8578465327117453e-07,"Growth hormone synthesis, secretion and action",0.0006767844039812
Ovarian steroidogenesis,0,1,2.343999600003348e-21,0.0420733870045564,7.65387624490889e-21,Ovarian steroidogenesis,0.0006687678423325
Ovarian steroidogenesis,0,2,5.671409320078205e-17,0.0420770706113315,1.4480194008710311e-16,Ovarian steroidogenesis,0.0006687678423325
Long-term potentiation,0,2,2.7295397276031485e-24,0.0319926545285196,1.0156426893407065e-23,Long-term potentiation,0.0006683289316082
Long-term potentiation,0,1,7.364669135632215e-21,0.0196938489083149,2.266052041732989e-20,Long-term potentiation,0.0006683289316082
Long-term potentiation,1,2,5.5271919983019945e-06,0.0122988056202046,8.175815590708651e-06,Long-term potentiation,0.0006683289316082
Type II diabetes mellitus,0,2,1.0064140583883852e-20,0.0334586082986554,3.086765163108146e-20,Type II diabetes mellitus,0.000663755575837
Type II diabetes mellitus,0,1,1.4845216302076017e-20,0.0296766173186999,4.495712192426806e-20,Type II diabetes mellitus,0.000663755575837
MicroRNAs in cancer,0,2,5.912604474165291e-22,0.0290219163147186,1.979415832600108e-21,MicroRNAs in cancer,0.0006330790179259
MicroRNAs in cancer,1,2,2.916699885557482e-17,0.025788268039134,7.567653757122115e-17,MicroRNAs in cancer,0.0006330790179259
Fat digestion and absorption,0,1,7.86594359650238e-18,0.0361089158337622,2.103427814106486e-17,Fat digestion and absorption,0.0006248217987214
Fat digestion and absorption,0,2,3.140253282337916e-16,0.0419685626658506,7.710084785279794e-16,Fat digestion and absorption,0.0006248217987214
Colorectal cancer,1,2,8.675636054519549e-14,0.0172953280644322,1.8885738349974531e-13,Colorectal cancer,0.0006213366556595
Colorectal cancer,0,2,1.346410188461243e-12,0.0165809275038859,2.726906710807581e-12,Colorectal cancer,0.0006213366556595
TGF-beta signaling pathway,0,2,4.65934140164563e-25,0.0422281386415656,1.848333779165209e-24,TGF-beta signaling pathway,0.0006204003702153
TGF-beta signaling pathway,0,1,3.682642314652108e-09,0.0201140155710314,6.338234477158485e-09,TGF-beta signaling pathway,0.0006204003702153
TGF-beta signaling pathway,1,2,1.7196572582428332e-08,0.0221141230705342,2.8512451950140235e-08,TGF-beta signaling pathway,0.0006204003702153
Complement and coagulation cascades,0,2,3.0736187475638586e-14,0.0570885107662807,6.9264647832425e-14,Complement and coagulation cascades,0.0006203524698301
Complement and coagulation cascades,1,2,4.30038844209433e-14,0.0515977280227435,9.556418760209621e-14,Complement and coagulation cascades,0.0006203524698301
Epithelial cell signaling in Helicobacter pylori infection,0,2,6.278248633001134e-35,0.0334001726098294,6.0879986744253445e-34,Epithelial cell signaling in Helicobacter pylori infection,0.0006025109498688
Epithelial cell signaling in Helicobacter pylori infection,1,2,3.20299958063604e-15,0.0206285588424861,7.518043025453785e-15,Epithelial cell signaling in Helicobacter pylori infection,0.0006025109498688
Epithelial cell signaling in Helicobacter pylori infection,0,1,4.136284385258431e-08,0.0127716137673432,6.696177082374526e-08,Epithelial cell signaling in Helicobacter pylori infection,0.0006025109498688
Riboflavin metabolism,0,1,1.296989460878789e-13,-0.0452473635226273,2.779263130454548e-13,Riboflavin metabolism,0.0005981939961648
Riboflavin metabolism,0,2,5.190032781182646e-13,-0.0486222203786686,1.0737998857619268e-12,Riboflavin metabolism,0.0005981939961648
RNA transport,0,2,3.6879206931045336e-31,-0.0286290197875079,2.4416578381933467e-30,RNA transport,0.0005935204058622
RNA transport,0,1,5.9436141470989005e-15,-0.0182747058218084,1.3716032647151311e-14,RNA transport,0.0005935204058622
RNA transport,1,2,1.280083739609502e-05,-0.0103543139656995,1.85054074040642e-05,RNA transport,0.0005935204058622
Lysine degradation,0,1,2.62825792155996e-12,0.0198917141126458,5.267489780161924e-12,Lysine degradation,0.0005901472960645
Lysine degradation,0,2,1.7183819528715972e-06,0.0130489715299334,2.5937840798061844e-06,Lysine degradation,0.0005901472960645
Nucleotide excision repair,0,2,4.139790706874251e-37,-0.0405896461464992,6.114152428614278e-36,Nucleotide excision repair,0.0005875711119323
Nucleotide excision repair,0,1,2.810644957714816e-17,-0.0214994952420099,7.332117280995172e-17,Nucleotide excision repair,0.0005875711119323
Nucleotide excision repair,1,2,7.772073052482885e-12,-0.0190901509044893,1.5134259899358154e-11,Nucleotide excision repair,0.0005875711119323
Synaptic vesicle cycle,0,2,5.760134131709428e-22,-0.0326286438371505,1.940255707523176e-21,Synaptic vesicle cycle,0.0005845893901384
Synaptic vesicle cycle,0,1,3.5397387537677524e-14,-0.0169241508856108,7.92109371472504e-14,Synaptic vesicle cycle,0.0005845893901384
Synaptic vesicle cycle,1,2,3.112283764331418e-08,-0.0157044929515396,5.072652654937457e-08,Synaptic vesicle cycle,0.0005845893901384
Morphine addiction,0,2,8.541338748841055e-30,0.0450680869902116,4.73970242710255e-29,Morphine addiction,0.0005806307719451
Morphine addiction,0,1,9.183222212625965e-22,0.030920086467564,3.0610740708753218e-21,Morphine addiction,0.0005806307719451
Morphine addiction,1,2,2.1875885213188124e-08,0.0141480005226476,3.583762765300443e-08,Morphine addiction,0.0005806307719451
Collecting duct acid secretion,0,2,4.779048728431666e-13,-0.0222296756553677,9.930490864273592e-13,Collecting duct acid secretion,0.000576489583934
Collecting duct acid secretion,0,1,8.498726868487707e-09,-0.015574436607986,1.436404541152852e-08,Collecting duct acid secretion,0.000576489583934
Spliceosome,0,2,5.14397889427874e-13,-0.0179198595190283,1.0665701379066068e-12,Spliceosome,0.0005763263897258
Spliceosome,0,1,1.4662696549992974e-08,-0.0124311595908466,2.4522976808350623e-08,Spliceosome,0.0005763263897258
Human papillomavirus infection,0,2,6.856565714776434e-20,0.0188613585628888,2.0191113761304836e-19,Human papillomavirus infection,0.0005713522085655
Human papillomavirus infection,1,2,2.077146201532169e-19,0.0179252423511542,5.934703432949055e-19,Human papillomavirus infection,0.0005713522085655
One carbon pool by folate,0,2,5.943035371160077e-11,-0.0292621771086914,1.1164997957561007e-10,One carbon pool by folate,0.0005661297041922
One carbon pool by folate,0,1,1.0200486584280902e-07,-0.0239069987949452,1.613256527332729e-07,One carbon pool by folate,0.0005661297041922
Peroxisome,1,2,3.987211955459262e-11,-0.0238386698448271,7.549750448206887e-11,Peroxisome,0.0005600198903907
Peroxisome,0,1,7.942832769526428e-08,0.0180479619657256,1.2645305901733617e-07,Peroxisome,0.0005600198903907
Pancreatic secretion,0,2,4.591870366581199e-21,0.0334474683379624,1.4453100170222792e-20,Pancreatic secretion,0.0005494041870577
Pancreatic secretion,0,1,9.060683021856704e-20,0.02696954241696,2.6438467176238405e-19,Pancreatic secretion,0.0005494041870577
Endometrial cancer,0,2,3.4324870701258497e-25,0.0256089525362577,1.3900753568898142e-24,Endometrial cancer,0.0005492095010025
Endometrial cancer,0,1,1.2927660463785202e-10,0.0120603516863904,2.386645008698807e-10,Endometrial cancer,0.0005492095010025
Endometrial cancer,1,2,3.564968862200716e-10,0.0135486008498673,6.457302090023937e-10,Endometrial cancer,0.0005492095010025
Renal cell carcinoma,0,2,7.640753378607612e-11,0.0159635223179269,1.4242957754297684e-10,Renal cell carcinoma,0.0005344887613296
Renal cell carcinoma,1,2,1.5567750067539256e-10,0.0157314103690186,2.857560241842769e-10,Renal cell carcinoma,0.0005344887613296
Nicotine addiction,0,1,1.0757106745637086e-09,0.0198003908739599,1.887901732323876e-09,Nicotine addiction,0.0005266787209985
Nicotine addiction,0,2,0.0001297521785209,0.0165189075884111,0.0001764335571956,Nicotine addiction,0.0005266787209985
Cortisol synthesis and secretion,0,1,1.0227728708496583e-13,0.0244351169024954,2.2163926772362798e-13,Cortisol synthesis and secretion,0.0005164125909455
Cortisol synthesis and secretion,0,2,2.887690063386203e-10,0.0229318138326413,5.250345569793094e-10,Cortisol synthesis and secretion,0.0005164125909455
Steroid hormone biosynthesis,0,1,9.71421759408885e-16,0.0422950142428341,2.3372553609837838e-15,Steroid hormone biosynthesis,0.0005144782236761
Steroid hormone biosynthesis,0,2,1.5307634804217073e-08,0.0325283150614276,2.5546738816883418e-08,Steroid hormone biosynthesis,0.0005144782236761
Glycerophospholipid metabolism,0,1,1.791594347979923e-17,0.0152414463391306,4.7121385590704826e-17,Glycerophospholipid metabolism,0.0005073212748557
Glycerophospholipid metabolism,0,2,1.4062463514130666e-13,0.0142374468546809,3.0066737134889624e-13,Glycerophospholipid metabolism,0.0005073212748557
Oxidative phosphorylation,0,2,1.9529514815455333e-19,-0.0306996945708362,5.613273719412312e-19,Oxidative phosphorylation,0.0005035748179897
Oxidative phosphorylation,1,2,6.380665861962572e-09,-0.0164583108232865,1.0803243787449861e-08,Oxidative phosphorylation,0.0005035748179897
Oxidative phosphorylation,0,1,1.8782377346685804e-06,-0.0142413837475496,2.830625157428316e-06,Oxidative phosphorylation,0.0005035748179897
IL-17 signaling pathway,1,2,2.9574308210310107e-15,0.0384478453361467,6.992939872388596e-15,IL-17 signaling pathway,0.0005035036326975
IL-17 signaling pathway,0,1,5.298755687440299e-10,-0.024993768286449,9.54372506555851e-10,IL-17 signaling pathway,0.0005035036326975
Biosynthesis of unsaturated fatty acids,1,2,1.7168020662212822e-06,-0.0242519479769851,2.5937840798061844e-06,Biosynthesis of unsaturated fatty acids,0.0004902079104298
Biosynthesis of unsaturated fatty acids,0,2,1.0324273980262836e-05,-0.0261976571211223,1.4971756829384171e-05,Biosynthesis of unsaturated fatty acids,0.0004902079104298
Ascorbate and aldarate metabolism,0,1,1.1779434475242652e-23,0.0619303083707439,4.283430718270055e-23,Ascorbate and aldarate metabolism,0.0004866798265172
Ascorbate and aldarate metabolism,0,2,1.6437106521350538e-10,0.0498801261864652,3.011378293987885e-10,Ascorbate and aldarate metabolism,0.0004866798265172
Mitophagy,0,1,1.998007004831921e-14,0.0117181619674119,4.556025474201055e-14,Mitophagy,0.0004851741081154
Mitophagy,0,2,7.010540380946073e-13,0.0132087851488729,1.431940162916645e-12,Mitophagy,0.0004851741081154
Non-homologous end-joining,0,2,2.5184357114928807e-21,-0.0326115060803555,8.167899604841776e-21,Non-homologous end-joining,0.0004845970659316
Non-homologous end-joining,0,1,1.3480255078129967e-16,-0.0235940327822789,3.3877080824619816e-16,Non-homologous end-joining,0.0004845970659316
Carbohydrate digestion and absorption,0,2,3.2216982488639e-21,0.0267819368602157,1.037862523123941e-20,Carbohydrate digestion and absorption,0.0004827761211615
Carbohydrate digestion and absorption,0,1,1.9166738899480385e-07,0.0124073562666416,2.9918811940652306e-07,Carbohydrate digestion and absorption,0.0004827761211615
Carbohydrate digestion and absorption,1,2,2.2270419714915594e-07,0.0143745805935741,3.465089615286705e-07,Carbohydrate digestion and absorption,0.0004827761211615
Amino sugar and nucleotide sugar metabolism,0,1,1.867076484018763e-27,-0.0404262599814155,8.743382559307378e-27,Amino sugar and nucleotide sugar metabolism,0.00048153197335
Amino sugar and nucleotide sugar metabolism,0,2,3.948061218884843e-21,-0.0376134251260017,1.2550128377912083e-20,Amino sugar and nucleotide sugar metabolism,0.00048153197335
mTOR signaling pathway,0,1,8.91648294711898e-08,0.0069497837885227,1.4148468808651606e-07,mTOR signaling pathway,0.000479004046468
mTOR signaling pathway,0,2,9.148887298162124e-05,0.0055125767228607,0.0001256499543095,mTOR signaling pathway,0.000479004046468
Endocytosis,0,2,6.162035585167817e-12,0.0086821187791196,1.2053605049589714e-11,Endocytosis,0.0004705230184755
Endocytosis,1,2,8.939783348930927e-10,0.0077469021291679,1.574714131187833e-09,Endocytosis,0.0004705230184755
Ferroptosis,0,2,3.3238332890063586e-27,0.0410268706815858,1.5194666464029067e-26,Ferroptosis,0.0004677536790171
Ferroptosis,1,2,2.6116193813451596e-16,0.0270594290658832,6.461738675493178e-16,Ferroptosis,0.0004677536790171
Ferroptosis,0,1,8.662737112681513e-07,0.0139674416157026,1.3200361314562303e-06,Ferroptosis,0.0004677536790171
Axon guidance,0,2,4.132918373347436e-38,0.0341853585311262,6.840692480023342e-37,Axon guidance,0.0004666441729421
Axon guidance,0,1,4.987782419858735e-19,0.0173876398969248,1.395997411972124e-18,Axon guidance,0.0004666441729421
Axon guidance,1,2,8.469298115143079e-14,0.0167977186342014,1.856284518387524e-13,Axon guidance,0.0004666441729421
Sphingolipid signaling pathway,1,2,6.795977524875813e-17,0.0151668332267358,1.730540695989597e-16,Sphingolipid signaling pathway,0.0004632291533777
Sphingolipid signaling pathway,0,2,3.1729758325488124e-12,0.0128114827317413,6.319619915449917e-12,Sphingolipid signaling pathway,0.0004632291533777
p53 signaling pathway,0,1,3.269532384379316e-19,-0.0238025488708033,9.231620850012184e-19,p53 signaling pathway,0.0004477810331311
p53 signaling pathway,0,2,2.7000987320266866e-07,-0.0151825909256435,4.1875521530623897e-07,p53 signaling pathway,0.0004477810331311
Inositol phosphate metabolism,0,1,5.711185364542864e-15,0.0178598242638503,1.3211416746894334e-14,Inositol phosphate metabolism,0.0004471148296984
Inositol phosphate metabolism,0,2,1.1633868979704798e-13,0.0198199710408233,2.5041511705194186e-13,Inositol phosphate metabolism,0.0004471148296984
Caffeine metabolism,1,2,0.0006380247278689,-0.0602413725075398,0.0008378984114283,Caffeine metabolism,0.0004436023424148
Chronic myeloid leukemia,1,2,5.594682357882152e-15,0.0171090401055868,1.2973176482045571e-14,Chronic myeloid leukemia,0.0004312364605444
Chronic myeloid leukemia,0,2,4.241849720223153e-14,0.0170097105076315,9.44820355316526e-14,Chronic myeloid leukemia,0.0004312364605444
Citrate cycle (TCA cycle),0,1,6.571554112649944e-13,0.0281976904853049,1.3508976334355344e-12,Citrate cycle (TCA cycle),0.0004265538415783
Citrate cycle (TCA cycle),0,2,3.4810858689101263e-06,0.0201799585542142,5.2053620469684135e-06,Citrate cycle (TCA cycle),0.0004265538415783
Tryptophan metabolism,0,2,1.6727598793234277e-24,0.0427284186027545,6.3222420635846095e-24,Tryptophan metabolism,0.0004202636971313
Tryptophan metabolism,0,1,2.2329799321506288e-14,0.0286079529849021,5.0752523061263283e-14,Tryptophan metabolism,0.0004202636971313
Tryptophan metabolism,1,2,1.563765607800264e-05,0.0141204656178523,2.250697126669046e-05,Tryptophan metabolism,0.0004202636971313
N-Glycan biosynthesis,0,1,5.059794698564258e-21,-0.0234848770171416,1.582215931798595e-20,N-Glycan biosynthesis,0.0004121435493402
N-Glycan biosynthesis,0,2,2.646782732113095e-18,-0.024633749520534,7.239063882702484e-18,N-Glycan biosynthesis,0.0004121435493402
Ribosome,0,2,1.2400947484142017e-13,-0.0157432240968837,2.663290734849292e-13,Ribosome,0.0004114868056399
Ribosome,0,1,3.100062737397233e-07,-0.0102925492408188,4.784662745822096e-07,Ribosome,0.0004114868056399
Insulin secretion,0,1,2.84574967968808e-17,0.017703050178902,7.403576402440533e-17,Insulin secretion,0.0004085062739563
Insulin secretion,0,2,1.1001208213164741e-07,0.0150423876455552,1.7313376860062545e-07,Insulin secretion,0.0004085062739563
Huntington disease,0,2,2.7181085742537334e-25,-0.0164628469725521,1.1151214663605061e-24,Huntington disease,0.0004082227907587
Huntington disease,0,1,8.17755096092887e-10,-0.0090743491723149,1.456484030146886e-09,Huntington disease,0.0004082227907587
Huntington disease,1,2,3.690156304425735e-08,-0.0073884978002371,5.99416252495551e-08,Huntington disease,0.0004082227907587
Cholinergic synapse,0,2,6.257238724144541e-19,0.0242189046717671,1.7411446884576116e-18,Cholinergic synapse,0.0004081419894018
Cholinergic synapse,1,2,1.532804329013005e-08,0.0139240432635247,2.5546738816883418e-08,Cholinergic synapse,0.0004081419894018
Cholinergic synapse,0,1,1.6658219909935996e-08,0.0102948614082424,2.7667631684322764e-08,Cholinergic synapse,0.0004081419894018
Hedgehog signaling pathway,0,1,1.734877967854702e-17,0.0334640020890834,4.57550233280361e-17,Hedgehog signaling pathway,0.0004062271444092
Hedgehog signaling pathway,0,2,2.4552337550453853e-17,0.0365943076626042,6.422409822462044e-17,Hedgehog signaling pathway,0.0004062271444092
Galactose metabolism,0,1,8.838814502816595e-07,-0.0199525728678282,1.3447324758643312e-06,Galactose metabolism,0.0004014142156728
Galactose metabolism,1,2,0.0003264220213982,0.0148740178625517,0.0004364416999196,Galactose metabolism,0.0004014142156728
Renin-angiotensin system,0,2,4.004763855266575e-17,0.0585823227503966,1.0334874465204064e-16,Renin-angiotensin system,0.0003989599726996
Renin-angiotensin system,0,1,1.806217853421728e-08,0.0372166145416357,2.9793284180152214e-08,Renin-angiotensin system,0.0003989599726996
Renin-angiotensin system,1,2,0.00057266488938,0.0213657082087609,0.0007551624914901,Renin-angiotensin system,0.0003989599726996
"Phenylalanine, tyrosine and tryptophan biosynthesis",0,2,0.0006084096741647,0.0337196544616108,0.000800100393422,"Phenylalanine, tyrosine and tryptophan biosynthesis",0.0003942302441146
Cytosolic DNA-sensing pathway,0,1,1.2880225175240899e-24,-0.0390144860967992,4.9067524477108195e-24,Cytosolic DNA-sensing pathway,0.0003878852651595
Cytosolic DNA-sensing pathway,1,2,8.017750194433083e-14,0.0304775279962802,1.7613364271523478e-13,Cytosolic DNA-sensing pathway,0.0003878852651595
Fatty acid elongation,1,2,7.005010447954614e-12,-0.0259908816900603,1.3668313069179735e-11,Fatty acid elongation,0.0003807446396062
Fatty acid elongation,0,2,0.000218902498414,-0.0170187706971765,0.0002943226869432,Fatty acid elongation,0.0003807446396062
Legionellosis,1,2,5.346623468872225e-13,0.0245866814799627,1.103819038734911e-12,Legionellosis,0.0003798314309746
Legionellosis,0,1,6.094560666727094e-06,-0.0145965288913279,8.987370568445486e-06,Legionellosis,0.0003798314309746
Other glycan degradation,0,2,3.842071096106497e-05,-0.0163392119223921,5.3766592598574886e-05,Other glycan degradation,0.00037004794758
Other glycan degradation,0,1,0.0001857259956621,-0.0125456463927575,0.0002504170728029,Other glycan degradation,0.00037004794758
Inflammatory mediator regulation of TRP channels,0,2,1.5408227715183013e-35,0.0336476466978779,1.6133714034277832e-34,Inflammatory mediator regulation of TRP channels,0.0003649012601076
Inflammatory mediator regulation of TRP channels,0,1,3.952569005490616e-16,0.0167060245738648,9.58198546785604e-16,Inflammatory mediator regulation of TRP channels,0.0003649012601076
Inflammatory mediator regulation of TRP channels,1,2,1.8688441537235956e-13,0.0169416221240131,3.969226521182858e-13,Inflammatory mediator regulation of TRP channels,0.0003649012601076
Signaling pathways regulating pluripotency of stem cells,0,2,1.2363741679770735e-35,0.0305899525029741,1.333617080065158e-34,Signaling pathways regulating pluripotency of stem cells,0.0003643169067947
Signaling pathways regulating pluripotency of stem cells,0,1,3.0589868011203913e-20,0.0199011521421443,9.14837174166846e-20,Signaling pathways regulating pluripotency of stem cells,0.0003643169067947
Signaling pathways regulating pluripotency of stem cells,1,2,1.4841124065134936e-06,0.0106888003608298,2.2472364515030817e-06,Signaling pathways regulating pluripotency of stem cells,0.0003643169067947
ECM-receptor interaction,0,2,3.230957692884338e-29,0.0709850557720575,1.7136571188778807e-28,ECM-receptor interaction,0.0003624235484915
ECM-receptor interaction,1,2,3.801419560059437e-12,0.0408733357098741,7.555616516888321e-12,ECM-receptor interaction,0.0003624235484915
ECM-receptor interaction,0,1,2.6953954895539718e-09,0.0301117200621834,4.662305711660924e-09,ECM-receptor interaction,0.0003624235484915
GABAergic synapse,0,1,3.9070310183208824e-16,0.0152783099216353,9.495569057184929e-16,GABAergic synapse,0.000350026578703
GABAergic synapse,0,2,1.0707923281767312e-15,0.020537500998752,2.557116007586224e-15,GABAergic synapse,0.000350026578703
Alcoholism,0,2,8.609887365207684e-14,-0.0256437958466887,1.8827999705237761e-13,Alcoholism,0.0003476784968269
Alcoholism,0,1,2.1694081659617403e-08,-0.0168448305722552,3.560054426193625e-08,Alcoholism,0.0003476784968269
VEGF signaling pathway,1,2,1.1267106280940372e-20,0.0227074260389943,3.4337847713342094e-20,VEGF signaling pathway,0.0003461487875244
VEGF signaling pathway,0,2,4.6065630897950685e-14,0.0190692253917779,1.0213165279915162e-13,VEGF signaling pathway,0.0003461487875244
Phosphatidylinositol signaling system,0,2,1.8208542564125738e-15,0.0213940492462028,4.337518824208614e-15,Phosphatidylinositol signaling system,0.0003436594393467
Phosphatidylinositol signaling system,0,1,4.0766773074176635e-14,0.0173130951939374,9.101419104932457e-14,Phosphatidylinositol signaling system,0.0003436594393467
Protein digestion and absorption,1,2,2.555563688917697e-11,0.0317787179699046,4.9066822827219786e-11,Protein digestion and absorption,0.000336362501833
Protein digestion and absorption,0,2,4.388208712122116e-08,0.0260348543101993,7.06825564368663e-08,Protein digestion and absorption,0.000336362501833
Glycosaminoglycan biosynthesis,0,1,3.3733912358640904e-11,-0.0257269920237942,6.41278333946441e-11,Glycosaminoglycan biosynthesis,0.0003329462481942
Glycosaminoglycan biosynthesis,1,2,8.344766972827037e-10,0.0215403047773987,1.4807719582096034e-09,Glycosaminoglycan biosynthesis,0.0003329462481942
Autophagy,0,1,1.3252842456903562e-16,0.0133719101678445,3.33929888677885e-16,Autophagy,0.0003317289923078
Autophagy,0,2,3.3702124962509556e-14,0.0154286804025664,7.576105179486353e-14,Autophagy,0.0003317289923078
Arginine biosynthesis,0,1,2.695147381941852e-05,0.0134572736312126,3.8049139509767326e-05,Arginine biosynthesis,0.0003303530743965
Pathways of neurodegeneration,0,2,4.654692207324622e-09,-0.0063442411027405,7.993746903455523e-09,Pathways of neurodegeneration,0.0003284982855857
Pathways of neurodegeneration,0,1,6.03444813680027e-08,-0.0054765046453984,9.687408380147588e-08,Pathways of neurodegeneration,0.0003284982855857
Folate biosynthesis,0,1,1.6054096080326718e-05,0.01676852111052,2.307175484597852e-05,Folate biosynthesis,0.0003254145909074
Vibrio cholerae infection,0,1,4.1779154922745835e-11,-0.0118979470050423,7.895273371227559e-11,Vibrio cholerae infection,0.0003231109134909
Vibrio cholerae infection,0,2,4.3395709940899924e-07,-0.0104048348200258,6.654933153876026e-07,Vibrio cholerae infection,0.0003231109134909
Fructose and mannose metabolism,0,2,2.5119623056988776e-12,-0.0335739903120779,5.044945216466365e-12,Fructose and mannose metabolism,0.000321730978355
Fructose and mannose metabolism,1,2,3.429122836151092e-05,-0.0173992699352618,4.826917775227344e-05,Fructose and mannose metabolism,0.000321730978355
Fructose and mannose metabolism,0,1,0.0001933048885418,-0.0161747203768161,0.0002602702566623,Fructose and mannose metabolism,0.000321730978355
Prion disease,0,1,2.6584470932410015e-10,-0.0110902175147284,4.842711972507328e-10,Prion disease,0.0003205113061339
Prion disease,0,2,4.320995606764954e-06,-0.0086417995909416,6.431249275185048e-06,Prion disease,0.0003205113061339
Tight junction,0,2,7.321496238551181e-14,0.0149785170336023,1.6195014721219198e-13,Tight junction,0.0003202581464766
Tight junction,1,2,1.0726962961977975e-07,0.0082843136906657,1.6937309939965225e-07,Tight junction,0.0003202581464766
Tight junction,0,1,0.0001125021984132,0.0066942033429365,0.0001531944829457,Tight junction,0.0003202581464766
Central carbon metabolism in cancer,0,2,3.9025221651293365e-20,0.0235067948152125,1.1598827487690906e-19,Central carbon metabolism in cancer,0.0003048434652296
Central carbon metabolism in cancer,1,2,5.058681912472548e-12,0.0174488063624219,9.951505401585342e-12,Central carbon metabolism in cancer,0.0003048434652296
Glycosphingolipid biosynthesis,0,1,8.862196621867583e-12,-0.0258261243694433,1.7187290418167433e-11,Glycosphingolipid biosynthesis,0.0002899395036325
Glycosphingolipid biosynthesis,0,2,0.0001711415733292,-0.0143908670598664,0.0002314026906986,Glycosphingolipid biosynthesis,0.0002899395036325
Selenocompound metabolism,0,1,5.664545618116325e-06,0.0134947852387419,8.366098143679496e-06,Selenocompound metabolism,0.0002828919837513
Retrograde endocannabinoid signaling,0,1,3.33209524156427e-08,0.0091009320636292,5.421714291358813e-08,Retrograde endocannabinoid signaling,0.0002763826021217
Mannose type O-glycan biosynthesis,0,2,6.739729811733398e-21,-0.0395198642807105,2.0871421352464715e-20,Mannose type O-glycan biosynthesis,0.0002758279047619
Mannose type O-glycan biosynthesis,0,1,1.3327894982440318e-10,-0.0223936227973139,2.451107123207415e-10,Mannose type O-glycan biosynthesis,0.0002758279047619
Mannose type O-glycan biosynthesis,1,2,5.381666473208031e-06,-0.0171262414833965,7.972839219567453e-06,Mannose type O-glycan biosynthesis,0.0002758279047619
Thiamine metabolism,0,1,1.2176083862776543e-26,0.0499552385517516,5.411592827900685e-26,Thiamine metabolism,0.0002701460835281
Thiamine metabolism,0,2,4.013453882228441e-12,0.0336969319742354,7.944156138019181e-12,Thiamine metabolism,0.0002701460835281
Thiamine metabolism,1,2,0.0004786353641233,-0.0162583065775162,0.000632035694028,Thiamine metabolism,0.0002701460835281
Endocrine and other factor-regulated calcium reabsorption,0,2,1.5363827927282368e-20,0.0262172217075602,4.6381367327644887e-20,Endocrine and other factor-regulated calcium reabsorption,0.0002576656639628
Endocrine and other factor-regulated calcium reabsorption,0,1,2.003995227392521e-19,0.020391277718099,5.742792293423344e-19,Endocrine and other factor-regulated calcium reabsorption,0.0002576656639628
Mucin type O-glycan biosynthesis,0,2,5.235677308889409e-09,0.0239915239474495,8.911791164067081e-09,Mucin type O-glycan biosynthesis,0.0002551547560541
Mucin type O-glycan biosynthesis,0,1,0.0003723643883238,0.0120065083851974,0.0004964858510984,Mucin type O-glycan biosynthesis,0.0002551547560541
Hypertrophic cardiomyopathy,0,2,4.817390171749296e-22,0.0397688888159006,1.6284135791828606e-21,Hypertrophic cardiomyopathy,0.0002523656210084
Hypertrophic cardiomyopathy,0,1,1.8322376400615564e-13,0.0259306568081165,3.9001067282906747e-13,Hypertrophic cardiomyopathy,0.0002523656210084
Hypertrophic cardiomyopathy,1,2,0.000445802424319,0.0138382320077841,0.0005919368289713,Hypertrophic cardiomyopathy,0.0002523656210084
Basal transcription factors,0,2,2.7323029043243685e-26,-0.0279918254631332,1.1868827095707664e-25,Basal transcription factors,0.000252200985648
Basal transcription factors,0,1,7.62292208528504e-10,-0.014224677462742,1.3652994779614994e-09,Basal transcription factors,0.000252200985648
Basal transcription factors,1,2,1.5901604781770543e-08,-0.0137671480003911,2.6456742791160692e-08,Basal transcription factors,0.000252200985648
Other types of O-glycan biosynthesis,1,2,5.301825107422552e-05,0.0138048109421328,7.355133097002385e-05,Other types of O-glycan biosynthesis,0.0002499926960432
Necroptosis,1,2,3.434595443139982e-16,0.0173855536394277,8.411254146465264e-16,Necroptosis,0.0002498371462551
Necroptosis,0,1,5.950456723304722e-13,-0.0130932680107779,1.225845161882518e-12,Necroptosis,0.0002498371462551
ABC transporters,0,2,1.1500094567419268e-13,0.0348741497823603,2.481763135500547e-13,ABC transporters,0.0002424256516476
ABC transporters,0,1,6.769239485862703e-13,0.0306513467893232,1.3885619458179905e-12,ABC transporters,0.0002424256516476
Hepatitis C,1,2,1.0054059803114672e-15,0.0205551749694474,2.4069569603466544e-15,Hepatitis C,0.0002347733056236
Hepatitis C,0,1,1.183110838325779e-09,-0.0132843992791333,2.061318339006802e-09,Hepatitis C,0.0002347733056236
"Glycine, serine and threonine metabolism",0,1,6.609233930527801e-10,0.022143295466689,1.185955995010596e-09,"Glycine, serine and threonine metabolism",0.0002333084928024
"Glycine, serine and threonine metabolism",1,2,0.0001110488708023,-0.0142887523933967,0.0001516456841682,"Glycine, serine and threonine metabolism",0.0002333084928024
Cellular senescence,1,2,5.200126823018273e-10,0.0156066681730032,9.38368750018335e-10,Cellular senescence,0.0002252410195031
Cellular senescence,0,1,3.6840987898483703e-09,-0.0128328028017268,6.338234477158485e-09,Cellular senescence,0.0002252410195031
Linoleic acid metabolism,0,1,8.580341013938512e-10,0.023810892945462,1.5197651980407701e-09,Linoleic acid metabolism,0.0002113229896146
Lysosome,0,1,2.2666311558144847e-16,-0.0193223070334003,5.622650929152209e-16,Lysosome,0.0002111830947921
Lysosome,1,2,4.169890989024269e-05,0.0092890266134048,5.810007764097676e-05,Lysosome,0.0002111830947921
Lysosome,0,2,4.33169442644452e-05,-0.0100332804199955,6.026705288966288e-05,Lysosome,0.0002111830947921
Parkinson disease,0,2,8.072802137947705e-10,-0.0109385940764208,1.4405000097453154e-09,Parkinson disease,0.0002104449512615
Parkinson disease,1,2,0.0002635068238537,-0.0057694011660265,0.0003537993718875,Parkinson disease,0.0002104449512615
Starch and sucrose metabolism,0,2,3.1156971021827544e-12,0.0288075908467616,6.218439122859551e-12,Starch and sucrose metabolism,0.000207688864906
Starch and sucrose metabolism,0,1,3.012660671542069e-11,0.0251059663105012,5.738401279127749e-11,Starch and sucrose metabolism,0.000207688864906
Herpes simplex virus 1 infection,0,2,3.832095048493212e-05,-0.0127152686840458,5.3705273672313633e-05,Herpes simplex virus 1 infection,0.0002074135710187
Steroid biosynthesis,0,2,1.839597620309442e-15,-0.0449887946772513,4.37132107796303e-15,Steroid biosynthesis,0.0002039878788768
Steroid biosynthesis,0,1,5.067437249756576e-09,-0.0301100013524969,8.640745576849581e-09,Steroid biosynthesis,0.0002039878788768
Thermogenesis,1,2,4.706112227098187e-09,-0.0095238447542212,8.067620960739751e-09,Thermogenesis,0.0002003465078233
Thermogenesis,0,1,2.4579890846238147e-05,0.0077365306806227,3.480338526900976e-05,Thermogenesis,0.0002003465078233
Glutathione metabolism,0,2,7.658685500223758e-05,0.014875765270183,0.0001054854817821,Glutathione metabolism,0.0001891452697503
Glutathione metabolism,0,1,0.00040551410267,0.0111469597998602,0.0005399355597271,Glutathione metabolism,0.0001891452697503
Glycolysis / Gluconeogenesis,0,1,3.062700980213192e-15,0.0249045154643754,7.224061280109739e-15,Glycolysis / Gluconeogenesis,0.0001848159788657
Glycolysis / Gluconeogenesis,0,2,4.318868134033352e-08,0.0185225015785202,6.96825782970087e-08,Glycolysis / Gluconeogenesis,0.0001848159788657
D-Glutamine and D-glutamate metabolism,0,1,8.254872202411786e-10,0.0286734426229497,1.4675328359843175e-09,D-Glutamine and D-glutamate metabolism,0.0001844022835997
D-Glutamine and D-glutamate metabolism,0,2,7.186633793313745e-08,0.0292360381793193,1.146041269365647e-07,D-Glutamine and D-glutamate metabolism,0.0001844022835997
Vasopressin-regulated water reabsorption,0,1,1.2756750932216383e-10,0.015089787017607,2.359630230236557e-10,Vasopressin-regulated water reabsorption,0.0001833332647107
Vasopressin-regulated water reabsorption,0,2,4.936069227613024e-06,0.0124679593820119,7.323997617478367e-06,Vasopressin-regulated water reabsorption,0.0001833332647107
Cushing syndrome,0,2,2.1361333576626912e-19,0.017465893243276,6.085127665745352e-19,Cushing syndrome,0.0001764336621234
Cushing syndrome,0,1,1.7077638737553588e-10,0.010933440070063,3.1227682262955126e-10,Cushing syndrome,0.0001764336621234
Cushing syndrome,1,2,0.0001556847167309,0.006532453173213,0.0002113965036233,Cushing syndrome,0.0001764336621234
Primary bile acid biosynthesis,0,1,1.0067991514459498e-08,0.022362213883576,1.6956617287510734e-08,Primary bile acid biosynthesis,0.0001737448287048
Primary bile acid biosynthesis,0,2,4.1519908164561363e-08,0.0268591910653426,6.710288188211936e-08,Primary bile acid biosynthesis,0.0001737448287048
Protein processing in endoplasmic reticulum,0,2,1.872395734303536e-09,-0.0088130318956367,3.2504519076517076e-09,Protein processing in endoplasmic reticulum,0.0001735186895572
Protein processing in endoplasmic reticulum,0,1,5.878461863736394e-09,-0.0072182633129805,9.988182989711395e-09,Protein processing in endoplasmic reticulum,0.0001735186895572
Estrogen signaling pathway,0,2,1.86551040159586e-15,0.021682535214355,4.421950581560556e-15,Estrogen signaling pathway,0.0001716502926471
Estrogen signaling pathway,0,1,7.056398568340486e-13,0.0156213983717214,1.438246841954749e-12,Estrogen signaling pathway,0.0001716502926471
Arrhythmogenic right ventricular cardiomyopathy,0,2,1.3062208638703915e-28,0.0457775925604544,6.599852785871452e-28,Arrhythmogenic right ventricular cardiomyopathy,0.0001679842227166
Arrhythmogenic right ventricular cardiomyopathy,0,1,4.9267989350447236e-17,0.0290424972105788,1.26463288172271e-16,Arrhythmogenic right ventricular cardiomyopathy,0.0001679842227166
Arrhythmogenic right ventricular cardiomyopathy,1,2,1.0182701065890846e-05,0.0167350953498755,1.4811201550386684e-05,Arrhythmogenic right ventricular cardiomyopathy,0.0001679842227166
Glyoxylate and dicarboxylate metabolism,1,2,8.451401090038383e-12,-0.0221684159790412,1.6423775397645438e-11,Glyoxylate and dicarboxylate metabolism,0.0001669770975978
Glyoxylate and dicarboxylate metabolism,0,1,1.759343462753305e-08,0.0198146728540367,2.912016765936505e-08,Glyoxylate and dicarboxylate metabolism,0.0001669770975978
Maturity onset diabetes of the young,0,1,9.747920147873078e-09,-0.0195568502938203,1.6446403061437884e-08,Maturity onset diabetes of the young,0.0001537873580208
Maturity onset diabetes of the young,0,2,6.925459861803162e-05,-0.0165048708505478,9.566102830692136e-05,Maturity onset diabetes of the young,0.0001537873580208
"Neomycin, kanamycin and gentamicin biosynthesis",0,1,2.052411518451787e-05,-0.0262561179312118,2.927659818296754e-05,"Neomycin, kanamycin and gentamicin biosynthesis",0.0001532740345668
Neuroactive ligand-receptor interaction,0,2,1.0689380430628738e-24,0.0274982782263207,4.104722085361435e-24,Neuroactive ligand-receptor interaction,0.0001522483667668
Neuroactive ligand-receptor interaction,0,1,1.9710251278189188e-16,0.0188112327087929,4.91476395508094e-16,Neuroactive ligand-receptor interaction,0.0001522483667668
Neuroactive ligand-receptor interaction,1,2,1.8173884086540785e-05,0.0086870455175278,2.596269155220112e-05,Neuroactive ligand-receptor interaction,0.0001522483667668
Vitamin B6 metabolism,0,2,2.607039688681806e-11,0.0557931248064233,4.9955251519651365e-11,Vitamin B6 metabolism,0.0001480436008272
Vitamin B6 metabolism,0,1,1.736541672240038e-05,0.0354653504913285,2.488179112463338e-05,Vitamin B6 metabolism,0.0001480436008272
RNA degradation,0,2,4.236880467591098e-10,-0.0154583043634104,7.659896890560176e-10,RNA degradation,0.0001423065490453
RNA degradation,0,1,0.0006580316891828,-0.0075112629970946,0.0008629923792562,RNA degradation,0.0001423065490453
Terpenoid backbone biosynthesis,0,2,2.3391091049565145e-05,-0.0202855086664952,3.316905082360789e-05,Terpenoid backbone biosynthesis,0.0001374336369034
Terpenoid backbone biosynthesis,1,2,0.0001083702412461,-0.0186882958417468,0.0001481986205075,Terpenoid backbone biosynthesis,0.0001374336369034
SNARE interactions in vesicular transport,1,2,0.0005825069749962,-0.0076726803427192,0.0007670873744806,SNARE interactions in vesicular transport,0.0001361497516274
Taste transduction,0,1,2.8700705775386514e-05,0.0084097245164883,4.045914470539068e-05,Taste transduction,0.0001334331638273
Protein export,0,2,3.360228096970014e-18,-0.0228247403758024,9.138297374196072e-18,Protein export,0.0001318724879589
Protein export,1,2,6.102959016418346e-08,-0.0122028939580345,9.78103615319134e-08,Protein export,0.0001318724879589
Protein export,0,1,4.053091746085176e-07,-0.0106218464177678,6.22554892198683e-07,Protein export,0.0001318724879589
Diabetic cardiomyopathy,1,2,0.0003203146015487,0.0058570883696925,0.0004288731066761,Diabetic cardiomyopathy,0.000126495538194
Thyroid cancer,0,2,3.511694319291289e-06,0.0110313319757909,5.242965080123853e-06,Thyroid cancer,9.986992188027752e-05
Thyroid cancer,1,2,3.760631608819926e-06,0.0113086818238743,5.605910472775046e-06,Thyroid cancer,9.986992188027752e-05
Sulfur relay system,0,2,5.943427951347887e-12,-0.0588119582685462,1.1668079413689102e-11,Sulfur relay system,9.071990164065647e-05
Sulfur relay system,1,2,0.0001112355807075,-0.0310066174814675,0.000151684882783,Sulfur relay system,9.071990164065647e-05
Sulfur relay system,0,1,0.0001587187444074,-0.0278053407870787,0.0002152118568237,Sulfur relay system,9.071990164065647e-05
Purine metabolism,0,1,8.92843130968516e-06,0.00615762886387,1.3046109676252287e-05,Purine metabolism,8.399504898249518e-05
Pentose and glucuronate interconversions,0,1,8.300958541855656e-06,0.0251276874959376,1.2166290381956382e-05,Pentose and glucuronate interconversions,7.867964639446569e-05
mRNA surveillance pathway,0,2,1.8778332888822744e-14,-0.0157864200185151,4.2921903745880563e-14,mRNA surveillance pathway,7.472036404366299e-05
mRNA surveillance pathway,0,1,5.489575814565693e-05,-0.0078953407600911,7.604607189008752e-05,mRNA surveillance pathway,7.472036404366299e-05
mRNA surveillance pathway,1,2,0.0001618107195647,-0.0078910792584239,0.0002190949094247,mRNA surveillance pathway,7.472036404366299e-05
Non-alcoholic fatty liver disease,0,2,1.0590085136202237e-05,0.0111992111055119,1.533405992572269e-05,Non-alcoholic fatty liver disease,5.6527460155134e-05
Non-alcoholic fatty liver disease,0,1,5.1016255368159765e-05,0.0089392582736361,7.087641845648824e-05,Non-alcoholic fatty liver disease,5.6527460155134e-05
Ubiquitin mediated proteolysis,0,2,6.164916749321406e-12,-0.0129630065289613,1.2053605049589714e-11,Ubiquitin mediated proteolysis,4.615371204340686e-05
Ubiquitin mediated proteolysis,0,1,6.460894900005796e-08,-0.008398232699774,1.0337431840009274e-07,Ubiquitin mediated proteolysis,4.615371204340686e-05
