Pathway,emb_0,emb_1,emb_2,emb_3,emb_4,emb_5,emb_6,emb_7,emb_8,emb_9,emb_10,emb_11,emb_12,emb_13,emb_14,emb_15,emb_16,emb_17,emb_18,emb_19,emb_20,emb_21,emb_22,emb_23,emb_24,emb_25,emb_26,emb_27,emb_28,emb_29,emb_30,emb_31,emb_32,emb_33,emb_34,emb_35,emb_36,emb_37,emb_38,emb_39,emb_40,emb_41,emb_42,emb_43,emb_44,emb_45,emb_46,emb_47,emb_48,emb_49,emb_50,emb_51,emb_52,emb_53,emb_54,emb_55,emb_56,emb_57,emb_58,emb_59,emb_60,emb_61,emb_62,emb_63
AGE-RAGE signaling pathway in diabetic complications,-0.34220725,-0.53551465,-0.22417822,0.50199586,-0.38348362,0.014470514,-0.19878612,-0.06317416,-0.56832296,0.032642324,0.030442402,-0.082590595,-0.30573592,0.103366494,-0.18702185,-0.13356413,-0.14976333,-0.052041795,0.33041957,0.2300183,0.18994056,-0.11730073,0.16933301,-0.08451142,-0.05458683,0.022055108,-0.16538724,0.32870013,-0.5268655,-0.3774276,0.3000473,-0.3131391,0.20118454,0.21139145,0.15108284,-0.11905073,-0.040921643,-0.16856228,0.20185591,0.09198972,-0.3802227,0.24754497,-0.24434042,-0.08640645,-0.3438012,0.14497767,0.20259178,0.21550964,0.035588406,0.29882863,0.7273787,-0.18306808,0.26328635,-0.053663447,-0.10198113,0.19534236,0.3469392,-0.015106309,-0.033899337,0.26862782,-0.24853264,-0.14174767,0.15272345,-0.48220095
Amoebiasis,-0.04170174,-0.515932,-0.28759998,0.36852062,-0.21981826,-0.15362564,-0.22870906,0.053737167,-0.49716407,0.024609884,-0.12471592,-0.07997359,-0.36358047,0.0794624,-0.12857503,0.0117626935,-0.2709353,-0.11740766,0.15338354,0.23179723,0.15269703,-0.21471807,0.4130763,-0.19113316,0.4702587,0.14636801,-0.13668714,-0.047936577,-0.5351064,-0.3760762,0.15970121,-0.22831357,0.28641573,0.21172148,0.2196448,0.06049075,0.3815965,-0.18312103,0.024771728,0.2931929,-0.089753345,0.21205884,-0.24358298,-0.04660453,-0.541156,-0.19831105,0.11564906,0.2925436,-0.3120235,0.22033945,0.72191876,0.25713938,0.16552563,-0.039548364,-0.33227885,-0.07844356,0.14842592,0.10319391,-0.09437319,0.042060636,-0.33656558,-0.0787982,0.037469655,-0.25040114
Chagas disease,0.049360264,-0.56811684,0.37169197,0.45307767,-0.37135324,0.36093074,-0.1253245,-0.2949126,-0.5896337,0.0027789527,-0.25444484,-0.17118245,-0.45229295,0.4961766,-0.14152932,0.17773257,-0.3738881,-0.12777254,-0.09997302,0.058875732,-0.33829385,0.2214686,0.338959,-0.29647222,0.40153104,0.12753609,-0.03311776,-0.08156217,-0.4890023,-0.4524369,0.38153103,-0.21172349,0.17610368,0.20870845,-0.17173737,0.09338873,0.34835935,-0.09443025,-0.047550473,-0.06682519,0.03367205,0.24148807,0.07457034,-0.23634286,-0.06630619,-0.06773996,0.10565751,0.0467365,-0.26506934,0.47202474,0.15795924,0.15260912,0.3982956,-0.33492136,-0.12291368,0.37521967,0.20714359,0.064975835,0.005411299,0.41286376,-0.4277202,0.034701437,0.2384244,0.33229324
ECM-receptor interaction,-0.5863008,-0.41789657,-0.40686038,0.19370094,-0.23932223,-0.32549694,-0.092186965,-0.0033670152,-0.61821187,0.12760934,0.045782197,-0.23728521,-0.14816807,0.31854054,-0.38522148,-0.062662326,-0.16476007,-0.20167297,0.09666736,0.33967182,0.12878111,-0.026388796,0.31535792,0.051086206,0.12677407,0.162881,-0.023959085,0.24357426,-0.45743582,-0.3983085,0.36865336,0.016387189,0.04989909,0.3458527,-0.036981482,-0.024566812,0.0070405602,-0.5350234,-0.04618221,0.2624687,0.005335823,0.20962536,-0.29469362,0.07409725,-0.3434095,-0.07319606,0.04886273,0.19669637,-0.017641997,0.2930851,0.85058594,0.03049719,0.3302186,0.062285937,0.15681072,-0.19009964,0.15081738,-0.15532668,-0.15902376,0.46118778,-0.19165418,-0.15144181,0.0038572045,-0.2502763
Focal adhesion,-0.5890395,-0.29569882,-0.19069247,0.34180126,-0.1957696,-0.15742709,-0.17888592,0.1091646,-0.63443094,-0.11151434,0.1435217,-0.15855664,-0.20959575,0.22150943,-0.18935336,0.056565795,-0.2548329,-0.1395552,0.051327825,0.21495534,0.112647474,-0.03116533,0.07816856,-0.10998071,0.2230691,0.10697029,-0.11714935,0.1855577,-0.38623154,-0.39964887,0.3190118,-0.11235569,0.27157575,0.14200942,0.10076774,0.019121021,0.16680685,-0.5092029,0.15490393,0.16476871,0.025433803,0.0055969274,-0.5249831,-0.03673946,-0.35203782,0.055535465,0.018636825,0.45247427,0.04669348,0.26232317,0.80267555,0.08384169,0.20208874,0.029557312,0.15064259,-0.28585872,0.18973617,-0.26547083,-0.0070523447,0.48995876,-0.114408836,-0.15695457,-0.007734727,-0.28900906
Human papillomavirus infection,-0.5374729,-0.51971465,-0.66174656,0.46491584,0.05117253,-0.09982297,-0.017395252,-0.03296421,-0.35471776,0.08107082,-0.0015078358,-0.23669884,-0.17069712,0.2716792,-0.3730791,-0.044263218,-0.36224017,-0.38505948,-0.0090267025,0.49307576,0.009038892,-0.040900014,0.1146736,0.09740952,0.16391765,0.11598197,-0.060734972,0.30196497,-0.10174883,-0.2730919,0.41898513,-0.17414069,0.29937702,0.3690915,-0.028598497,0.11936276,-0.11444698,-0.40300012,0.23411392,0.2716474,0.038013767,0.18208516,-0.47816655,0.045376953,-0.35804588,0.040471893,0.02300827,0.30742958,0.08934463,0.3112867,0.71910626,-0.007210529,0.5371269,0.30495313,0.06707054,-0.288326,0.3228241,-0.09026557,-0.1819716,0.18505432,-0.16137874,0.19655836,0.08889835,-0.16988172
Leukocyte transendothelial migration,-0.03308907,-0.7199985,0.15276663,0.20268114,0.08477727,-0.018576782,-0.12500244,-0.201266,-0.5348551,-0.08966465,-0.487974,-0.2686629,-0.43712828,0.24640757,-0.12459802,-0.044242702,-0.17049868,-0.028649934,0.049812812,0.14176606,0.47867978,0.114050865,0.15431182,-0.13029821,0.47728747,0.16475093,-0.32342115,0.052491136,-0.48133084,-0.6173521,-0.011235679,-0.044098042,0.30991864,0.2513231,0.0022558463,-0.1952135,0.11668053,-0.4386125,-0.061709426,0.16698015,-0.29332986,0.36795825,-0.114859186,-0.25346372,-0.41387644,-0.48851147,0.056267958,0.26101252,0.23196909,0.19242522,0.54801494,0.083610244,0.32809117,-0.07861966,-0.21308693,0.41633514,0.19465524,0.060477637,0.2098363,0.18453257,-0.38985473,-0.18131354,0.44134665,-0.034678835
MAPK signaling pathway,-0.50047565,-0.42203704,-0.18738995,0.55615777,-0.0096062645,-0.23070459,0.111324266,0.18886812,-0.7025096,0.1127228,0.12890753,-0.3439144,-0.22474617,0.19537465,-0.3091739,-0.25400743,0.055161875,-0.15127958,0.34449086,0.46243078,0.196291,0.078254454,-0.022613393,-0.004527965,0.22537294,-0.02459231,-0.14051768,0.21889009,-0.120680526,-0.3008738,0.60047185,0.36464676,0.2434226,0.3870822,0.26013595,0.12926917,0.64451396,-0.32132372,0.23622343,0.03313629,0.12145507,-0.25606236,-0.13739261,-0.14204583,-0.60953605,0.0102592055,0.40569004,0.10315303,0.20163532,-0.09370515,0.5699131,-0.18381755,0.1026546,-0.07326104,-0.09460045,0.018645823,0.27857545,-0.0114970645,-0.40838003,0.22405331,-0.15556802,-0.05888428,0.04824484,-0.40826347
PI3K-Akt signaling pathway,-0.5503904,-0.3134259,-0.3081644,0.4573228,-0.19541697,-0.16401675,-0.14205034,-0.050602403,-0.60769373,0.05747589,0.08538146,-0.21318065,-0.23693085,0.034625582,-0.20418702,-0.11063967,-0.17306682,-0.19531749,0.02658443,0.12956712,-0.025399122,0.13025768,0.119801335,-0.208716,0.12287718,0.11925945,-0.13094383,0.18711278,-0.36057281,-0.29873246,0.17103954,-0.13759814,0.22755085,0.20754768,0.008310067,-0.00039667284,0.1402314,-0.41574442,0.091457665,0.20636904,0.07497686,0.02544445,-0.49011058,0.02096398,-0.40950134,-0.042845543,0.1787785,0.3354408,0.20937854,0.22121443,1.0109769,0.06787634,0.27245644,0.14731199,0.16269259,-0.054808814,0.3792178,-0.20825781,-0.10585212,0.43070564,-0.11873703,-0.13171904,-0.08387625,-0.26529384
Pathways in cancer,-0.582492,-0.3670803,-0.4133182,0.3273397,-0.11799078,-0.20912537,-0.1319585,0.03875578,-0.65834767,-0.028161865,-0.105870426,-0.29527646,-0.3022725,0.13745722,-0.19906545,-0.0032207407,-0.22507541,-0.0524845,0.014179381,0.39328274,0.030928807,0.04337579,0.1353858,-0.04677666,0.2024162,0.35748452,0.12189645,0.35142258,-0.30290267,-0.18169382,0.30125785,-0.08779319,0.3499964,0.15829512,-0.099537835,-0.0573533,0.023239408,-0.44950354,0.10041299,0.13808203,-0.051154383,0.062854774,-0.34734574,-0.014975814,-0.3448986,0.07351202,0.042405184,0.19124822,0.10722887,0.32630435,0.7885958,-0.048546854,0.20931879,0.19462839,0.19757468,-0.30394784,0.20480715,-0.15080121,0.03868385,0.4513066,-0.31843424,0.073782414,0.0023845406,-0.3092975
Protein digestion and absorption,-0.44784358,-0.36148903,-0.58337164,0.3913709,-0.17249565,-0.011751754,-0.09667346,0.009904794,-0.6105272,-0.08845447,0.02123838,-0.25785646,-0.076381736,-0.02954261,-0.2206042,-0.09527607,-0.28135788,-0.29830658,0.07228966,0.4925498,-0.0016279598,-0.12489004,0.19112389,-0.013452829,0.2935416,0.21911037,-0.045833606,0.14740632,-0.29282317,-0.4774405,0.46109885,-0.20619616,0.32694706,0.25193185,0.37191704,-0.02653995,0.045219775,-0.3887575,0.29114985,0.30902052,-0.052017983,0.29122955,-0.21672562,-0.049044162,-0.5003661,-0.002015044,-0.061209444,0.1568474,0.14346065,0.45821363,0.69986594,0.006060139,0.40828863,-0.04377672,0.0410728,0.034031652,0.117876336,-0.13746068,-0.21301225,0.3357126,-0.17078063,-0.037818242,-0.1360636,-0.1309735
Proteoglycans in cancer,-0.71948797,-0.21679536,-0.2961715,0.40067503,-0.17779775,-0.34512585,-0.027640674,-0.03753056,-0.37428844,0.04361256,-0.0065584187,-0.45846304,-0.19048767,0.22905503,0.037916686,0.17245844,-0.15294674,-0.25329408,0.061106566,0.6663691,0.15835074,-0.03354416,0.27683422,-0.21971224,0.025703905,-0.07265115,-0.0068874136,0.15476188,-0.35642225,-0.29703578,0.46929488,-0.05194512,0.33227035,0.08250287,0.2766843,0.1241135,0.11649622,-0.4658755,0.116269976,0.15695532,0.11683989,0.07840387,-0.30623507,-0.117561154,-0.23131055,-0.05395122,0.1302552,0.23234327,0.119906254,0.26466727,0.90598077,0.042753104,0.40603337,-0.09065,0.27355015,-0.16710263,0.08252116,-0.2546202,-0.06131167,0.1524119,-0.21549223,0.14815138,-0.33699176,-0.2016646
Regulation of actin cytoskeleton,-0.6205552,-0.45637152,-0.23037587,0.3589274,-0.36428422,-0.108907506,0.0013932834,-0.08762219,-0.5006151,0.009963771,0.15962592,-0.24338122,-0.2480798,0.33457345,-0.12886019,-0.21837035,-0.25953266,-0.48828116,-0.10372333,0.12130385,0.082362056,-0.13146305,0.026626833,-0.41304418,0.22693837,0.16776145,0.018604552,0.1335265,-0.117970735,-0.3342594,0.47286707,0.0033703193,0.24717925,0.4089177,0.06609961,-0.017071156,0.06627151,-0.42984515,0.2630653,0.09753806,0.020502178,-0.04106939,-0.24352366,-0.038354184,-0.24490988,-0.002479244,0.17765854,0.24600032,0.19352877,0.103774674,1.0099866,0.13972902,0.2215475,0.118433006,0.10709266,-0.37264237,0.05437857,-0.22025417,-0.15986942,0.41621825,-0.11500694,0.2232907,-0.20926964,-0.23249859
Relaxin signaling pathway,-0.5511685,-0.3374362,-0.38899416,0.39738342,-0.08770956,0.033744372,-0.19527958,-0.08679045,-0.5514751,0.079762824,0.14054322,-0.16204323,-0.22430949,0.263018,-0.30435884,0.078323655,-0.27952024,-0.12298179,0.27487993,0.15606014,-0.14133117,-0.027273899,-0.045537695,0.054651543,0.3691674,0.17354226,-0.09524871,0.36818066,-0.37315795,-0.41894016,0.33206698,-0.2691701,0.26305148,0.021061668,-0.055563647,0.11658936,0.09223835,-0.40427053,0.23703413,0.12895402,0.1508447,0.11915404,-0.1627278,-0.013463847,-0.38173258,-0.0076691317,0.0132455975,0.0601095,0.083241604,0.46456647,1.0191733,-0.049220193,0.2507887,-0.024342157,-0.036019925,-0.22074781,0.21131293,-0.12818174,-0.023816153,0.53259194,-0.21318698,0.03554148,-0.18718082,-0.2763807
AMPK signaling pathway,0.102686964,-0.30938002,0.2666132,0.018498177,-0.40772316,-0.14892717,-0.19265842,0.17877258,-0.7194823,0.027958075,0.31199324,0.094589785,0.058334563,0.17146114,0.15567105,0.57064724,-0.30417487,-0.14236131,0.23021342,0.5200874,0.41829586,0.20451233,0.04598039,-0.15841042,0.30538952,-0.0620983,-0.2910819,0.12054617,0.7072222,-0.060152333,0.6545926,0.420258,-0.05897158,0.63558215,-0.44667754,0.015297183,-0.07171025,-0.07527578,0.08254766,0.2926223,0.38792753,-0.35162956,0.70350015,0.6645408,-0.04045541,0.7234328,0.44399133,0.29466474,0.3651409,0.25585064,0.51899666,-0.41087082,0.4443988,-0.107826136,0.89627504,-0.549469,0.45928678,-0.20324056,-0.1215729,0.3247731,-0.19669291,0.28660804,-0.14623013,0.11201862
FoxO signaling pathway,-0.27571878,-0.65707207,0.039752826,0.30048513,-0.6113398,-0.2677413,-0.50672716,-0.0017099365,-0.60014,0.025043992,-0.08416297,-0.027214345,-0.11918059,-0.0634524,0.29333842,0.5146448,-0.18727031,-0.40546903,0.15138097,0.39726216,-0.10081391,-0.06338626,0.09039867,-0.28984198,0.17939521,-0.072663665,-0.17235185,0.117165804,0.3198922,-0.23803431,0.45078337,0.44367662,-0.23342621,0.61611503,-0.6042016,-0.003875254,-0.029114518,0.16620399,-0.119217165,0.017216356,0.6014289,-0.160459,0.5912348,0.7413154,-0.0721037,0.6978716,-0.080354296,0.40237606,0.19499728,0.4059832,0.53838354,-0.0027468037,0.5042398,0.08973812,0.5229542,-0.41082624,0.33816132,-0.10559702,-0.15650703,0.20565252,-0.37347353,0.21308061,-0.20329238,0.17819706
Insulin resistance,0.112172045,-0.38015658,0.31973678,-0.016158825,-0.39505652,-0.40441382,-0.12237509,0.29948315,-0.74490637,-0.15123308,0.35530072,0.014086769,0.09231822,0.012670223,0.050334428,0.7110469,-0.33868694,-0.045533653,0.52279544,0.28613544,0.25848895,0.1554111,-0.19456257,-0.099716686,0.029480034,-0.009335244,-0.5064752,-0.18209407,0.42155492,-0.2121468,0.7878122,0.31600788,-0.038937666,0.8292563,-0.24717548,-0.12427308,0.03942655,0.08247409,0.16888279,0.2935779,0.3539905,-0.56344986,0.72937423,0.72556686,0.0070708115,0.59653103,0.24267256,0.24436419,0.24393818,0.48571193,0.4270901,-0.3368322,0.56559366,0.09577771,0.6601184,-0.6771054,0.54697704,-0.36208093,-0.26826918,0.22184351,-0.07715968,0.19506496,-0.24331717,0.19119085
Insulin signaling pathway,0.13970888,-0.26225257,0.39997888,0.04819582,-0.15527257,-0.18285592,-0.038847845,0.094866544,-0.60221463,-0.0033049372,0.4560667,-0.331179,-0.056116316,0.043282107,-0.026953189,0.75684464,-0.4104012,-0.12885202,0.52290314,0.415299,0.3082171,0.108988315,-0.2822872,0.08516635,0.11260311,-0.3078537,-0.19176316,-0.05689642,0.43146273,-0.19714957,0.7019079,0.3803234,-0.019099772,0.54516464,-0.31805542,-0.08215251,0.33859307,0.20578499,0.18506798,0.4526144,0.19953501,-0.15407889,0.634561,0.563764,-0.2906208,0.45918384,0.33349898,0.09457163,0.38292447,0.27864602,0.6808888,-0.4059088,0.54933673,-0.11464228,0.57269883,-0.6712608,0.45280316,-0.28961816,-0.17113969,0.12590998,-0.05563435,0.22320999,-0.4251939,0.19621763
Longevity regulating pathway,0.11741146,-0.19151334,0.33866328,-0.0038873053,-0.35091063,-0.29677382,-0.1262945,0.14981379,-0.85852116,-0.0039163437,0.4367556,-0.1087319,0.014958772,0.07240887,-0.046606015,0.5646558,-0.18096513,-0.15212005,0.48908862,0.2897576,0.41705045,0.34807,-0.12240899,0.10670038,0.13992414,-0.055048924,-0.3259119,-0.12358639,0.55951905,-0.21723574,0.69442827,0.52950704,-0.06419384,0.7866438,-0.41913372,0.027769864,0.05960948,-0.06765724,0.3452943,0.33150575,0.2913753,-0.20408733,0.4560328,0.68712634,-0.12523828,0.55007577,0.13003552,0.43246374,0.31749964,0.2749097,0.5501311,-0.34950703,0.4883459,0.040625658,0.8182384,-0.49541664,0.5189769,-0.49557284,-0.21330498,0.029742438,-0.016623903,0.20349245,-0.35443673,0.2937221
Adherens junction,-0.6904995,-0.17731188,-0.5936423,0.8348407,-0.18794322,-0.13467023,0.13224083,-0.21711309,-0.3005848,0.1514527,0.3976349,-0.29839414,0.21766318,0.58086133,0.2610901,-0.13136221,-0.20356014,-0.35242012,-0.42361763,0.5094193,0.048972916,0.16975997,0.20016734,-0.01064405,-0.1360531,-0.0006430065,0.09066327,0.17020485,-0.25817218,-0.3830186,0.22828598,0.16243492,0.72442317,0.44244927,-0.16492698,0.103076495,0.10491084,-0.24406858,0.2500687,0.38908234,-0.18329489,0.10786783,-0.31874952,0.08400024,-0.24652046,-0.054807063,0.07822374,0.442189,0.07304539,0.29013342,0.7783972,0.10065773,0.5213926,0.2210902,0.110167466,-0.14884135,0.08585961,-0.050368886,-0.10992463,0.4914023,-0.24507317,-0.12605692,-0.21247146,-0.09257325
Bacterial invasion of epithelial cells,-0.6921321,-0.40772843,-0.59277284,0.43230155,-0.1686142,-0.20572883,0.16245894,-0.4059208,-0.62513894,0.22747557,0.32860932,-0.35119173,0.12998776,0.2438512,0.22633033,-0.18740761,-0.5257793,-0.6969923,0.07470115,0.6989845,0.1381095,0.28004602,-0.08994813,-0.16857272,-0.4822214,0.038679074,-0.23766646,0.20138164,-0.37996766,-0.3521915,0.15065473,-0.100582406,0.49723303,0.27067417,-0.044278502,-0.17670238,-0.11564096,-0.15221485,0.38167012,0.6016977,-0.0067992443,-0.031210156,-0.2650767,-0.17180564,-0.044557676,-0.18578346,0.16966465,0.1611992,0.07954471,0.40423054,0.40888095,0.3290058,0.3680564,0.27980936,0.10687855,-0.34822685,-0.26212138,0.059646834,-0.38032085,0.63891053,-0.290318,0.39699697,-0.17060207,-0.31199738
TGF-beta signaling pathway,-0.5088996,-0.3468931,-0.4964373,0.8501964,-0.23075435,-0.27601847,0.058231305,-0.11558329,-0.5580913,0.09845417,0.009968313,-0.3387883,-0.14954117,0.34063452,-0.07563653,-0.301305,-0.15242018,-0.07316313,-0.09212333,0.35942802,0.15060411,0.040629283,0.19870931,-0.3472006,0.1579145,-0.14143413,-0.045466676,0.20493498,-0.25010836,-0.27457884,0.2848825,-0.03811584,0.058476925,0.2777278,0.053084597,-0.006987743,-0.112101875,-0.40068978,0.14115506,0.13511397,-0.013543472,-0.01815451,-0.22282985,-0.06888117,-0.22998674,-0.07962702,-0.055869065,0.120391816,0.21313116,0.45062086,0.9323769,0.1811081,0.49394122,0.19829527,0.09490309,-0.3489584,0.017135758,-0.2036063,-0.07798434,0.31590876,-0.2503033,0.22223994,-0.39843637,-0.49070916
Adrenergic signaling in cardiomyocytes,-0.21355283,0.12476763,0.3923773,0.40099064,-0.22440347,-0.22908166,-0.0930447,0.19002582,-0.46300873,-0.2556127,0.54149526,-0.48422888,-0.09229858,0.2684426,-0.61867434,-0.18440884,-0.05737741,-0.16426158,0.19100016,0.5363368,0.63481236,0.2720199,-0.18085921,-0.023592569,0.16917251,-0.05993915,-0.41768932,0.2280137,0.1678119,-0.14517814,0.4901446,0.13818239,-0.030623548,0.0889231,0.049323592,-0.40831867,0.88567525,-0.12154158,0.5916106,0.09165534,-0.21464638,-0.26367626,0.1281505,-0.03282088,-0.29053408,0.40998888,0.31325066,0.37153813,-0.11595237,0.5150623,0.50196266,-0.08128643,0.27522933,0.23991641,0.31792435,-0.34513205,-0.12874274,-0.6367964,-0.0751985,0.13716242,0.41807225,-0.14803812,-0.16240962,-0.18867585
Aldosterone synthesis and secretion,-0.052276812,-0.04528667,-0.037434157,0.15015602,0.0025185717,-0.06640551,0.17992604,0.45799738,-0.4725912,-0.095756404,0.5515158,-0.34293288,0.05903934,0.07526682,-0.37864223,0.26721278,-0.07857295,0.21548279,0.35355917,0.44611663,0.56852996,0.39302918,-0.31315717,-0.4023317,0.0048966813,0.08991162,-0.43385062,0.14330436,-0.049986545,-0.07663599,0.3791603,0.017200213,-0.08385387,0.0065609072,-0.17553693,-0.07399148,0.8041016,-0.13759683,0.84369856,0.40601465,0.10222355,-0.09021378,0.29737383,0.09268287,-0.07466257,0.36297864,0.3512913,0.24406035,-0.055351563,0.21009529,0.5799434,-0.23439173,0.32070294,-0.04066321,0.36633825,-0.23596852,0.24045858,-0.6799654,0.0029871366,0.01604293,0.28949907,-0.2284389,-0.377413,-0.10478327
Calcium signaling pathway,-0.055717986,0.22627741,0.06377582,0.22658418,-0.04201927,-0.05606705,-0.21269988,0.48426908,-0.49938253,-0.18637735,0.5070535,-0.5209953,0.20470448,-0.007410175,-0.5748116,-0.05823137,0.005252513,0.2177372,0.26745373,0.32937062,0.50723255,0.12603159,-0.31332827,-0.3958997,0.044701856,0.086003296,-0.44700962,0.3130278,-0.017106676,-0.35759985,0.7019502,-0.006018932,0.015982052,0.082701,-0.4785397,-0.121942826,0.6092509,-0.4574784,0.37364417,0.32487434,0.14591923,-0.012806853,-0.08398696,-0.000821677,-0.18019651,0.116769165,0.2904482,0.09657333,-0.21166883,0.31468546,0.7066391,-0.26269373,0.45872173,0.01134612,0.28765962,-0.31668702,0.21281141,-0.4731734,-0.068186425,0.07540886,0.2959831,-0.2259282,-0.48962033,-0.017905442
Cardiac muscle contraction,0.04742398,0.11404693,0.34112597,0.5837461,-0.03154568,-0.24187677,0.41236728,0.45034024,-0.35274437,-0.16767097,0.7578938,-0.11572234,-0.19306548,0.10686982,-0.91423154,-0.13860525,0.07298266,-0.06303069,0.44221726,0.50566477,0.47887248,-0.019887768,0.12383895,-0.49035615,-0.29862687,0.22401491,-0.7466374,0.26238763,0.38186464,-0.23607783,0.8709894,-0.033964355,0.1255321,-0.12283819,-0.07229209,-0.5081285,0.7347375,-0.26598072,0.65617925,-0.015504726,-0.0390422,-0.25921416,0.30130503,-0.30772486,-0.24359168,0.28438446,0.31844363,0.4544598,0.07498082,0.032908577,0.46784267,0.13647462,0.5506219,0.15918805,0.24743399,-0.3420536,0.023259535,-0.6571622,0.16213161,0.22956496,0.12268126,-0.30169085,-0.16825804,-0.118844286
Cholinergic synapse,-0.10681939,0.14150693,-0.02385523,0.17588268,-0.00096940575,-0.060301855,0.011709091,0.36537418,-0.5101828,-0.10821773,0.6472493,-0.320827,-0.056937184,0.048042964,-0.4088135,0.19202016,-0.021692019,0.05725985,0.2395652,0.4367586,0.4516724,0.3773556,-0.32730117,-0.3179047,0.0022157112,0.31930703,-0.45004576,0.0316258,0.09417048,-0.21222782,0.5414904,-0.050706614,0.005771833,0.06997785,-0.26848006,-0.21291666,0.6623592,-0.00833062,0.737644,0.42161652,-0.003956449,-0.34418052,0.24800348,0.09031812,-0.12027003,0.369547,0.29652318,0.1073988,-0.22759388,0.14842752,0.6955798,-0.10769714,0.24401847,-0.040045585,0.23084487,-0.2887319,0.103983454,-0.55242443,0.18874528,-0.09429283,0.26793623,-0.18610059,-0.36379075,-0.11207419
Dilated cardiomyopathy,-0.27905828,-0.059420917,0.3294378,0.8491886,-0.30235952,-0.6330787,0.09044416,0.2518118,-0.5337747,-0.35160068,0.24460673,-0.13599847,-0.07595373,0.44729394,-0.6052311,-0.06972876,-0.32376105,-0.45904902,0.34689793,0.4364686,0.27105618,-0.18869883,-0.14923912,-0.07958026,0.0011553708,-0.062097806,-0.1834971,0.45965645,0.010241348,-0.32848278,0.5058405,-0.092872396,0.121572666,0.105940565,0.22256637,-0.0769953,0.65054184,-0.4424697,0.58451074,0.05511497,-0.1678742,-0.19247665,0.17063017,-0.35389194,-0.19985859,0.30666444,0.2488278,0.40756854,0.1811573,0.05097792,0.53265136,0.10490926,0.53900987,-0.031570762,0.048650037,-0.15683012,0.023413211,-0.67953473,-0.16833,0.2088772,0.34581316,-0.2860051,-0.24730796,-0.1570891
GnRH signaling pathway,-0.19806066,0.056430962,0.034763552,0.29634735,-0.02126846,-0.11792178,0.011383535,0.48980325,-0.27459762,-0.19198844,0.40705597,-0.3084181,-0.10123035,0.11559257,-0.30384213,0.25551617,0.047431774,0.12690404,0.17504965,0.41694376,0.65323335,0.52095896,-0.28323442,-0.3110882,-0.120532975,0.05113556,-0.6237467,0.20185985,0.18108734,-0.18629815,0.30893815,0.03318796,-0.1471199,0.15511203,-0.2620184,-0.07868086,0.79128015,-0.16954932,0.733384,0.35136607,0.070564985,-0.21553266,0.18920796,0.106488146,-0.021794299,0.41847444,0.28894335,0.2546897,-0.09805599,0.16250733,0.59545773,-0.22259057,0.31607988,-0.100238,0.268036,-0.3872599,0.20787379,-0.5994169,-0.0021046747,0.025979951,0.30781502,-0.22773907,-0.50517285,-0.046220783
Hypertrophic cardiomyopathy,-0.29543528,-0.024545498,0.3617007,0.654613,-0.1394278,-0.37311152,0.3393819,0.178522,-0.43228087,-0.109696634,0.43102482,-0.3133819,0.04927818,0.22456792,-0.57373357,-0.054983966,-0.017825946,-0.3843569,0.28888053,0.37768358,0.4271459,0.0497675,0.17845893,-0.08773614,0.09373262,0.015127267,-0.24968651,0.55839384,0.16807857,-0.337935,0.70588577,0.0018296777,0.003410824,0.11720852,0.068659425,-0.2847855,0.74767977,-0.5411275,0.5715457,-0.12234274,-0.28257877,-0.19816922,-0.107138485,-0.352418,-0.4749809,0.6040339,0.27070206,0.5469095,0.17218672,0.30202165,0.49341404,0.35366493,0.23242952,-0.28021115,-0.05581012,-0.12584235,-0.036394145,-0.6981417,-0.15658817,0.3680585,-0.0034600843,-0.14876767,-0.2637372,-0.14177965
Insulin secretion,0.048172604,0.06420941,0.24982032,0.33203688,0.10642563,-0.14010003,0.20326224,0.41162297,-0.4659907,-0.10189855,0.5312615,-0.38625702,0.08454059,-0.09842285,-0.16669264,0.21969809,0.080083214,0.20875219,0.3833684,0.4964623,0.4777338,0.21419193,-0.1351731,-0.38136053,-0.042822875,0.06425125,-0.3211362,0.11848516,0.10853499,-0.21056654,0.52567005,0.099499375,-0.014460576,0.08287717,-0.22679533,-0.15607765,0.7460159,-0.29132745,0.7985763,0.31458023,-0.02171372,-0.18629757,0.11932514,0.19216417,0.03839163,0.32855812,0.28633097,0.14004666,-0.14494678,0.2964257,0.74686927,-0.23036689,0.4138596,0.070154876,0.44376838,-0.2174421,0.12432819,-0.5621167,0.11981551,0.026675936,0.2714428,-0.34769374,-0.32362923,-0.08987574
Oxytocin signaling pathway,-0.17404336,0.03051549,-0.18629889,0.1589085,0.0009732911,-0.15290849,0.025060091,0.12851936,-0.30761772,-0.02326564,0.7226368,-0.3060108,-0.117628865,-0.028204277,-0.38784185,0.33233556,0.035839964,0.19439043,0.08963172,0.603389,0.6717104,0.33411852,-0.3860258,-0.27168107,0.14799978,0.14015517,-0.31925616,0.2748682,-0.07136621,-0.13286367,0.51784456,0.004075404,-0.13448472,0.110209934,-0.4608774,-0.17462282,0.46527475,-0.029608592,0.56183815,0.17481714,0.12326513,-0.21923016,0.2174683,-0.102993116,-0.20976168,0.17224146,0.3385268,0.063021734,-0.17626485,0.23736662,0.79971945,-0.043838155,0.48762864,-0.14763077,0.25556597,-0.20644158,0.198274,-0.72141314,0.09925172,0.02852052,0.40090197,-0.19417115,-0.5002381,-0.13393176
cAMP signaling pathway,0.066246465,0.1028813,0.034823135,0.35922232,0.012556191,-0.021869443,-0.09216335,0.54671836,-0.5173111,-0.06219092,0.6106502,-0.0950571,-0.097742245,-0.1276143,-0.44429633,-0.04083213,-0.09009443,-0.12891698,0.42593512,0.3043087,0.44218057,0.49300128,-0.45686024,-0.22165895,0.062616326,0.12088039,-0.41987246,0.13502043,-0.08833189,-0.31835246,0.4829652,0.34253347,-0.12221323,-0.16843258,-0.27785406,0.11014435,0.69942296,-0.3044423,0.6455779,0.17088538,-0.01942527,-0.32467502,0.10166573,0.15953727,-0.17109977,-0.011582827,0.25004637,0.23309283,-0.07409941,0.15559635,0.73765063,-0.030365393,0.41387203,0.110343866,0.3290356,-0.4340705,0.2394463,-0.44934595,-0.05048681,0.03535209,0.1157561,-0.12420226,-0.3681809,-0.14795977
cGMP-PKG signaling pathway,-0.16874368,0.090783976,0.1412396,0.051606063,-0.12216266,-0.17048083,0.140261,0.39020595,-0.46623164,-0.010206958,0.5248204,-0.29202095,0.15773521,0.1536884,-0.24949956,0.2997947,-0.15789853,0.12914784,0.27628607,0.4750382,0.22011404,0.29889217,-0.29499432,-0.26863164,0.13908151,-0.16323441,-0.14748305,0.23872171,0.025085103,-0.31245127,0.74721384,0.099935636,-0.0795737,0.21258062,-0.07960524,-0.26291242,0.6492682,-0.21333116,0.44462973,0.09515743,-0.10764154,-0.19562611,-0.063302055,0.027930845,-0.4051579,0.13757534,0.3724626,0.17811984,-0.15720634,0.4084948,0.72717553,0.012804998,0.4877334,0.09568096,0.22821313,-0.2920843,0.1895944,-0.6561644,0.022116132,0.070697315,0.11488553,-0.093260154,-0.2949156,-0.12648709
African trypanosomiasis,0.30577534,-0.9983367,0.45290324,0.36369115,-0.15225607,0.34934536,-0.081147075,0.06966899,-0.5664953,-0.06714438,-0.14334498,-0.3246812,-1.0432718,0.27829745,0.19342598,0.13483371,-0.4996962,-0.10428402,-0.061369352,0.12330393,0.24005908,0.47974384,0.6360447,-0.26426798,0.106784865,-0.007900781,-0.501357,-0.46351108,-0.07114689,-0.37602416,0.30752006,-0.43117282,0.14565402,0.3334118,-0.28258008,-0.20433445,-0.07186247,-0.3138061,-0.1565077,0.09678972,-0.11410009,-0.071373455,0.23317541,-0.20097698,0.34099922,-0.26234788,-0.33672556,-0.14953949,0.12165202,0.15086587,0.15933202,-0.22945277,0.2732272,0.049232136,-0.4605788,0.3566497,0.053686544,-0.17062822,0.18956661,0.01642927,0.08195413,-0.49234948,0.38968235,0.19680344
Cell adhesion molecules,0.2206067,-0.69116294,0.086406566,0.20364474,-0.06480915,-0.06973373,-0.24640039,-0.2974098,-0.5029559,0.00797913,-0.2721157,-0.33785018,-0.5431046,0.1847495,0.09649525,0.14834446,-0.3654481,-0.09641539,0.085112475,0.035195928,0.18239526,0.51021886,0.4462924,-0.54662806,0.32777533,0.058162075,-0.22305603,-0.2841171,-0.27035505,-0.64791685,-0.120242625,-0.13932298,0.22496994,0.32668966,-0.50011253,0.13929375,0.27569595,-0.09317767,-0.08356457,0.20420769,-0.26409727,0.06704002,0.053343035,-0.24375351,0.055128504,-0.19861962,-0.0027018995,-0.2291712,-0.14164409,0.2425488,0.12575026,0.2097994,0.19161902,0.057806857,-0.2298116,0.18699132,0.20694885,0.01105554,0.106014565,0.10755141,-0.356115,-0.36426598,0.5272089,0.22346151
Coronavirus disease,0.20258337,-0.81475586,0.28310257,0.451237,-0.08249889,0.60622966,-0.32230496,-0.04568964,-0.68582416,0.29117036,-0.24029112,-0.25325477,-0.56055707,0.13423671,-0.012484041,0.21001796,-0.37991565,-0.09136258,0.1720268,0.13694929,0.10237997,1.005238,0.40548873,-0.18223102,0.04632212,-0.27256358,-0.13020606,0.27915862,0.020258367,-0.44953966,0.13204502,-0.52490765,-0.20522164,0.4717973,-0.36640516,0.06787436,0.13715251,-0.112267256,-0.0028574993,0.25043604,0.1231481,-0.108738214,0.4395046,-0.46198052,0.5020736,-0.24004455,-0.31583795,0.03175683,-0.1766653,0.31388962,0.10109223,-0.1942348,0.22585659,-0.4395517,-0.16268903,0.23929727,0.13925989,0.14611492,0.4020689,0.05823832,-0.16397768,-0.029579902,0.5801102,0.23863083
Cytokine-cytokine receptor interaction,0.2641477,-0.73018366,0.25080454,0.32733363,-0.071335174,0.25519466,-0.38055778,-0.233687,-0.65159243,0.017688083,-0.13725534,-0.36896104,-0.6806694,0.16397856,-0.05372048,0.22937602,-0.40131405,-0.16467236,-0.112323016,-0.002142124,0.12634167,0.70512414,0.43273905,-0.5045269,0.036541753,0.10183545,-0.34247577,-0.13615441,-0.19505298,-0.5375003,-0.10830309,-0.17926258,0.06659029,0.2075459,-0.42411402,0.2573915,0.116107695,-0.013324267,-0.09622687,0.05749451,-0.19195038,0.22561102,0.14124854,-0.23791313,0.22845282,-0.122325785,-0.12107444,0.06765417,-0.020793999,0.2111051,0.13002342,0.07617541,0.20974925,-0.099090286,-0.24457222,0.21110725,0.10577341,-0.1925761,0.05474654,-0.032484073,-0.22535934,-0.28409305,0.54758763,0.40890276
Malaria,0.19255686,-0.78585744,0.3562184,0.46594313,-0.10037349,0.03645206,-0.03759544,-0.19210514,-0.50360763,-0.1103647,-0.12991445,-0.2882628,-0.8825115,0.3425897,0.11051172,0.14803521,-0.36729062,0.027196793,0.30739042,-0.052521087,0.029557128,0.41886136,0.40115345,-0.22297896,0.29807395,0.06330521,-0.31234387,0.07796236,-0.2687642,-0.49761677,-0.0018321319,-0.52655035,0.20033114,0.3454692,-0.11362045,-0.050562836,0.20614567,-0.44087994,-0.30196962,0.13242675,-0.220352,0.056068663,-0.15822814,-0.20844674,0.20078345,-0.35928044,-0.0991497,-0.22396277,0.009266393,0.35670602,0.17421491,0.15516302,0.58165085,-0.1599792,-0.49165523,0.17522943,0.13032489,-0.116215445,-0.05836971,-0.2030569,-0.42227143,-0.44099846,0.6537949,0.046705104
Pertussis,0.11101549,-0.8798914,0.2760215,0.03229342,-0.12300336,0.39550605,-0.28582713,-0.14724979,-0.585306,0.033244878,-0.011454022,-0.3304714,-0.7280173,0.29888377,-0.04662976,0.1578219,-0.51860285,-0.23463587,0.038071886,-0.0361144,0.036433555,0.68162507,0.5519894,-0.46903533,0.02650688,-0.23644242,-0.19410503,0.13423516,-0.079343826,-0.45889893,0.18320471,-0.41674468,-0.005717809,0.25612858,-0.36317036,0.008648886,0.38327435,-0.087783046,0.0017839122,0.21183154,-0.20891134,-0.03993102,0.29171842,-0.32222417,0.4982836,-0.054974705,-0.28853288,-0.026272897,0.06803574,0.008673975,0.30779266,-0.1595122,0.3054253,-0.021183763,-0.2582186,0.6353184,0.10789294,0.07976991,0.37138605,0.08624116,-0.12585858,0.04590792,0.5204426,0.26570967
Rheumatoid arthritis,0.47689122,-0.90480715,0.18107155,0.22541499,-0.17610586,0.20934637,-0.26493067,-0.25330603,-0.54690766,-0.0042070346,-0.11002476,-0.3145842,-0.6011562,0.099236004,-0.13178562,0.10792744,-0.33106452,-0.16253716,0.07799985,0.15280046,0.20953436,0.77399683,0.41720608,-0.40274522,0.17571665,0.06464146,-0.32191902,-0.12997568,-0.13867578,-0.4001344,-0.069318086,-0.1641253,-0.013935994,0.32929417,-0.3182246,0.26017922,0.10155535,-0.15702556,-0.11581169,0.15085465,-0.15174296,0.1738426,0.1717458,-0.26872167,0.13905232,-0.13488227,0.020807592,-0.24492517,-0.058289643,0.30650696,0.105954416,-0.07954064,0.23003224,-0.005519453,-0.1517342,0.29038632,0.14056067,-0.056127716,-0.08335417,0.15301436,-0.29028714,-0.22336182,0.6447183,0.28659558
Staphylococcus aureus infection,0.3361645,-0.9002796,0.2442897,0.21060877,-0.14298625,0.3231275,-0.10946171,-0.09757596,-0.561858,-0.068406716,-0.27537423,-0.3475344,-0.5148158,0.178583,0.09459205,0.09633758,-0.40640706,-0.15117691,-0.007683455,0.065333396,0.050700836,0.9120378,0.47133115,-0.54241735,0.39379656,0.06244646,-0.33427,-0.12054738,-0.037865683,-0.2870922,-0.023991602,-0.08160355,0.16079862,0.3704426,-0.47610655,0.11733569,0.1702037,-0.12123914,-0.0576048,0.30894166,-0.16823383,0.20054929,0.063913085,-0.2714068,0.14710839,-0.010351387,-0.041390546,-0.37406135,0.03738407,0.28784478,0.15485008,0.11616164,0.08851716,-0.1265778,-0.272973,0.24545063,0.25486046,-0.020681359,-0.03819063,0.0818288,-0.099981,-0.37445682,0.5487855,0.36104286
Alcoholism,0.39703408,-0.122731276,-0.4175964,0.45855257,0.79553825,-0.15686443,-0.28171784,0.5194033,-1.0511256,-0.89438254,1.268474,-0.5219977,-0.44440562,-0.102943994,0.4306774,0.27630654,0.2902824,-0.39599824,0.49426472,0.6609235,-0.015647044,1.5609667,0.88966984,-0.18853192,-0.20103826,0.2552207,-0.06657989,-0.24784416,0.5710816,-1.2044711,-0.1466791,-0.16261564,0.62888056,0.38103023,-0.71846336,-0.5589286,0.8160855,0.01931034,-0.07246353,-0.14934568,0.32522815,0.5742975,0.7789569,-0.4450192,0.39461085,-0.2953002,-0.16631255,0.14103743,1.0744542,1.0078102,0.32515636,0.6675286,0.38345203,0.5080661,0.33899724,-0.46679363,0.20127663,-0.34187,0.3264428,0.114493005,0.2131661,0.37999964,0.20967342,-0.5354926
Neutrophil extracellular trap formation,0.3260895,-0.15649797,-0.41360003,0.3386566,0.70654744,-0.116042234,-0.19627167,0.36348212,-0.98349303,-0.8113757,1.2171842,-0.56096494,-0.44795257,-0.16695976,0.18851535,0.3193583,0.2918295,-0.43125817,0.25882462,0.7745941,-0.076257594,1.5590998,0.92851275,-0.06086648,-0.22777313,0.45039436,-0.1768428,-0.26810786,0.71105915,-1.3825248,-0.25026914,-0.18496422,0.71184087,0.3777304,-0.88786876,-0.59480155,0.9169292,0.25067645,0.12000943,-0.0534415,0.44084582,0.50781083,0.7299018,-0.40121,0.46613884,-0.16327678,-0.13149971,0.07425797,1.0605261,1.007336,0.40444592,0.6355768,0.3999438,0.35203466,0.30087355,-0.45693973,0.14320308,-0.19144602,0.31781226,0.027046144,0.17235044,0.3233102,0.17730118,-0.6701006
Systemic lupus erythematosus,0.24750425,-0.161099,-0.22665444,0.36999902,0.8380892,-0.2190194,-0.062610745,0.59079355,-1.0802002,-0.71217084,1.2714291,-0.69791585,-0.42674708,-0.20023775,0.40918157,0.2745131,0.388298,-0.4973789,0.51915246,0.7325636,0.14240026,1.4558743,0.9517537,-0.12029397,-0.11567254,0.40467772,0.044999175,-0.12925749,0.60859734,-1.2026273,-0.16431104,-0.21805763,0.6822996,0.46218127,-0.8938918,-0.5422454,0.8401574,0.19287801,-0.0063557415,-0.20802027,0.37825224,0.50734097,0.69710356,-0.40374717,0.4320872,-0.15455428,-0.13828072,0.16369817,1.0043789,0.9508706,0.24138847,0.7150652,0.5154904,0.4756155,0.26408333,-0.3806592,0.25906646,-0.20075603,0.24877745,0.014602441,0.16463502,0.34711182,0.27674946,-0.5905305
Circadian entrainment,0.0025091239,0.22071521,0.002746995,0.19307916,-0.04425204,-0.036369372,0.12381183,0.3918622,-0.40499914,0.1152147,0.45335135,-0.33341601,-0.105029896,0.08346509,-0.2716212,0.13772023,0.019019391,0.15543596,0.41884604,0.55922914,0.42997903,0.5202412,-0.21161395,-0.26020285,0.03001044,0.22279203,-0.39521164,0.13764341,0.13994002,-0.2865303,0.3542232,-0.023955137,-0.02437677,0.14279003,-0.33868134,-0.187104,0.7324516,-0.107603125,0.7157296,0.38663396,-0.22954755,-0.31298375,0.21585938,0.19439685,0.06993386,0.23118006,0.2830386,0.1598553,-0.32911983,0.06402328,0.79243565,-0.37237516,0.28143424,-0.0015463814,0.36264023,-0.52125806,0.053563695,-0.68002236,0.0030561555,-0.048482265,0.41675517,-0.3168869,-0.32333973,-0.03253591
Cortisol synthesis and secretion,-0.06671546,-0.062122073,0.16607293,0.15831032,-0.07973459,-0.18469419,0.19514614,0.41479412,-0.6528289,-0.03939211,0.4256793,-0.29474467,-0.0041956045,-0.04267003,-0.11944545,0.09144754,-0.0015357136,0.105951466,0.51349413,0.7281775,0.33366123,0.4475986,-0.47514328,-0.3405394,0.1385775,0.25407305,-0.21596412,0.3412574,0.22722025,-0.15110375,0.22021298,0.25030175,0.11822957,-0.037711397,-0.21949597,0.04902913,0.7425261,-0.015011718,0.69187784,0.36749488,-0.23827401,-0.18875298,0.18941572,0.31601703,0.025429914,0.07723881,0.37020087,-0.008017281,0.007933222,0.14040855,0.7340657,-0.04889994,0.27171865,-0.02153114,0.44494548,-0.16915978,0.37187606,-0.4787964,-0.018765602,-0.0057809423,0.47631124,-0.18102051,-0.36503917,-0.0041041025
Dopaminergic synapse,-0.2519396,-0.018249307,0.10066041,0.2675622,-0.19620697,-0.080976106,-0.016477408,0.7862993,-0.43429422,0.15762065,0.59182733,-0.45072153,-0.16673878,0.10681664,-0.21993627,0.23765181,-0.015582373,0.13176845,0.14800839,0.5138124,0.45969465,0.5892934,-0.12818338,-0.24435163,-0.022163957,0.39335096,-0.30467743,0.06364811,0.24283963,-0.32273757,0.3534989,-0.029882506,-0.23443262,-0.23399675,-0.23263058,-0.24377495,0.50804156,-0.2315178,0.71966034,0.35903046,-0.24661334,-0.2992859,0.1415921,0.25170332,-0.13400951,0.18155542,0.2080695,0.12686355,-0.21671832,0.2143061,0.63488287,-0.34064338,0.3444468,0.16395089,0.50207,-0.25527865,0.19658674,-0.5083769,0.19933201,-0.08757181,0.47557557,-0.24312986,-0.70148236,0.13743651
Endocrine and other factor-regulated calcium reabsorption,-0.10419772,0.015161338,0.111079924,0.30270025,-0.063981906,-0.28326064,0.17683604,0.4529576,-0.37533137,-0.07757438,0.42559883,-0.38591436,0.1435201,0.0776485,-0.49695894,0.333275,-0.09053278,-0.02696706,0.3461995,0.4626665,0.31011325,0.44793028,-0.64457065,-0.42840958,0.2594129,-0.17522632,-0.003880974,0.05656497,0.02096307,-0.19307153,0.69773155,0.2791374,0.2758507,0.11058462,0.019882435,-0.11222663,0.381177,0.021387696,0.59573966,0.2845361,-0.033713143,-0.18471406,0.3345921,0.28981948,-0.046745677,0.12383628,0.19195487,0.14416547,-0.17082787,0.42947245,0.5911709,-0.30969006,0.46394715,-0.08295404,0.37803704,-0.33266208,0.49653277,-0.5182059,-0.06887051,0.10603375,0.15256259,-0.12522961,-0.25468013,-0.19606489
Gastric acid secretion,-0.19778515,0.16479555,-0.06637794,0.23475337,0.09223542,0.008941341,0.026290081,0.46486855,-0.34250858,-0.170569,0.7591315,-0.2864609,-0.06659286,-0.022357859,-0.5457666,0.2338934,-0.35193828,0.1544,0.47393912,0.32496518,0.70302886,0.4237283,-0.22660731,-0.36133462,0.22080788,0.15856735,-0.2556402,0.14074567,0.013622413,-0.13780959,0.09125111,0.22645465,-0.23350622,0.31690338,-0.2644062,-0.08122504,0.78438866,-0.10402509,0.5179055,0.16979341,0.14537556,-0.21710505,0.25951314,-0.029402757,-0.021571098,0.148448,0.16778244,0.26791888,-0.27182782,0.18342987,0.57994413,-0.48437557,0.5889958,-0.16171819,0.36675948,-0.121521205,0.030785961,-0.90222335,0.22760752,0.25871938,0.42650723,-0.036233902,-0.33859488,-0.3279224
Glutamatergic synapse,0.12002839,0.24611853,-0.061080143,0.4686827,0.12701024,0.0377581,0.24082349,0.35248607,-0.65835994,-0.11193257,0.5203228,-0.21271922,0.12016272,0.16399145,-0.10034887,0.3327925,-0.10400679,0.002445353,0.011763663,0.6090761,0.28385463,0.6039732,-0.28148082,-0.21033351,0.11774246,0.22568668,-0.31794903,0.1868148,0.303141,-0.17157917,0.13409325,-0.1357072,-0.15240537,0.028590187,-0.3653211,-0.104888886,0.8054562,-0.16056743,0.85450363,0.16029161,-0.09436524,-0.13593942,0.28726244,0.023482414,-0.19915934,0.04242598,0.2585854,0.18534526,-0.38700935,0.09957164,0.8917631,-0.22620143,0.10211957,0.025375152,0.4240643,-0.36917984,0.11296286,-0.73914135,-0.11026361,-0.27058938,0.23164952,-0.3025956,-0.47977668,0.078317545
GnRH secretion,-0.0029440627,0.25695324,0.07049672,0.28435665,-0.0316951,-0.3352079,0.31132764,0.42605826,-0.53862166,0.037774745,0.5669722,-0.30385658,-0.11161868,0.08567842,-0.12667352,0.084272765,-0.118359536,-0.04644982,0.3804166,0.64828986,0.30704868,0.49441847,-0.37113327,-0.36018708,0.0998668,0.31236774,-0.5128322,0.059156034,0.11731457,-0.20966996,0.2355269,-0.039424714,0.037583414,0.13845462,-0.35337794,-0.3035154,0.8729691,-0.07437097,0.6764467,0.13147695,-0.022962188,-0.16914375,0.13398615,0.23258956,0.12275037,0.19492683,0.28559658,0.21838179,-0.35489002,0.2661131,0.5688652,-0.38539314,0.38014448,0.07323719,0.38687146,-0.30265504,0.11917854,-0.5812937,0.08637023,-0.049667366,0.38387078,-0.31565005,-0.5488012,0.06874469
"Growth hormone synthesis, secretion and action",-0.11882958,-0.014752498,0.42993203,0.3030371,-0.21014018,-0.23834701,0.14673269,0.5602974,-0.6063856,-0.18152608,0.51493144,-0.12148058,0.145504,-0.012278204,-0.2324943,0.3512991,-0.13659135,-0.04825766,0.44696736,0.6291492,0.41392237,0.28170383,-0.16425073,0.010184402,0.23041058,-0.04010281,-0.30076343,-0.30561066,0.04711379,-0.23878449,0.63083655,0.35526392,-0.085873686,0.34479892,-0.40039185,0.10727781,0.36695164,0.16611017,0.6939308,0.3298495,0.100797035,-0.09654149,0.17466955,0.28805912,-0.021740705,0.2934641,0.41005623,0.14353824,0.18848985,0.18101788,0.7320256,-0.4071759,0.23743714,-0.06366087,0.18657017,-0.5889963,0.35524982,-0.19419774,0.014633089,0.10836108,0.12103083,-0.013425364,-0.36328852,0.04103261
Inflammatory mediator regulation of TRP channels,-0.2460401,0.037831716,-0.11153439,0.34666294,0.1242977,-0.30520266,-0.16651845,0.37897173,-0.5762197,-0.31518853,0.3541937,-0.20530647,0.31328383,-0.227314,-0.64636755,0.18411624,-0.081517644,0.083141774,0.42858392,0.27716318,0.469058,0.49609146,-0.32560763,-0.44317365,-0.003226036,0.26552555,-0.16609086,0.015678573,0.1647171,-0.18734518,0.28029475,-0.07983907,-0.12055029,0.29797003,-0.48401922,-0.04920151,0.9090801,-0.17709753,0.52661914,0.5384483,-0.14440863,-0.0835615,0.19735079,-0.006235931,-0.16547428,0.21718486,0.36454582,0.20505643,-0.35169718,0.282278,0.45933574,-0.56111395,0.32097924,-0.17246161,0.28105712,-0.18863498,-0.07723253,-0.8855442,0.051417314,0.16963927,0.3730902,0.13756134,-0.53075916,-0.18911384
Long-term potentiation,-0.085975245,0.12087005,0.13481942,0.29794428,-0.16231515,0.20399603,0.046843454,0.34018847,-0.75349903,-0.014469421,0.43305475,-0.40200993,-0.31669044,-0.168288,-0.29920992,0.3261072,0.14658262,-0.05028677,0.25557733,0.46248925,0.40680385,0.55773,-0.1358973,-0.22019987,-0.0069383034,0.10737048,-0.20235494,0.011423305,-0.03766507,0.02996646,0.26032954,-0.041402023,0.05195135,-0.12600149,-0.25453618,-0.23424442,0.60782784,-0.18866003,0.8266969,0.3155884,0.04063752,-0.5352263,0.10152886,0.21427785,-0.11574195,0.1818079,0.2459939,0.12203368,-0.37763095,0.13665935,0.6566697,-0.3318596,0.47807038,-0.17270614,0.16267534,-0.45323148,-0.044813734,-0.90298533,0.09629833,-0.12052459,0.41400838,-0.41614464,-0.7312349,-0.065745704
Serotonergic synapse,0.12652686,0.06665813,-0.06987582,0.15426175,0.13145904,-0.25010288,0.06595945,0.35393235,-0.4187892,0.07461463,0.5503108,-0.4965258,-0.196668,0.0279565,-0.27033252,0.24880725,0.0028812075,-0.010965183,0.33504188,0.5760655,0.40568277,0.40606475,-0.42728552,-0.16162732,0.01522491,0.16116719,-0.29727718,0.10380089,-0.011830176,-0.27408606,0.3397294,-0.070482425,0.009588814,-0.09880077,-0.22620666,-0.15304391,0.7828202,-0.0792763,0.6642633,0.14296399,-0.1035968,-0.34466878,0.16598791,0.169391,0.04327698,0.31616148,0.20683235,0.07160289,-0.34177232,0.21825087,0.8014164,-0.21391366,0.17244928,0.03310884,0.47312444,-0.39664972,0.22846876,-0.68659925,0.050314616,0.0592535,0.23926198,-0.19144736,-0.44598,-0.12870063
Thyroid hormone synthesis,-0.08135353,0.16406925,0.30577478,0.18693046,-0.07861756,-0.46183294,0.17911075,0.2542031,-0.25421837,-0.038179796,0.5500175,-0.52848834,0.019249702,-0.09997867,-0.26413044,0.45815325,-0.17933013,-0.079572566,0.32325545,0.6970447,0.31640118,0.30907437,-0.39412433,-0.28178456,0.18086976,0.023245038,-0.2072448,0.14325902,-0.038280003,-0.23321405,0.64583755,0.13290393,-0.24773678,0.23176351,-0.23976654,-0.1432908,0.5462589,-0.217163,0.7477311,0.20429207,-0.12078871,-0.23853049,0.10650166,0.08391421,0.15077014,0.25563785,0.11768368,-0.042230543,-0.2836068,0.3838514,0.681836,-0.36789685,0.4601407,-0.11803311,0.30383176,-0.3207151,0.41230506,-0.35995772,-0.5131633,-0.10605482,0.262916,-0.3438217,-0.21225391,-0.31155205
Allograft rejection,0.42419246,-0.7867913,0.17335047,0.22462937,-0.0270592,0.07023735,-0.35189125,-0.15052667,-0.43009824,-0.15795782,-0.25128698,-0.41523218,-0.62071925,0.20950896,-0.056880042,0.3018289,-0.2721827,-0.0943056,-0.118723705,0.20302364,0.27157474,0.6599011,0.48948234,-0.44321364,0.15302753,0.099828534,-0.20450911,-0.23253009,-0.038867317,-0.45284685,-0.33628693,-0.17568316,0.14941221,0.15736543,-0.3332233,0.25985372,0.13774599,-0.057245955,-0.15608001,0.10679929,-0.30581215,0.06394117,0.26097694,-0.3031064,0.09497852,0.047788274,0.057127398,-0.353358,-0.16541164,0.5363014,0.11036356,0.09135578,0.33608738,0.008451507,-0.10168171,0.27157432,0.26926386,-0.112375714,-0.122899346,0.04861909,-0.2860816,-0.22717291,0.46247673,0.34196648
Antigen processing and presentation,0.29209226,-0.6400325,0.1417259,0.27968153,-0.07748633,0.17988786,-0.34833932,-0.15352364,-0.53101206,-0.107714556,-0.20034592,-0.52677214,-0.7036333,0.13973059,-0.04384849,0.41542092,-0.27872324,-0.19699693,-0.032511838,0.048344556,0.40880808,0.62473017,0.6354469,-0.45358342,0.077572964,0.05847609,-0.33679226,-0.28165677,0.013267635,-0.50432277,-0.34277973,-0.102686875,0.27813122,0.20529072,-0.33722222,0.3355373,0.1064828,-0.02064999,-0.09407256,0.06620384,-0.3622953,0.17750725,0.25544217,-0.2187108,0.099803984,0.14642443,-0.03475791,-0.3413903,-0.25830403,0.39713022,0.07738186,0.122433804,0.15782277,-0.036237452,-0.2128838,0.28133535,0.10254424,-0.15340716,0.04060216,0.03476157,-0.29852122,-0.22772196,0.48540765,0.21329348
Asthma,0.4292878,-0.71772456,0.064323775,0.0017932159,-0.16831602,0.11740982,-0.2509063,0.00394977,-0.54834026,0.05296855,-0.12705514,-0.53644526,-0.43003577,0.24211617,0.13773134,0.23947324,-0.3825845,-0.12466524,-0.041074865,-0.0013612192,0.23040839,0.6352117,0.62521434,-0.54138476,0.26490948,0.18600713,-0.45304963,-0.3118304,-0.20776461,-0.56117696,-0.15505628,-0.16192418,0.2526753,0.39474726,-0.40410474,0.20928927,0.21466708,-0.15193996,-0.22370604,0.06217486,-0.34784132,0.17226619,0.07567429,-0.2571267,0.021447478,-0.025332555,0.07796426,-0.22719754,-0.16618097,0.4695863,-0.07095619,0.0970256,0.15765513,-0.07929404,0.01746161,0.26794815,0.205685,-0.16163056,-0.06630455,0.024727961,-0.30289564,-0.24912114,0.45450354,0.22134896
Autoimmune thyroid disease,0.34700298,-0.6583083,0.2580841,0.17818223,-0.0861023,0.06983084,-0.31176552,-0.09201441,-0.46944997,-0.024446636,-0.21245174,-0.48809013,-0.57177776,0.26128203,-0.047164563,0.31367916,-0.29707697,-0.1826089,-0.069189966,0.045479335,0.28250274,0.66092896,0.43531492,-0.4939853,0.16692175,0.18751256,-0.44693598,-0.24638736,-0.08700623,-0.47233945,-0.26229236,-0.1882931,0.24892713,0.2582446,-0.47287226,0.2806592,0.0803342,0.01440466,-0.0701639,0.104932,-0.33581978,0.086398624,0.14856924,-0.33911067,0.2712877,-0.036605127,0.007628125,-0.35768926,-0.13499184,0.32735473,0.07631522,0.13376406,0.15524504,-0.070412844,-0.06924076,0.13348687,0.1924645,-0.04402744,0.012662771,0.17493723,-0.29048333,-0.32292527,0.46371365,0.20693134
Chemokine signaling pathway,0.21714519,-0.8517262,0.2941637,0.16545312,-0.24808367,0.23336917,-0.0667303,-0.1859177,-0.588909,0.0062412117,-0.05232866,-0.49718758,-0.65389335,0.38886127,-0.027920833,0.21916778,-0.33490428,-0.37382948,-0.03727948,0.087497495,0.25198132,0.3517803,0.51531,-0.56059086,0.17929198,0.17816086,-0.22265552,0.0736364,0.10520935,-0.49779573,-0.034544103,-0.1757474,0.117670305,0.25032002,-0.38171092,0.18268609,0.1377686,0.084904395,-0.15555602,-0.11991033,0.1935769,0.2788267,0.16420837,-0.21306765,0.25016078,0.0201398,-0.012039072,-0.29032266,-0.1961652,0.29020372,0.103331186,-0.05138498,0.13242364,-0.07056283,0.07744894,0.29065117,0.1584123,0.014620739,0.06308034,0.2055079,-0.52928555,-0.15391186,0.44933197,0.30609903
Cytosolic DNA-sensing pathway,0.3769987,-0.862365,0.13262999,0.09965215,-0.09641742,0.16409066,-0.41227365,-0.21240287,-0.4629846,-0.22730803,-0.19670245,-0.5542245,-0.65547323,0.17792249,-0.3822338,0.17103644,-0.26601407,-0.09175872,0.13342993,0.01657257,0.25819096,1.0432205,0.5968101,-0.768096,-0.06328365,0.08868842,-0.2587853,-0.38470888,0.1941329,-0.50797033,-0.098669,-0.28930008,0.20673947,-0.04622756,-0.109659836,-0.13789615,0.086845875,0.1781094,-0.08908423,0.022077002,-0.40700337,0.16350345,0.12708285,-0.1366725,0.23627742,0.051775508,0.21461204,-0.11370432,-0.25989062,0.016042037,0.055166,-0.096713796,0.2904976,-0.3130045,-0.06292641,-0.02651737,0.18540233,-0.11536368,-0.22381254,0.21739843,-0.29062498,-0.037912875,0.75157225,0.3661076
Epstein-Barr virus infection,0.45477712,-0.7271259,0.045605153,0.36073324,0.06321264,0.323456,-0.30275363,0.016755683,-0.45330575,0.18376756,-0.20611168,-0.390141,-0.68192416,-0.14683087,-0.15042436,0.21438202,-0.27862972,-0.27899966,0.032660704,0.22629237,0.3738668,0.7851664,0.43061382,-0.47842324,0.29561046,0.08830659,-0.10396358,-0.08290375,0.12763529,-0.5956872,-0.109675325,-0.2511488,0.1645271,0.15162808,-0.5237029,0.17389292,0.12159867,0.1062459,-0.37099177,-0.2640426,-0.27025542,-0.06470052,0.18968856,-0.35322163,0.3169882,0.21635967,-0.044188425,-0.16267681,-0.23151451,0.17287645,0.047684956,0.09644788,0.37799785,-0.21138987,-0.041620627,0.02031351,0.09219671,0.1232428,-0.18113455,0.33153337,-0.35947624,-0.300594,0.4282345,0.54968554
Graft-versus-host disease,0.25089902,-0.675013,0.250225,0.10066213,-0.1487729,0.13459322,-0.32695615,-0.12615131,-0.38632226,-0.080954485,-0.36070773,-0.42857483,-0.62639284,0.19907959,0.010295037,0.32032976,-0.38719878,-0.09348774,0.059314717,0.041033015,0.43993324,0.72920483,0.5633215,-0.40102577,0.16330546,0.023657486,-0.24829412,-0.22242466,-0.050126947,-0.53195417,-0.1798533,-0.17703632,0.21448027,0.092345014,-0.3625786,0.2896956,0.20224315,-0.13382727,-0.001338619,0.057389885,-0.31478474,0.23679763,0.2548644,-0.34410533,0.13346931,-0.024532484,-0.04572712,-0.3796885,-0.2945861,0.47376892,0.16025081,0.10966669,0.23768368,0.03573563,-0.12461378,0.2816163,0.06236231,-0.104779355,0.03253405,0.09582558,-0.25795013,-0.24004556,0.47076198,0.3576458
Hematopoietic cell lineage,0.44142637,-0.8436846,0.18983556,0.120902635,-0.16429597,0.058517404,-0.28740054,-0.10836002,-0.5101625,-0.20344627,-0.16019839,-0.35858586,-0.4826157,0.17853294,-0.15545021,0.1760757,-0.39488524,-0.346205,-0.061991144,0.21392971,0.37319395,0.5766887,0.58446634,-0.47063068,0.17240594,0.17002183,-0.30720228,-0.27266523,-0.17331724,-0.44946665,-0.25881177,-0.14253664,0.078703836,0.2299424,-0.3540613,0.1749265,0.079607606,-0.11881831,-0.117503166,0.13956359,-0.26426122,0.1674065,0.23094237,-0.2198345,0.18724184,-0.0750678,0.12621795,-0.16322516,-0.08313323,0.23995236,0.07221468,0.04323449,0.26133984,-0.12453138,-0.13987061,0.3131337,0.19866286,-0.057226013,0.025022471,0.18661682,-0.11616085,-0.21199977,0.5158141,0.4214706
Human T-cell leukemia virus 1 infection,0.31535047,-0.92205083,0.07481485,0.2561297,-0.1924625,0.25214687,-0.015299571,0.10188048,-0.5005081,-0.15675522,-0.3302617,-0.4058595,-0.59660673,0.11123793,-0.023956738,0.20323548,-0.37743807,-0.3351459,-0.08759631,0.04780718,0.22537965,0.6620809,0.2926374,-0.7447767,0.13382858,0.0533982,-0.33977112,-0.208219,-0.057748515,-0.38688284,-0.3028331,-0.1482646,0.043982323,0.45965588,-0.4544864,0.058024276,0.06988048,0.06882506,0.015013614,0.046230856,-0.060876846,0.19977893,0.25411823,-0.3508917,0.08700638,0.08177024,-0.15690519,-0.16349386,-0.14897181,0.26117533,0.013058748,0.19354652,0.13199736,-0.15744469,-0.037303217,0.09319129,0.16555163,-0.089551486,-0.011593835,0.024215639,-0.32797685,-0.13056548,0.52389324,0.31160706
Inflammatory bowel disease,0.39068323,-0.6690043,0.15259302,0.087001614,-0.083473764,0.24092004,-0.18560837,-0.05144325,-0.56491315,-0.2568833,-0.105205566,-0.35209933,-0.55458826,0.27127886,-0.1422256,0.23546565,-0.38341725,-0.22755109,-0.021277443,0.1325756,0.20425624,0.56536794,0.5345825,-0.4755937,0.16870287,0.16308041,-0.28249347,-0.33940965,-0.09391867,-0.41534385,-0.28642657,-0.1432737,0.16699116,0.31349602,-0.44209847,0.21967478,0.1809586,-0.30434093,-0.112339556,0.11933417,-0.2705346,0.09262447,0.10565472,-0.38324153,0.094245054,-0.021520229,0.179438,-0.3594307,-0.27741984,0.33490077,0.03022326,0.2833274,0.21186365,-0.093441196,-0.07795687,0.28124225,0.106399715,-0.059604198,0.030623537,0.17613512,-0.3124383,-0.25476962,0.5316804,0.15952319
Influenza A,0.27962986,-0.7263038,0.106459215,0.38483867,-0.048217237,0.24550654,-0.19059783,0.13630337,-0.5159179,0.3072077,-0.11324732,-0.24870276,-0.37915194,0.14650215,-0.20634063,0.26936042,-0.22405078,-0.018680746,0.10550577,0.20284328,0.24453898,0.8256058,0.4719279,-0.6727556,0.03990546,-0.007417623,-0.3294905,-0.22689606,-0.16385035,-0.6763784,0.11110565,-0.24012952,0.171364,0.2307505,-0.46818164,-0.030497205,-0.012239965,-0.21083799,-0.256973,-0.10025741,-0.2583941,0.09659103,0.2511117,-0.22501697,0.29534045,0.06585291,-0.1816133,-0.26981765,-0.21408482,0.3362406,-0.100698404,-0.037023656,0.0556431,-0.25594684,-0.21240833,0.21624988,0.11995868,0.06532115,0.027238691,0.16748036,-0.5017436,-0.18716411,0.38135895,0.39275992
Intestinal immune network for IgA production,0.42440236,-0.7165517,0.22565183,0.089155205,-0.14276835,0.097837,-0.32342434,-0.06313083,-0.51945645,-0.05733204,-0.23528238,-0.41170946,-0.58407307,0.16874446,-0.043952055,0.36679196,-0.335674,-0.24724256,-0.013633845,0.21573947,0.21036184,0.5247807,0.5179268,-0.5353734,0.15336293,0.20458256,-0.29916346,-0.30422005,-0.09089803,-0.42184415,-0.20139255,-0.24355872,0.13531339,0.22787237,-0.44348446,0.28199726,0.2209208,-0.1866818,-0.23230976,0.2661204,-0.23250191,0.12659177,0.14447214,-0.4242594,0.12389104,-0.24614747,0.12750398,-0.34869283,-0.27030063,0.37894654,0.014308732,0.13096178,0.09805857,-0.09253361,0.1180227,0.24183004,0.2887821,-0.095579065,-0.088633426,0.11688532,-0.2987392,-0.2602847,0.34983692,0.3219615
Leishmaniasis,0.24577548,-0.89685816,0.19003685,0.10807478,-0.24933921,0.09278691,-0.17716777,-0.22142653,-0.30423516,0.042158976,-0.020533878,-0.53692114,-0.42680776,0.2837768,-0.03730648,0.35316348,-0.26175404,-0.14312758,0.076663405,0.29136312,0.23292,0.5556454,0.677918,-0.46631637,0.21170741,0.08637401,-0.4339511,-0.25373384,-0.18257815,-0.5140968,-0.29446456,-0.29821613,0.09179681,0.35792127,-0.32306683,0.32692,0.2640786,-0.31500068,-0.22797006,-0.0857672,-0.19182245,0.19314173,0.12392588,-0.33978483,-0.11568184,0.13876675,0.05878561,-0.20870736,-0.16092925,0.42958683,0.0029031695,0.009329339,0.12385458,-0.033448275,-0.18422268,0.32918528,0.16542928,-0.10829906,-0.060476184,0.1717002,-0.28736904,-0.17761195,0.5783032,0.15096939
Natural killer cell mediated cytotoxicity,0.3270323,-0.82575494,0.2962065,0.33203733,-0.144338,0.2805319,-0.2171381,0.011880066,-0.29734465,0.00023231407,-0.17732087,-0.47831666,-0.5180739,0.24306019,0.008230327,0.20356722,-0.42583063,-0.27581772,-0.07849748,-0.12190742,0.22759895,0.6216324,0.4601031,-0.5596353,0.15316398,0.22345945,-0.21508764,-0.18487872,0.11869089,-0.4769769,-0.100874364,-0.22226512,0.028459314,0.30856484,-0.35849163,0.12305447,0.17297897,-0.04305531,-0.12534495,0.03830558,-0.101787455,0.25538173,0.42749542,-0.1284568,0.15487352,0.088325396,0.12762257,-0.08695624,-0.06566538,0.30802178,0.21286392,-0.048440438,0.0958519,-0.053504046,-0.021348279,0.22407623,0.08251626,0.019670151,-0.16529803,0.11280674,-0.49444374,0.024785323,0.53800005,0.41188964
Phagosome,0.45805743,-0.771073,0.08963564,0.18875828,-0.2138488,-0.026811404,-0.116392195,-0.13576137,-0.5287083,-0.108387575,-0.27687022,-0.36751157,-0.56762564,0.2697202,-0.074346796,0.11145299,-0.31011122,-0.1361919,0.20727322,0.040103517,0.14557204,0.39675584,0.5522168,-0.3951119,0.28866366,-0.031159729,-0.3504448,-0.43132344,-0.3746514,-0.48748252,-0.2360049,-0.2563306,0.15126872,0.3675812,-0.30906433,0.1584371,0.114210956,-0.21731563,0.028225776,0.108972885,-0.300716,0.18833095,0.1599374,-0.2852711,0.06909442,-0.08488235,0.1805951,-0.17825115,-0.10830284,0.3771642,0.21805099,0.18298227,0.24162266,0.039757032,-0.2087748,0.23059832,0.040788785,-0.020079195,0.16483092,0.26004952,-0.38721853,-0.3331014,0.48020998,0.23974861
Primary immunodeficiency,0.23948105,-0.6683522,0.16426297,0.18268852,0.123217046,0.18348415,-0.41290167,-0.18939862,-0.54761046,-0.21614796,-0.25340396,-0.44746804,-0.52663994,0.23486759,-0.17095417,0.33975,-0.26729202,-0.08875073,0.14967008,0.0060223243,0.14553387,0.74208957,0.43229416,-0.6978366,0.22869954,-0.046516377,-0.23225778,-0.4039143,0.011438232,-0.49510956,-0.3053706,-0.11782254,0.22918156,0.117047526,-0.46819794,0.14037153,0.09997929,-0.02406231,-0.10732142,0.008361476,-0.18716049,0.17492887,0.15533419,-0.36215898,0.21548769,0.35185564,0.014787827,-0.16149639,-0.22348459,0.26360795,0.21337499,0.13602163,0.25646713,0.012311572,-0.055576444,0.1410705,-0.00427086,0.027870897,-0.06208967,0.15421523,-0.24587992,-0.28977433,0.5940633,0.44260785
Th1 and Th2 cell differentiation,0.25653517,-0.89784294,0.3196985,0.24020648,-0.1665726,-0.014521423,-0.15775837,-0.02150436,-0.65259796,-0.107371144,-0.20938273,-0.39571804,-0.43921593,0.26511228,-0.08977054,0.2923507,-0.32648617,-0.30835307,-0.00028275975,0.060106456,0.1809372,0.5146375,0.41791394,-0.6315664,0.066169426,0.081775665,-0.24414028,-0.2273994,-0.10284383,-0.47686744,-0.38551125,-0.2838443,0.29797038,0.21360569,-0.43203926,0.14032514,0.14818852,-0.1396433,-0.10619766,0.0071423124,-0.20229952,0.269733,0.17042273,-0.17991821,0.11748605,-0.04514633,-0.029781379,-0.28094783,-0.24235527,0.31822607,0.024321282,0.16310537,0.04619667,-0.041400768,0.019962804,0.06360359,0.21066846,0.0016288434,-0.0015209123,-0.01140196,-0.25546086,-0.30586973,0.4604524,0.36122766
Th17 cell differentiation,0.42449242,-1.0221423,0.051489938,0.10997736,-0.29692715,0.16458195,-0.07817281,-0.14601326,-0.37418422,-0.14016786,-0.1050529,-0.4540669,-0.5767931,0.22556184,-0.04931617,0.19237253,-0.35710314,-0.3457131,0.18013756,0.1780356,0.10476405,0.46915042,0.51258075,-0.52333075,0.20261432,0.16575512,-0.27983406,-0.18942265,-0.0478194,-0.38493866,-0.35320014,-0.37973127,0.12734753,0.28074488,-0.45557553,0.20466755,0.27336648,-0.18349656,-0.13229531,-0.099367455,-0.14064208,0.16375452,0.34697312,-0.3721288,0.06227274,-0.004582142,0.18069264,-0.2865634,-0.16072863,0.29579452,0.13334094,0.064653516,0.020041464,-0.047359087,-0.021115525,0.13519411,0.15866804,-0.0950033,0.05066314,0.08956683,-0.3882714,-0.42176953,0.37661576,0.3258499
Tuberculosis,0.26248702,-0.77984124,0.22121517,0.17879416,-0.20228994,0.25303876,-0.34929615,-0.19100443,-0.53601754,-0.07469672,-0.11405015,-0.44461113,-0.43222713,0.33718455,-0.025644895,0.16857821,-0.08966508,-0.2900904,-0.016099315,0.21346493,0.10979444,0.57409185,0.4919247,-0.53935814,0.16157757,0.11150763,-0.38341224,-0.27668563,-0.14785703,-0.29537097,-0.05494075,-0.058442533,0.06001479,0.26026344,-0.34728736,0.2184612,0.14860205,-0.24448334,-0.15420939,0.013805801,-0.1003872,0.17569599,0.3782501,-0.32587028,0.13745813,-0.13374251,0.1095398,-0.18895015,-0.24870828,0.41816908,0.16418026,0.12685259,0.16664334,-0.11127552,-0.1307722,0.31182447,0.05400361,0.031955212,-0.05328463,0.108093016,-0.3833457,-0.3150353,0.5731925,0.19296095
Type I diabetes mellitus,0.3213458,-0.7707887,0.16900116,0.11391825,-0.16433272,0.22813319,-0.21283239,-0.020350989,-0.43423593,-0.10566355,-0.23884435,-0.50806284,-0.49818853,0.13103047,-0.017923934,0.21038349,-0.3769205,-0.14453432,0.105538204,0.0782552,0.3280232,0.7462312,0.60006803,-0.5572165,0.19667341,0.20044526,-0.16845973,-0.3050514,0.052553687,-0.48588374,-0.12862022,-0.09273991,0.19995748,0.26056007,-0.19615726,0.23150751,0.1358719,-0.1900595,-0.032124724,0.21875402,-0.33026478,0.19432722,0.25977302,-0.19549523,0.08121226,0.00082470267,0.017917467,-0.46901605,-0.19570968,0.420457,0.0253539,0.048265986,0.16296312,-0.11691536,-0.11916973,0.3052615,0.18400912,-0.13734773,-0.018255295,0.009111385,-0.41612044,-0.0032340041,0.50167143,0.31633207
Viral myocarditis,0.50160784,-0.7703858,0.20792243,0.063351534,-0.1053197,-0.00044908046,-0.28030849,-0.048018716,-0.5405987,-0.10159606,-0.18417023,-0.4470354,-0.54968774,0.2516743,-0.107335016,0.36148667,-0.33773762,-0.18002878,-0.10995987,0.13182345,0.37357554,0.58512163,0.63824415,-0.60120344,0.25216976,0.14829749,-0.2713635,-0.2089156,-0.054151,-0.45395526,-0.24072704,-0.2988563,0.3309455,0.28742787,-0.3427083,0.25896686,0.13193382,-0.1755359,-0.025841776,0.18943524,-0.23039474,0.03965615,0.24745725,-0.2961702,0.12454546,-0.06615369,0.016442042,-0.29415342,-0.23170611,0.40092638,-0.029746285,0.208471,0.19967127,0.037489265,0.083550036,0.3002308,0.26053205,0.023998903,0.052231885,-0.032792933,-0.31792575,-0.09163698,0.49090663,0.29756397
Viral protein interaction with cytokine and cytokine receptor,0.33719966,-0.7540507,0.16711167,0.24338812,-0.1173255,0.330866,-0.3329969,-0.12548871,-0.54194635,0.050249048,-0.2433597,-0.54453284,-0.60732627,0.22657889,-0.03578506,0.22298563,-0.287043,-0.3229884,0.21797425,0.07742874,0.1953305,0.7731495,0.41559,-0.4461941,0.17916724,0.27537826,-0.30509102,-0.32475615,-0.07332732,-0.60435,-0.177171,-0.25099745,0.03963444,0.081357665,-0.3692269,0.12893043,0.06828046,-0.040252514,-0.14860784,0.19625981,0.0253085,0.18140347,0.29506627,-0.40030608,0.08884704,0.16825858,-0.24631986,-0.009067651,-0.23878305,0.2615846,-0.1047515,-0.09548321,0.35732195,0.063773915,-0.07832549,0.16256925,0.13017964,-0.11260929,-0.0496098,-0.16001892,-0.29556763,-0.025350798,0.5217623,0.46015587
Alzheimer disease,0.14691855,-0.2830632,-0.9452714,-0.03522203,-0.56651556,-0.33509678,0.85535115,0.16651164,-0.88768363,-0.07239706,0.5949132,-0.89870733,-0.44850987,-0.17611821,-0.26120457,1.186811,0.3319204,-0.20526132,-0.3443809,-0.19725056,0.2732118,0.5336351,0.0027695603,-0.32571712,0.087445654,0.33148026,-0.11709693,-0.42143917,0.7076301,-0.60439104,0.33101994,0.0754614,0.025094356,-0.13328448,-0.5439056,-0.12642843,0.7744371,-0.7750116,0.2969855,0.51044834,-0.09281499,-0.023301627,0.56904435,-0.19069962,0.75992393,-0.311313,-0.075368844,-0.1541342,0.6713418,1.0808407,0.1205771,0.059999462,0.4433822,0.18647617,-0.47108814,-0.8142206,-0.21286082,-0.12528017,-0.084377594,0.5123036,0.42268583,0.09949139,0.80472285,0.5771242
Parkinson disease,0.26766708,-0.22300567,-0.9256951,0.23887834,-0.6237767,-0.42024937,0.7289468,-0.047006626,-0.95638496,0.11376019,0.5992279,-0.8586908,-0.28049067,-0.16400224,-0.031673454,1.1423876,0.27446595,-0.34455094,-0.23172773,-0.20131432,0.58416533,0.60965014,0.14190142,-0.3026552,0.073122166,0.27501822,0.08394994,-0.428269,0.8069943,-0.31812057,0.1960726,-0.07491658,-0.18829642,-0.19854563,-0.6679311,-0.048210885,0.7598417,-0.7144189,0.18952237,0.38085002,-0.0037866742,-0.08539008,0.51671314,-0.53558457,0.6336613,-0.2676919,-0.023225827,0.07846085,0.6005037,1.0358865,0.20263782,0.13679196,0.48393112,0.1575272,-0.3604295,-0.8470097,-0.08889831,-0.08647884,0.089114055,0.53850466,0.57694054,0.10958087,0.7334215,0.5212493
Pathways of neurodegeneration,0.29345748,-0.10186582,-0.9158894,0.088344134,-0.3943681,-0.15957266,0.78665996,-0.09530082,-1.0633504,-0.083119586,0.49835032,-0.87953657,-0.41094923,0.0037524123,-0.1275239,1.2189704,0.05779132,-0.1770358,-0.2611547,-0.14918593,0.71637225,0.51722324,0.06458901,-0.15554205,-0.16871981,0.4138916,0.084367886,-0.554923,0.74133414,-0.44116145,0.3485095,0.031228282,-0.16376083,-0.13261995,-0.510931,-0.07027475,0.848944,-0.75290716,0.13986838,0.28246453,-0.04468065,-0.22251922,0.5729281,-0.4883625,0.7191238,-0.35483578,-0.07244962,-0.03992695,0.7401803,1.0609019,0.19777544,0.18208155,0.36676788,0.1614076,-0.46660927,-0.7937002,-0.12785935,-0.26627102,-0.116363086,0.64792436,0.44698158,0.19537209,0.6378255,0.62436986
Prion disease,0.050094027,-0.122302875,-0.7208011,0.077602684,-0.6550161,-0.27042186,0.80753666,-0.0777188,-1.0270585,0.13919589,0.47457048,-0.9684087,-0.24145244,-0.23442104,-0.17867382,1.1446073,0.33228576,-0.2192829,-0.11345244,-0.16542286,0.49577254,0.8124097,-0.074263535,-0.35120836,-0.0029272044,0.33911294,-0.23009233,-0.34398142,0.9095094,-0.16897035,0.11575529,-0.042011056,-0.037988313,-0.12988509,-0.7281495,-0.03121774,0.70645267,-0.69521147,0.056289695,0.24323678,-0.031906933,-0.047646403,0.4403353,-0.51656216,0.5948505,-0.4451311,-0.17683558,0.14060488,0.7814635,1.181022,0.2119521,0.004320202,0.43372118,0.20051683,-0.48621616,-0.8625362,-0.06734243,-0.08314431,-0.10611349,0.45821908,0.42897424,-0.0016698878,0.68046606,0.42371777
Toxoplasmosis,0.18342619,-0.54121727,0.25464115,0.32020104,-0.31506595,0.14272685,-0.2085543,-0.1751506,-0.41485727,-0.015387651,-0.21307348,-0.3938819,-0.45104527,0.24008822,-0.07572151,0.0027456575,-0.16827308,0.06791528,0.10788386,0.065490015,0.1226749,0.33302167,0.39937845,-0.30116072,0.20419355,0.21264392,-0.23703828,-0.10744818,-0.2823499,-0.36277848,-0.05066947,-0.015620387,-0.028826218,0.29048908,-0.3277385,0.14993362,0.021007238,-0.3147588,0.12255321,-0.031622596,-0.33050737,0.2829811,-0.2748598,-0.6011915,-0.017309276,0.12905346,0.1574971,-0.40175566,-0.07484545,0.596119,0.38557598,0.2202704,0.12893714,0.09934953,-0.26630807,0.19288075,0.40810207,-0.07497924,0.25039554,0.13228421,-0.8018557,-0.30117732,0.39884868,0.10905289
Amphetamine addiction,-0.2108352,-0.03097058,0.108034,0.44801736,0.45966306,0.07022351,-0.2070868,0.80229884,-0.06158109,0.46431968,0.5984243,-0.321248,-0.054952838,-0.04798007,-0.19547461,0.34068996,0.20661426,0.046067208,0.12498758,0.12202809,0.43221274,0.44799387,-0.0066076135,-0.29776207,-0.036084924,0.20244326,-0.44261825,-0.272505,0.2669516,-1.1162688,0.12541042,-0.06242581,-0.4748177,-0.52913064,-0.27346024,-0.15808518,0.64719343,-0.2410179,0.94136214,0.44943896,-0.07842006,-0.86880344,0.25138366,0.3273324,-0.016303249,0.049886495,0.2620553,-0.06313393,-0.31986105,0.5741307,0.8748186,0.07304454,0.37172228,0.2084928,0.61254644,-0.16520292,0.20680888,-0.6630686,-0.098260276,0.028183307,0.47835132,-0.43295392,-0.41889793,0.5085989
Cocaine addiction,-0.2844571,-0.20414172,0.23271684,0.3545045,0.5721004,0.054902226,-0.14210427,0.8195558,-0.13708752,0.442219,0.6804797,-0.29977873,-0.07581438,-0.074454956,-0.34160134,0.54708505,0.23452303,-0.13679548,0.1798662,0.20510127,0.5277566,0.540695,0.06645937,-0.368431,-0.0872143,0.28015304,-0.3717076,-0.51710516,0.30194676,-1.0888743,0.071654506,-0.14493474,-0.5258075,-0.702413,-0.24561752,-0.23332655,0.5137785,-0.35081685,1.0999584,0.5388861,-0.23197876,-0.682177,0.26572776,0.15128957,-0.099658296,0.047855616,0.2729687,-0.10707933,-0.16600208,0.5562127,0.77936584,-0.107147545,0.22884719,0.4922725,0.93616223,-0.055733703,0.17959341,-0.53682137,0.09582129,0.054897457,0.5037253,-0.40365002,-0.45656008,0.61169285
Amyotrophic lateral sclerosis,0.21221118,-0.25418633,-0.9996389,0.05105514,-0.5300159,-0.32608837,0.6756212,0.0018442592,-0.9131256,-0.12260473,0.6417383,-0.74241084,-0.39837277,0.10606388,-0.14258555,1.3105725,0.20382553,-0.17843634,-0.1537663,-0.18072325,0.59753025,0.4990962,-0.03756807,-0.3565654,-0.073422976,0.47831872,-0.021830542,-0.4850121,0.84248453,-0.54615045,0.38432482,-0.051728863,-0.062052812,-0.11513066,-0.4487156,-0.08260296,0.8788086,-0.75794286,0.16293299,0.33597127,-0.11092172,0.03277026,0.554408,-0.33671278,0.7507147,-0.46290702,-0.22111966,-0.1753597,0.58286065,1.0565987,0.006679153,0.018537473,0.61069185,0.09806913,-0.5318693,-0.9117246,-0.19394253,-0.09647959,-0.06482696,0.5888849,0.46156022,0.14720644,0.5805078,0.5233401
Huntington disease,0.17206691,-0.16654885,-0.80357426,0.19426158,-0.63687265,-0.30013198,0.6898258,0.06412172,-0.9351975,0.048830446,0.5851452,-0.92192864,-0.5065353,-0.096848845,-0.27563202,1.1322281,0.26823807,-0.32334888,-0.13117614,-0.11288642,0.63995224,0.6688927,0.06781395,-0.21576573,-0.048908744,0.45138043,0.16844869,-0.4807667,0.8714931,-0.3321316,0.29491112,-0.022714155,-0.096640565,-0.24248803,-0.52738434,-0.060909636,0.7315935,-0.79589903,0.103226,0.46025655,0.19995949,0.0011013676,0.35641477,-0.23671488,0.6641521,-0.425755,0.018141128,-0.08697559,0.73715615,1.1306711,-0.023048397,-0.057663117,0.5733786,0.1566119,-0.33516482,-0.7645754,-0.24478543,-0.17736678,0.09721594,0.49913692,0.3922624,0.06371839,0.7211083,0.50828534
Toll-like receptor signaling pathway,0.0737711,-0.7598406,0.14468803,0.4165857,-0.25457263,0.2918413,-0.34806272,0.024480857,-0.5871323,0.1710473,-0.13516924,-0.33995292,-0.69102573,0.22093901,-0.2330265,0.08013404,-0.26293477,-0.06039957,0.016442792,0.08214436,0.062119167,0.6955236,0.54803145,-0.37943634,0.010379951,0.010218731,-0.43872815,-0.10357456,-0.0142196445,-0.28093955,0.0671891,-0.4196662,0.08727062,0.20514971,-0.44973168,0.17513648,0.03356415,0.057864908,-0.28337637,-0.33381048,-0.16414975,0.10211369,0.5267356,-0.2506157,0.15773791,0.15979387,0.018027475,-0.29654738,-0.056126945,0.3464862,0.24771453,0.021348964,0.3357317,-0.29028088,0.095126756,0.13583243,-0.09903327,0.23775949,0.18195735,0.04189266,-0.3043246,-0.0023030823,0.5703797,0.4037327
Apelin signaling pathway,-0.14434752,0.079606384,-0.24395837,0.18036067,-0.15778312,-0.01344408,-0.10264089,0.23974702,-0.31094047,-0.30938026,0.4322164,-0.31073323,0.091311924,-0.06380282,-0.52557737,0.2125272,-0.096293055,-0.071812466,0.14858213,0.397754,0.5254612,0.21689366,-0.42441413,-0.19352056,0.08074498,0.13406171,-0.009031761,0.037565403,-0.27666244,-0.31312132,0.58187395,0.015061586,0.3234633,0.10983413,-0.13903329,-0.36095765,0.46274212,-0.39244497,0.31414953,0.12665969,0.08534183,-0.063075915,0.14640644,0.26815972,-0.12411707,-0.28226888,0.31741998,0.11077378,-0.14945309,0.21814768,1.0695076,-0.32761607,0.2093788,0.09460906,0.35354212,-0.32069305,0.30231503,-0.49643895,-0.029236253,0.17790323,-0.043762878,-0.26260448,-0.4414064,-0.20227867
"Parathyroid hormone synthesis, secretion and action",-0.30168408,0.29029313,0.16091703,0.62284636,-0.32623982,-0.23526673,0.3602593,0.2842636,-0.58975345,-0.057940267,0.32743278,-0.4707202,-0.24240103,0.017410072,-0.2499446,0.16267234,-0.24034865,-0.026858719,0.18077065,0.23884313,0.15950426,-0.0562673,-0.27003145,-0.1332079,0.18790898,0.027916502,-0.18745372,-0.042400435,-0.1840336,-0.24279782,0.5963817,0.17984092,0.12663889,0.45812726,-0.18027583,-0.1167629,0.2176036,-0.16173919,0.625499,0.52564925,0.13021557,-0.13364927,0.1323994,0.14492483,-0.14667375,0.25153485,0.49634534,-0.030067133,-0.013802036,0.20777568,0.8043475,-0.1439243,0.19588584,-0.061329454,0.61893785,-0.11431582,0.578508,-0.3086126,-0.1463169,-0.09530141,0.43294126,-0.21839306,-0.12570734,-0.2710436
Phospholipase D signaling pathway,-0.5182282,0.116142474,-0.5218493,0.21527001,-0.21589164,0.038422063,-0.1723332,0.14360888,-0.6094171,0.08046298,0.22845614,-0.23218766,-0.2773997,0.15408279,-0.035765246,-0.059017755,-0.01376405,-0.1611311,0.22996508,0.29118127,0.16717675,-0.10813254,-0.113119796,-0.20341319,0.31287962,0.2606761,-0.10094099,-0.021679088,-0.23768044,-0.30356854,0.37183014,0.006467748,0.33769047,0.05458432,-0.17726865,-0.15116143,0.11454123,-0.39556324,0.24172391,0.1983303,0.08103053,0.23189557,-0.32897288,-0.19773398,-0.5070409,0.12069951,0.071332,-0.08478436,-0.09244324,0.25942954,0.8967782,-0.0001326416,0.5152634,0.11718526,0.29704383,-0.26116356,0.44766188,-0.3143275,0.100657016,0.36452517,-0.14783908,0.06343404,-0.23683022,-0.24054451
Platelet activation,-0.50096583,-0.1590539,-0.45171672,0.18496974,-0.055091318,-0.242435,0.28921518,0.1991024,-0.53405756,-0.0028857072,0.29486078,-0.324796,-0.09863466,0.061239522,-0.23550402,-0.07253339,-0.071150735,-0.11587523,0.12562777,0.5054157,0.13281447,-0.02540491,-0.18998097,-0.017927991,0.45764717,0.16821255,0.09075005,0.11136893,-0.19278541,-0.40952897,0.25801918,-0.16476056,0.21230964,-0.09851691,-0.4180866,-0.31951496,0.33032155,-0.30296487,0.119464725,0.52700293,0.036887754,-0.15847923,-0.077528946,-0.036414795,-0.17221938,0.12342242,-0.0396191,-0.054864645,-0.1603688,0.14648814,0.95392394,-0.185006,0.1918399,-0.2163395,0.5404331,-0.4360146,0.27966103,-0.7211422,0.07471244,0.21385926,-0.12078764,-0.27954164,-0.5805253,-0.28416255
Thyroid hormone signaling pathway,-0.30377865,-0.06862473,0.11832808,0.05402269,0.0032577466,-0.2134297,0.16119398,0.0057544573,-0.69582963,0.07898565,0.33212337,-0.69885755,0.17893516,-0.051320057,-0.32662997,0.18894093,-0.28670436,-0.18499264,-0.17178929,0.38451993,0.15614636,0.029955955,-0.4365452,-0.27495807,0.05282225,-0.21409698,-0.08014889,0.11929056,-0.014970407,-0.46818382,0.31815374,0.2677281,-0.04246956,0.2309395,-0.1101437,-0.023480106,0.15680909,-0.026153352,0.3029894,0.057848014,-0.043958746,-0.06640289,0.41929677,0.4226542,-0.21638554,0.3540382,0.3137537,0.009505837,0.089520745,0.13899973,0.8261169,-0.35503048,0.7866361,-0.2716057,0.38517284,-0.59156483,0.38827184,-0.23951885,0.04893627,-0.13103239,0.0065715485,-0.1325271,-0.40487427,-0.36202392
Vascular smooth muscle contraction,-0.33922225,0.24200945,-0.35782194,0.27912152,0.045038328,0.071937695,-0.34670144,0.34343702,-0.67232555,0.06559974,0.20954663,-0.22821765,0.098038495,-0.09941538,-0.24095838,-0.17506285,-0.23750657,-0.07935123,0.3926738,0.025517128,0.4744913,0.12438962,-0.17296377,-0.09813276,0.30635348,0.11907261,-0.08496418,0.21640378,-0.080731526,-0.25348958,0.5565748,0.035212647,0.036221795,0.030622102,-0.14394641,-0.19936742,0.39952996,-0.5298451,0.2654107,0.2928474,0.32320434,0.2195898,0.031409483,-0.14995848,-0.039443575,0.29197082,0.07518738,0.1649669,-0.34112367,0.2915686,1.2138808,-0.04945919,0.17533466,0.3162551,0.033310845,-0.2584264,0.36890766,-0.18461715,0.16076016,0.3144708,0.00042847465,-0.40503362,-0.25536904,-0.22559033
Arrhythmogenic right ventricular cardiomyopathy,-0.37350515,-0.24476884,0.03466937,0.6918817,-0.040454555,-0.40323973,-0.07643877,0.045756858,-0.46673012,0.015163139,0.36626232,-0.15143429,-0.04864859,0.35952652,-0.32867903,-0.24644378,-0.014925956,-0.2995138,0.01398256,0.6519443,0.35467812,-0.019460745,0.0064967647,0.0032876818,0.09055748,-0.012403964,-0.005029594,0.30241102,0.02457661,-0.037900757,0.54807514,-0.070516735,0.15618974,0.115051255,0.15284517,-0.30829027,0.6479639,-0.60290706,0.24253005,0.122442804,-0.16422307,-0.0811945,0.061398726,-0.13189115,-0.35234052,0.5619589,0.23191892,0.25626162,0.39416116,0.3205836,0.596734,0.16022925,0.47685862,-0.21559735,0.20376658,-0.0990058,-0.04414342,-0.21383443,-0.34010112,0.3914924,0.0061452645,-0.39074638,-0.36440527,-0.2037419
Ascorbate and aldarate metabolism,-0.21913101,0.21605086,0.046900574,0.42656216,0.70503354,-0.33657432,0.40900505,-0.003231584,-0.90867996,-0.35897568,0.67754626,-0.94056,-0.36184224,-0.16049555,0.15394382,0.21247475,0.541548,-0.8008503,0.39227423,0.19738552,0.41064844,1.2218411,0.5415584,-0.6107652,0.0746181,-0.0996813,-0.27736163,0.19071016,-0.3182979,0.07256185,0.2585046,-1.003608,-0.39768344,0.5198148,-0.18967354,0.21640591,0.08973809,-0.4255314,0.090336666,0.5842506,-0.22664551,0.47404835,1.0768785,0.48638532,0.051308304,-0.33406723,-0.23150331,-0.39627075,0.07832831,0.6003221,-0.22747304,0.3718139,0.50675523,0.71624243,0.08267285,-1.0062265,0.5103744,-0.8789203,-0.28179967,1.0128062,0.0926444,-0.19090113,0.31580448,1.0818325
Pentose and glucuronate interconversions,-0.44057718,0.2630104,0.15442845,0.23654442,0.7686684,-0.43012923,0.4195561,0.2844195,-0.9548894,-0.39576295,0.7928654,-0.9582108,-0.552176,0.05220863,0.31706697,0.22053246,0.46172506,-0.70337194,0.3905766,0.3115827,0.2903501,1.169703,0.56454086,-0.5771886,0.12172511,-0.10848051,-0.2628219,0.2648385,-0.084277734,0.19633731,0.37683862,-0.87616175,-0.27231637,0.34460902,-0.42865378,0.2175748,0.08737605,-0.30748853,-0.06028724,0.43276218,-0.3138791,0.50604147,1.1845205,0.41144422,-0.072755516,-0.4296423,-0.140881,-0.43256697,0.031003634,0.5757998,-0.13051963,0.38406265,0.67511153,0.6635063,-0.069547795,-0.89190876,0.37638047,-0.7511001,-0.1295304,1.0131385,0.034205772,-0.15750125,0.39019656,0.9712836
Porphyrin and chlorophyll metabolism,-0.44829643,0.12639849,0.05214395,0.34687978,0.82908577,-0.38824558,0.2880081,0.3066573,-0.91099036,-0.31940746,0.8137878,-0.9824119,-0.35322294,-0.09786213,0.25505814,0.2764009,0.4615495,-0.59926003,0.30742866,0.40198073,0.33461115,1.1077604,0.47518033,-0.6458091,0.20091188,-0.16446717,-0.22058141,0.13906427,-0.0990995,0.197624,0.3733077,-1.1045843,-0.466165,0.4611997,-0.35828388,0.16541673,0.059685897,-0.46020576,0.046682317,0.50351137,-0.34255934,0.3818276,1.1093369,0.37169275,-0.08709126,-0.31408253,-0.19124816,-0.4331931,0.045205787,0.58979046,-0.29969087,0.30802616,0.69405776,0.70287216,-0.011841561,-0.8644706,0.46531695,-0.6980706,-0.0461283,1.0095832,0.0095205465,-0.12076579,0.45234498,0.9938747
Autophagy,-0.2339048,-0.05431853,0.18163058,0.17782737,-0.09019448,-0.039928585,-0.009060094,0.2673564,-0.55448955,-0.10990777,0.3993388,-0.5602585,0.36059982,-0.11519669,-0.2549626,0.8764519,-0.011316934,-0.038204238,0.4026624,0.4642424,0.051610786,0.26660335,-0.30521178,0.12554945,0.31718832,-0.17866185,-0.27199152,-0.27821487,-0.13619903,-0.31192386,0.5615623,0.10753273,0.16834852,0.29971084,-0.32672977,0.02210996,-0.15991229,-0.105819725,-0.32676437,0.21272989,0.0076160957,-0.2651698,0.5896596,0.405608,-0.114896275,0.4914155,0.6103112,0.3149605,0.091056265,0.2316321,0.9938537,-0.17832908,0.66985285,-0.17562188,0.44111672,-0.45918557,0.2232115,-0.5066157,-0.25287545,-0.11733791,0.17831586,0.062021565,-0.41726312,0.044864666
Phosphatidylinositol signaling system,0.055487942,0.033088405,0.12771487,8.1824895e-05,0.08326701,-0.15753229,0.23885302,0.21832313,-0.2871882,-0.05487934,0.29263657,-0.86791843,-0.03311275,0.020649021,-0.26645315,0.6457308,-0.16873813,-0.10858137,0.23914042,0.48969674,0.020141767,0.6077892,-0.34076282,-0.17125565,0.09189623,-0.17292313,0.20325796,-0.1616592,-0.0756135,-0.47704104,0.65101445,-0.24123652,0.16870764,0.2899137,-0.18770759,0.016849333,0.054942384,0.107390836,-0.10446635,0.07598885,0.11527461,-0.45175257,0.3916472,0.22091031,-0.24920282,0.33649492,0.5028585,0.079905406,0.28519797,0.22616126,1.0018456,-0.41169786,0.69122833,-0.1468978,0.52359456,-0.8243585,0.16827434,-0.4802088,-0.013756684,-0.23171161,0.46686235,-0.28366965,-0.62026834,-0.116745576
B cell receptor signaling pathway,0.094853275,-0.897762,0.16050202,0.38995317,-0.47661895,0.5408334,0.039682336,-0.25949758,-0.84088534,-0.30637595,-0.23239769,-0.004422089,-0.3875316,0.14152263,-0.11483894,-0.13986067,-0.17744926,-0.35256943,-0.08836509,0.38591504,0.1330325,0.34380654,0.39171776,-0.4579727,-0.0012559048,0.09123152,-0.4347872,-0.14652446,-0.22632086,-0.4489558,-0.24866603,0.013277039,-0.014965476,0.21886483,-0.4267943,0.07118216,0.4781748,-0.07559751,-0.21393105,-0.415303,-0.12816428,0.23061994,0.31357238,-0.035240214,0.21812165,-0.19887331,0.21894722,-0.39456373,-0.28910953,0.54241174,-0.0041850344,0.19271454,0.2411327,-0.14193802,-0.019547341,0.0106159765,0.103539534,-0.1073396,0.36905012,0.16143537,-0.4375776,-0.023025269,0.55390203,0.6226391
C-type lectin receptor signaling pathway,0.32469442,-0.8979143,0.2668509,0.5165366,-0.41582888,0.5127593,0.1565649,-0.23792076,-0.46720576,0.011908873,-0.11207634,-0.045421436,-0.6974572,0.42786148,-0.14938498,0.16696376,-0.110127136,-0.3993108,-0.091934115,0.1982532,-0.1307329,0.46211797,0.30000335,-0.543259,0.045169514,0.11910466,-0.15791744,0.05952284,0.122272454,-0.7066501,-0.15462328,-0.3061459,-0.18140027,0.3450179,-0.53270406,0.24372043,0.36818278,-0.071417525,-0.13853331,-0.36922807,-0.1903053,0.22424348,0.3842093,0.083848976,-0.16741253,0.11300991,0.23778652,-0.11214656,-0.042625245,0.39163014,0.008710197,-0.08120688,-0.07593221,-0.10673244,0.16815823,0.040236607,0.102508865,0.08024209,0.4158766,0.38428515,-0.473917,0.25376907,0.37080264,0.4321827
Osteoclast differentiation,0.25400504,-0.7332124,0.4086322,0.46851838,-0.47467497,0.218732,-0.13527082,-0.078577176,-0.42522162,-0.1216274,-0.108948514,-0.4562152,-0.5111754,0.30619064,0.15563887,-0.032779243,-0.1606258,-0.036091983,-0.0042588837,0.260296,0.33589107,0.44777995,0.47109455,-0.31921005,0.28079718,0.053613286,-0.36888948,-0.1367042,-0.13765638,-0.52345,-0.11801463,-0.40788686,0.1927866,0.16954009,-0.19807072,0.26301008,0.4543145,-0.045313906,-0.42937535,0.060230028,-0.10003441,0.10592705,-0.024197085,-0.22796959,-0.04096227,-0.21350527,0.12695107,-0.37027577,-0.011917397,0.55341065,0.2817763,-0.07316392,-0.23691097,0.07894724,-0.050229646,0.3091738,0.25561634,-0.09444411,0.3299381,0.41296607,-0.2499659,-0.026099678,0.6226438,0.5228788
PD-L1 expression and PD-1 checkpoint pathway in cancer,0.12272498,-0.75491947,0.2883263,0.3855397,-0.3339995,0.48737064,-0.04146883,-0.051860355,-0.7063552,0.190075,-0.2414298,-0.22427243,-0.49931124,0.18388924,-0.30060473,-0.014999718,-0.010849397,-0.20745721,-0.13074346,0.3695695,0.10157339,0.45210078,0.34752953,-0.55436635,0.13317049,0.091578804,-0.18204272,0.0024519232,0.23942257,-0.511763,-0.009678848,-0.32763126,0.10031293,0.44656307,-0.5606335,0.4497936,0.05277756,-0.034002926,-0.39933366,-0.222205,0.26232186,0.11103975,0.2946478,-0.24652214,0.33734342,0.13406546,0.11431656,-0.008366926,-0.076144084,0.20732811,-0.0028731509,0.077345155,0.16268994,0.0015208368,0.048652116,0.18098713,0.008675441,-0.16479702,0.40235004,0.28057277,-0.6643406,0.017268868,0.4057372,0.33900523
T cell receptor signaling pathway,0.07755451,-0.77304673,0.28041422,0.57815075,-0.31613407,0.3651003,0.023334254,0.08364363,-0.36040443,0.0046439436,-0.36241797,-0.14867108,-0.31533706,-0.15261936,-0.22459021,0.34843543,-0.2733538,-0.2971843,-0.2991828,0.3099716,0.07062112,0.47832784,0.6031255,-0.6120732,0.3059465,0.26577246,-0.24815598,0.024678547,0.019002046,-0.41450584,-0.24816458,-0.15039162,0.2884023,0.030531984,-0.7834236,0.12872046,0.36722946,-0.05579224,-0.31899345,-0.35865933,0.29416507,0.11025978,0.565781,0.07440687,0.26447713,0.07045223,0.3760874,-0.27138823,-0.23700237,0.22913146,0.13842154,0.07990918,0.18194965,0.19213447,-0.2716891,0.26759306,0.3652634,-0.13068318,0.30388206,0.2674706,-0.6158105,-0.21884245,0.5195374,0.36956203
Yersinia infection,0.26803702,-0.9155954,0.21400829,0.65015113,-0.3476279,0.43925354,-0.058493532,-0.30368236,-0.4749414,-0.05475337,-0.09231663,-0.18933848,-0.32295096,0.2731075,-0.26195046,-0.00013771339,0.03925127,-0.20407796,-0.2657552,0.15102604,-0.021608569,0.20585732,0.70938796,-0.4208044,0.35557118,0.039259445,-0.4960117,-0.03470254,-0.006395987,-0.331697,0.009053674,-0.33467603,-0.119825125,0.2631383,-0.41579172,0.02330888,0.33436385,-0.46603987,-0.33615202,-0.0730095,0.13358654,0.5305207,0.20259461,0.0015140196,0.21804824,-0.032166164,0.16730581,-0.10389267,-0.21710515,0.62790656,0.16501185,-0.11167188,0.36301783,0.084776215,0.5186579,0.230437,0.18634896,0.2678509,0.34708714,0.19152027,-0.5337666,0.13105059,0.4025823,0.39712065
MicroRNAs in cancer,-0.9378315,-0.3087838,-0.6993105,0.58726895,-0.07115125,0.023360714,0.31169653,-0.007909021,-0.48175672,-0.031476498,0.4847844,-0.6015848,0.16686945,0.2622198,0.245103,-0.21642306,-0.5442276,-0.91032064,-0.104303,0.6556731,0.09692868,0.42688775,0.11064479,0.006811942,-0.69809824,-0.016018203,-0.19713762,0.31580135,0.094291314,-0.58318496,-0.13167462,-0.12975541,0.8536953,0.38198128,-0.36644244,0.08816786,-0.27165547,-0.53401494,0.60889953,0.70806867,0.12297679,0.038210806,-0.22199494,0.0015263422,0.19533072,-0.32614428,0.27264974,0.10100545,0.06496963,0.5953048,0.5044874,0.25661963,0.72316533,0.5674458,-0.25978565,-0.29957405,-0.29524833,0.086836845,-0.5230161,0.64431274,-0.19690065,0.32064253,0.1391004,-0.108887084
Biosynthesis of unsaturated fatty acids,-0.29729024,-0.95360196,-0.15587395,0.39753848,0.5212514,0.90467113,0.0439027,1.0066552,-0.95557326,-0.44660044,1.3034425,-0.8419931,-1.1798143,1.0461969,0.05082388,0.84886605,-0.37606052,0.22341812,0.06478973,0.810715,1.0091418,1.02346,-0.013033054,-0.66335905,-0.4365866,-0.13353224,0.35318708,-0.01590716,0.75919837,0.057858344,-0.69805527,-0.069038525,-0.44715518,-0.27956456,0.19960292,0.5030943,0.020187361,-1.1623439,0.341143,0.059912037,0.82103485,0.06115012,0.6102908,-0.23450193,0.5167608,0.15737112,-0.48911086,-0.29292193,-0.007476079,1.3406405,0.19716254,1.0555948,0.9743976,0.7846986,-0.042071395,-0.93351537,0.44305012,-0.30040097,0.07525406,0.7839742,-0.48479226,-0.16179189,-0.03106449,-0.01946582
Fatty acid elongation,-0.14965746,-0.7489804,-0.3258559,0.60170597,0.5181321,0.80671245,0.08689358,0.9601038,-0.73516244,-0.5484421,1.3270466,-0.90914345,-1.2133497,1.0578879,-0.1277333,0.8460758,-0.5120708,0.18080136,-0.062057942,0.76556075,1.0894015,1.00459,0.042879038,-0.6457636,-0.5785383,0.029983347,0.37031737,-0.016820118,0.80574507,0.12764494,-0.6959044,-0.08473336,-0.45062757,-0.34302726,0.19279517,0.21084584,0.054870732,-1.2570963,0.12249792,-0.020366022,0.7528076,0.22021674,0.6581057,-0.19619852,0.4933264,0.16961731,-0.5330429,-0.27104318,0.091825075,1.3934683,0.313126,1.0653335,1.1240755,0.7062199,0.016724864,-0.67013586,0.57218444,-0.20854832,-0.007676807,0.7859549,-0.49388742,-0.28204665,-0.07195608,0.13424887
Breast cancer,-0.5353459,-0.25809017,-0.600082,0.35341316,-0.3352108,0.020850692,-0.28396404,-0.4018999,-0.73351127,-0.047301944,0.13017619,-0.27158946,-0.4283855,0.08022364,0.012762386,-0.101769716,-0.5519781,0.22718297,0.03046569,0.57993615,0.015468787,-0.2038172,0.31882676,-0.2681494,0.41045487,0.28725538,0.15640141,0.467606,-0.25823498,-0.4769769,0.41495448,-0.016809344,0.3146701,0.2895871,-0.29404527,-0.08768889,-0.0122294165,-0.42843145,0.1983665,-0.07991224,0.34595037,0.07843127,0.025116555,0.4057121,-0.11263211,0.22178017,-0.08316851,0.38089788,0.42551228,0.3383704,0.42371735,-0.047427736,0.14609492,0.2664235,0.058858365,-0.4592399,0.26818013,-0.42765307,-0.47714353,0.4241772,-0.25595367,0.46179888,0.11248522,-0.17064059
Chronic myeloid leukemia,-0.26028636,-0.3320571,-0.24610113,0.6555135,-0.5526136,-0.046404317,-0.44069424,-0.17351484,-0.5892204,0.24973658,-0.24341641,-0.20429248,-0.2766893,0.38402414,-0.09267841,0.39569426,-0.16041993,-0.32915822,-0.1450369,0.5322728,-0.16111329,-0.0692626,0.18934797,-0.27417332,0.18568471,0.039335854,0.18971801,0.27185154,-0.024138572,-0.272642,0.48358732,0.09106884,0.13705908,0.6633844,-0.3938086,-0.099919654,-0.069593675,-0.316851,-0.08021214,-0.120699815,0.34616706,-0.070308805,0.035207715,0.38111663,-0.12656027,0.28628498,-0.1420012,0.22270097,0.028366903,-0.06282014,0.4273813,0.06321595,0.31234986,0.32753208,0.2829125,-0.53386337,0.2701737,-0.06824073,0.079553,0.66729903,-0.39791188,0.4608167,0.014669961,-0.30828828
Gastric cancer,-0.42067182,-0.29199812,-0.6587331,0.46830538,-0.4142533,-0.35164347,0.02892169,-0.16636813,-0.7097992,-0.180362,-0.11054377,-0.4440899,-0.38107246,0.19598512,-0.12479125,-0.2530002,-0.35360268,0.38485825,-0.06098552,0.41907516,0.19796732,0.040555503,0.5353605,-0.23524106,0.379284,0.04570156,0.120078616,0.3698273,-0.060248982,-0.4932045,0.52791965,0.036599834,0.10139293,0.1732239,-0.27361476,0.052767437,-0.053537603,-0.4131381,0.031527832,-0.114781655,0.018705806,0.26143217,0.07491733,0.33453363,-0.080262244,0.100522146,-0.18622804,0.4994026,0.22010942,0.17858274,0.62170297,0.13114524,0.31079492,0.4470921,0.11250881,-0.4967529,0.34737933,-0.37266496,-0.42517278,0.5586735,-0.2455311,0.61630887,-0.28095403,-0.34795222
Hepatocellular carcinoma,-0.2524986,-0.44586742,-0.9233525,0.388994,-0.48710233,-0.2599395,-0.20547065,-0.42680654,-0.7630021,-0.2433548,0.044146527,-0.5192294,-0.35707602,0.06545871,-0.30141267,-0.07224272,-0.41970506,0.36701214,-0.08845959,0.63939816,0.10031552,0.034837104,0.57693416,-0.29947892,0.32455432,0.28249666,0.10289763,0.47766417,-0.41229334,-0.047825456,0.64655125,-0.021140246,0.48012304,0.2713289,-0.21345077,0.07650201,0.0124638425,-0.5356111,0.20108092,-0.10858454,0.2519701,0.07414047,0.113018684,0.5499955,-0.113239996,0.3992324,-0.080734946,0.18924783,0.40395278,0.22647716,0.3187054,0.37000135,0.1940028,0.50078815,0.03752759,-0.52886665,0.48853528,-0.38420638,-0.15950003,0.4126886,-0.24725483,0.6548393,0.12985764,-0.43468708
Butanoate metabolism,-0.29237232,-0.16463923,-0.6963773,0.39544252,0.26605046,0.042620484,0.39516747,0.13955542,-0.508961,0.11997436,0.80480784,-1.0581936,0.20140046,0.5887599,0.45888507,-0.048920613,-0.5850385,-1.3850607,0.015757665,1.2369213,0.5975252,0.96445835,-0.14112437,-0.2824914,-0.93210876,0.035726972,-0.070734374,0.0040158085,0.20205806,-0.49058136,-0.229037,-0.5013122,0.53238034,0.13117218,-0.7594391,0.10064533,-0.13731773,-0.67393565,0.23998217,0.9099251,-0.19989221,-0.017182644,-0.061032716,0.45204425,0.477138,-0.21745366,0.3879774,0.48236915,-0.07029772,0.80583507,0.35643154,0.747028,0.48278987,-0.0047897133,-0.50039124,-0.4646342,-0.23474579,0.059594277,-0.5318464,0.44321373,-0.28723803,0.49888277,0.77380353,-0.062839784
Synthesis and degradation of ketone bodies,-0.27563298,-0.20338807,-0.63473636,0.2938523,0.426887,0.106263004,0.60730255,0.40054265,-0.43407816,0.16827875,0.6932503,-1.0077705,0.052003548,0.5052336,0.373728,0.15319869,-0.6390487,-1.3744102,0.052042082,1.1487498,0.49319437,0.7829784,-0.40589046,-0.40030256,-0.8888387,0.07587688,-0.19344252,0.13186663,0.19995622,-0.5355195,-0.4240323,-0.5213961,0.51281023,0.5009798,-0.5706181,-0.14684331,-0.2240018,-0.7230121,0.1638286,1.0719049,-0.2952542,0.2592416,-0.1351974,0.3136007,0.43270987,-0.10949798,0.57298183,0.46296138,-0.05920664,1.0725859,0.35960412,0.7256333,0.4672786,-0.104427144,-0.48899361,-0.4540775,-0.17022118,0.03838048,-0.47326365,0.48443118,-0.30073586,0.6574458,0.8038851,0.11039612
"Valine, leucine and isoleucine degradation",-0.552007,-0.22887936,-0.79516435,0.529592,0.25285932,-0.012123706,0.40698835,0.08702898,-0.5248951,0.20784825,0.5706697,-0.86977077,0.3409698,0.4869473,0.48854768,0.15944721,-0.6706496,-1.2935387,0.22036734,1.0659363,0.5503348,0.82777435,-0.06592685,-0.22497004,-1.0134346,0.33091894,-0.09411264,0.18020293,0.1601493,-0.46602067,-0.34017742,-0.471002,0.6115744,0.3052883,-0.48582697,0.22904873,-0.22540517,-0.6462669,0.20447698,0.8660837,-0.08184595,0.1735381,-0.10692469,0.12958315,0.42752826,-0.2419128,0.29030436,0.37397966,-0.072250456,0.76651424,0.4537486,0.7323992,0.6591114,0.05478602,-0.39523655,-0.46808246,-0.18662646,0.09356497,-0.36961845,0.44468343,-0.11549613,0.3698025,0.40728268,0.063531004
Kaposi sarcoma-associated herpesvirus infection,0.1146939,-0.8327714,0.15474318,0.2184849,-0.41127715,0.3949684,-0.11354276,-0.2985639,-0.6165776,0.14822823,-0.20220846,-0.24878784,-0.6526041,0.24753828,-0.112353876,0.19364618,-0.06505814,-0.25489795,-0.2621014,0.42936176,-0.012637903,0.14118902,0.52640706,-0.52679044,0.12115878,-0.14423026,-0.33461255,0.23192516,-0.18286191,-0.4936529,0.19078226,0.18211885,0.10277728,0.45299852,-0.21622804,0.06902446,0.19494398,0.16416512,-0.45186895,-0.35802653,0.24735084,0.0098938495,0.51246166,-0.009881303,0.29149815,0.35191372,-0.2221099,0.0556567,-0.17409985,0.3054783,0.16423655,-0.018878428,0.24503149,0.18927254,0.081624314,-0.042450126,0.24738093,0.16562861,-0.016624764,0.27980092,-0.49687257,0.30656523,0.36875558,0.45922792
Lipid and atherosclerosis,0.11249495,-0.7165658,0.21090066,0.37852323,-0.4438642,0.52457505,-0.30297118,-0.13074419,-0.50797266,0.07783867,-0.016091198,-0.27786526,-0.6963792,-0.0045021325,-0.070494235,0.23157279,-0.31502014,-0.20228028,-0.1724342,0.5536705,0.0009239071,0.39511177,0.28375217,-0.520646,0.04898754,-0.08431548,-0.44122753,-0.14108498,0.18856445,-0.65223813,0.2997563,-0.3986379,-0.23356369,0.30288994,-0.18482898,-0.0059220595,0.12721844,0.07528174,-0.11934914,0.042112447,-0.23378049,0.17367624,0.41266346,-0.27284816,0.3094986,-0.061160322,-0.051777918,0.044302173,-0.138374,0.2969563,0.025464026,0.17867304,0.19387527,-0.12010703,0.08414227,0.4055761,0.14778118,0.28529847,0.19557588,0.21404862,-0.42653403,-0.06854261,0.7376192,0.38545218
Cell cycle,-0.74088955,-0.6561058,-0.7143343,0.77778846,-0.0528722,0.081362605,0.45879987,-0.031429444,-0.51900226,-0.16499667,0.953899,-0.5971107,-0.09381664,-0.14710769,0.43431658,0.17012978,-0.7675487,-0.6439217,-0.11762157,0.31553048,0.11814633,0.9683252,0.4447219,-0.104612395,-0.6630957,-0.12765701,-0.12995215,0.043191332,0.19295794,-0.42830354,-0.13671328,-0.43241802,1.0787128,0.2121846,-0.4653423,0.031828534,-0.21778217,-0.22648945,0.75007457,0.6665415,0.18235236,-0.30547237,0.13833861,-0.55887276,0.13698162,-0.48050398,0.5983524,-0.04618847,-0.088446476,0.61443317,-0.095887385,0.0132051995,0.67531174,0.8766437,-0.0065781185,-0.6063799,-0.10518154,-0.13827518,-0.5576802,0.60049254,-0.20641549,0.55289596,0.0351343,0.14970644
Cellular senescence,-1.0703553,-0.49268475,-0.96658814,0.58843714,0.13936196,-0.010420915,0.37257224,-0.39611775,-0.65052956,0.069874816,0.72383815,-0.49277604,0.03540243,0.24300885,0.42217427,0.0050675953,-0.67490846,-0.5721794,0.016963758,0.4965579,0.19952036,0.6061581,0.13963442,0.03610679,-0.65912837,-0.12966613,-0.31265393,0.11094041,0.16853152,-0.6030001,-0.032661997,-0.374863,0.84406567,0.2846456,-0.38393456,0.032741673,-0.23014131,-0.120270945,0.44858083,0.7579016,0.2492414,-0.21586233,-0.12595563,-0.33715615,0.10328162,-0.30982757,0.5106425,0.0896777,-0.053693425,0.6226217,0.08758207,0.37821782,0.46138984,0.69156724,-0.19215778,-0.41359666,-0.11147555,-0.16721624,-0.44582695,0.66463345,-0.20685653,0.31322753,0.16072632,0.012005701
DNA replication,-0.5829342,-0.82805496,-0.47537422,0.78119534,0.08007705,0.21133512,0.5236654,-0.08282758,-0.61849946,-0.08983937,1.186056,-0.66209525,0.04399862,-0.02193104,0.33770567,0.20617293,-0.7920156,-0.5094091,-0.13504961,0.32804197,0.3697807,0.95319754,0.1859631,-0.016472979,-0.72701836,-0.36673108,-0.55291194,-0.0884082,0.37087414,-0.49896222,-0.06719665,-0.271891,1.195728,0.15226945,-0.49709567,-0.023109032,-0.18818077,0.072263755,0.6829378,0.55524397,0.15127774,-0.21292458,0.38388032,-0.5852812,0.2816887,-0.5023145,0.4753519,-0.3615102,-0.13229638,0.66403955,-0.18682653,-0.08720898,0.7454147,1.1084607,0.03455524,-0.6653543,-0.21564037,-0.23754722,-0.47660074,0.6433974,-0.0659999,0.24409187,0.11056259,0.28331038
Homologous recombination,-0.57074356,-0.687083,-0.5260378,0.8188645,-0.0896269,0.24743845,0.5096911,-0.120653346,-0.6344317,-0.013991945,1.0052732,-0.5159082,0.060333375,-0.20978457,0.4591592,0.29198664,-0.6142218,-0.39515063,-0.14644898,0.4339728,0.3351505,1.0151104,0.35032865,0.0024613054,-0.7310702,-0.4297491,-0.38226023,-0.20166898,0.33772975,-0.5765171,-0.09908308,-0.30764985,1.1244786,0.22261229,-0.58671945,0.1932838,-0.16584852,-0.01475739,0.79063755,0.72834593,0.16592163,-0.24775173,0.48371595,-0.60820603,0.22185414,-0.5486704,0.46290737,-0.23754059,-0.110483535,0.6247226,-0.1765596,-0.18880837,0.67426383,1.106002,-0.13017839,-0.54979235,-0.3071266,-0.3898988,-0.48810574,0.76938945,-0.23125075,0.25042608,0.031804934,0.11608127
Mismatch repair,-0.65872157,-0.80718434,-0.60661227,0.6578387,0.045471095,0.15288566,0.57173145,-0.111231,-0.5155871,-0.026935382,1.0277213,-0.5946839,0.08479563,-0.18379025,0.4009819,0.29768157,-0.67384666,-0.5291978,-0.007087129,0.38444412,0.30422866,1.0215482,0.21745759,0.09044719,-0.5700138,-0.36569813,-0.58940196,-0.1562021,0.37568495,-0.66527694,-0.08111143,-0.41674802,1.141481,0.22021186,-0.5538085,0.06757652,-0.13591076,0.04854454,0.72809434,0.6326969,0.12713565,-0.3356809,0.45239854,-0.43723157,0.36272588,-0.5917195,0.3747721,-0.38897023,-0.21314517,0.6409158,-0.20623493,-0.15326995,0.77428,0.98476297,0.04622391,-0.51456964,-0.3081279,-0.31645036,-0.42787305,0.70028883,-0.13889395,0.35262036,0.024834821,0.14408457
One carbon pool by folate,-0.9327864,-0.86667955,-0.8517333,0.8223803,-0.055486817,0.052176613,0.5159463,-0.11883187,-0.7463637,0.08448421,0.89374334,-0.6603908,0.06506521,0.1215276,0.1954682,0.17442952,-0.6963605,-0.50962496,-0.1820069,0.10342586,0.18165797,1.0190651,0.33519587,0.027444504,-0.79549384,-0.3278743,-0.4980092,0.0023299113,0.20186432,-0.5941946,-0.23513186,-0.65393484,1.0054164,0.28743988,-0.4030557,0.06943359,-0.15216812,0.015956558,0.6824269,0.8500029,0.21778987,-0.4043119,0.14777906,-0.31077138,-0.13925616,-0.33001113,0.47196433,-0.13048294,-0.044174906,0.47084004,-0.15654854,0.006122839,0.8407071,0.8136318,-0.2114093,-0.53595877,-0.38323587,-0.21391006,-0.40759352,0.8372393,-0.045009214,0.40659228,0.06969539,0.415737
Human cytomegalovirus infection,0.27166465,-0.91242146,-0.15140173,0.5430326,-0.40821165,0.14677069,-0.10391964,0.036576968,-0.44918364,0.16452174,-0.26556003,0.037761483,-0.30003136,0.3064298,-0.16448227,0.20522863,-0.18193541,-0.5305842,-0.16724995,0.3332671,-0.18621302,0.08544843,0.12020232,-0.5767382,0.5471753,-0.1381721,-0.1584826,0.21987337,-0.08671672,-0.42263705,0.19997829,0.07640425,0.3299984,0.55387807,-0.43825006,0.19029924,0.024766302,0.0034659288,-0.5921745,-0.36382568,-0.1818977,0.06821056,0.39636344,0.15331355,0.32123372,0.4615678,-0.14154473,0.0051741577,0.22119272,0.2410842,0.123398274,-0.014568408,0.26081535,0.110006005,0.3689286,0.26284945,0.36233217,-0.128757,-0.034992393,0.34105182,-0.5108537,0.22656362,0.3488605,0.32338685
TNF signaling pathway,0.10362589,-0.7394465,0.037224177,0.4493185,-0.15893787,0.33083645,-0.3995186,-0.08425728,-0.46771184,0.012631336,-0.10283832,-0.14986007,-0.7647165,0.38602602,-0.18661831,0.0486159,-0.28862783,-0.2971304,0.27179664,0.28930727,0.03732632,0.52504915,0.27767822,-0.55291295,0.11735231,0.120450824,-0.23411153,-0.09222915,0.036639195,-0.59080726,0.1952052,-0.24054542,0.15747611,-0.16227035,-0.507449,0.188949,-0.13704714,-0.07803798,-0.2314919,0.22914973,-0.030213403,0.2516738,0.46374047,-0.2861292,0.4256377,0.14304298,-0.22719489,-0.15862039,-0.16228592,0.14688568,0.041005306,-0.1921965,0.34382007,-0.22349213,-0.058839217,0.2914429,0.26572627,0.110000715,0.25618505,0.15486602,-0.24077222,0.056615967,0.6601733,0.54165566
NF-kappa B signaling pathway,0.17285211,-0.68286884,0.1916101,0.41852963,-0.024594646,0.23616403,-0.22455475,-0.017923,-0.63399076,0.02489018,-0.39926586,-0.4080522,-0.70274496,0.36246318,-0.19294982,0.4470378,-0.27414688,-0.2620954,-0.043415256,0.120742485,0.08168176,0.76176554,0.38696355,-0.3750347,-0.029276581,-0.12181132,-0.3019024,-0.22626711,-0.005946591,-0.50592667,-0.1774806,-0.17526765,0.007236627,0.10098056,-0.37289786,0.012667606,0.09590482,0.21936011,-0.21773025,-0.011589895,0.009901033,0.061682027,0.06770959,-0.17678392,0.2145782,0.06257827,-0.14065798,-0.22088027,-0.22184028,0.3976217,0.06055381,0.009780273,0.37739572,-0.08469152,0.0035449925,0.3682969,0.10744241,-0.3323477,0.07449209,-0.0018902383,-0.3016641,-0.08125431,0.62117404,0.5038983
Cholesterol metabolism,0.3376957,-0.94255066,0.16119662,-0.057248272,0.23424964,1.0121619,-0.3012949,0.33509448,-0.8750743,0.5786543,0.20226707,-0.5354272,-0.7614392,0.41089627,0.32276797,0.30956662,-0.5712511,-0.06701496,-0.079797275,0.11557432,0.0031835278,0.87945515,0.37755066,-0.09756261,-0.067946814,-0.58198404,-0.25613984,0.25964215,0.12079149,0.04454342,0.44558153,-0.54799765,0.27713767,0.027069291,-0.6617555,-0.40072665,0.50843257,-0.31888136,0.38896084,0.46145838,-0.16784805,-0.016758902,0.60587245,-0.42925838,0.6497019,-0.17649992,-0.06681634,0.48874682,0.08181411,0.5115407,-0.06907045,-0.28994986,0.35573137,-0.23415637,-0.52397203,0.22960544,0.54206765,-0.2839401,0.7035827,-0.19448218,-0.21391362,0.041959226,0.5643406,0.28978553
Complement and coagulation cascades,0.2950275,-0.87453526,0.30620947,0.03363292,-0.04559798,0.6990448,-0.20953979,0.24026674,-0.71524906,0.67584383,0.20097451,-0.36558554,-0.93988055,0.45048642,0.1794445,0.18651004,-0.5909237,0.10131417,-0.0811632,0.2825093,-0.18813369,0.77820295,0.5525554,-0.06511905,-0.20608227,-0.2753518,-0.3682414,0.1825937,-0.009671458,-0.21879913,0.43814892,-0.37061176,0.21593624,0.1235021,-0.56979126,-0.06430298,0.23131946,-0.2872833,0.1977095,0.3099959,-0.15216728,0.23625484,0.5855514,-0.22638528,0.6253008,-0.11423306,-0.14391132,0.3043677,-0.00581947,0.43136477,-0.025993316,-0.055382658,0.16606554,-0.29872006,-0.43715262,0.2180545,0.276099,-0.30631894,0.41650915,-0.14298365,-0.058890205,-0.22753416,0.6986903,0.34415984
Fat digestion and absorption,0.26939863,-0.91856605,0.18508966,-0.011235704,0.27382588,0.8266543,-0.26414195,0.27857074,-0.9833458,0.7585831,0.20903185,-0.36807758,-0.8534043,0.5886997,0.31753403,0.37038037,-0.6505688,-0.17695387,-0.020351438,0.18395525,-0.015138304,0.8435445,0.41666532,-0.069966644,-0.044836376,-0.62216026,-0.15517992,0.31551453,0.10788073,-0.008679831,0.39774165,-0.47301462,0.38166186,-0.001165326,-0.55033326,-0.32921463,0.5744322,-0.32755554,0.53233904,0.49770567,-0.15195684,0.11102055,0.78328276,-0.35793734,0.82113063,-0.18965809,-0.10644064,0.4617666,0.059922524,0.6039418,-0.07162518,-0.16568227,0.30066857,-0.33372834,-0.42285305,0.19758248,0.32241988,-0.149903,0.5846183,-0.21289478,-0.050074928,-0.117932804,0.613557,0.25073558
PPAR signaling pathway,0.16281837,-0.88634855,0.32179913,-0.105137825,0.23032922,0.9941472,-0.1392293,0.2549429,-0.80657536,0.7561109,0.26488402,-0.3959746,-0.7739521,0.46551803,0.4320067,0.402934,-0.6552165,-0.11500292,0.10144219,0.27732518,0.074372016,0.8641277,0.37473586,-0.06850018,-0.033744045,-0.6570746,-0.34706122,0.25697803,0.19225752,-0.13788015,0.3694986,-0.47551474,0.2803937,0.0122860605,-0.5384051,-0.20687073,0.65581423,-0.3811893,0.5151476,0.5035927,-0.16251825,0.08296221,0.7852057,-0.61837584,0.688851,-0.134636,-0.14960827,0.6122899,0.1356385,0.60141253,-0.06338474,-0.079071105,0.32638863,-0.19365966,-0.48835987,0.15743975,0.36369243,-0.2037243,0.62295943,-0.3209211,-0.1195418,-0.069798335,0.6029464,0.36128977
Choline metabolism in cancer,-0.8190868,-0.46679518,-0.18190078,0.5496637,-0.36494112,0.07641801,0.048424978,-0.3171095,-0.5392871,0.29072726,-0.034214165,-0.12911381,-0.29713488,0.05267542,-0.60547173,0.58653426,0.039412454,-0.13668327,-0.19046313,0.4034194,-0.0015455908,-0.17564532,-0.16452038,-0.7480518,0.4104274,-0.022270948,-0.08968842,0.22051667,0.053941656,-0.4155468,0.2548615,0.4153395,0.004293779,0.17588355,0.106561065,0.15738975,-0.33128443,-0.12079894,-0.067734055,-0.0995827,-0.16983293,0.12695563,-0.08712238,0.6129985,-0.2566276,0.20601654,0.49718466,0.19227964,-0.13866554,0.5160095,0.7671887,0.13234307,0.64148486,0.038571183,0.43981397,-0.6666708,-0.04414908,0.010435474,-0.19898386,0.19995677,-0.060159784,-0.17850146,-0.27069458,-0.307965
Prostate cancer,-0.7068725,-0.36636457,-0.24982116,0.5249622,-0.12206653,0.0052454188,-0.059176996,-0.11369661,-0.6633185,0.14289817,0.20366514,-0.21604519,-0.2909832,0.17711107,-0.3701841,0.22323549,-0.06730325,-0.28005135,-0.3208231,0.38964185,0.0625102,-0.25167894,0.12009697,-0.24600974,0.068352476,0.50616497,-0.018241113,0.22343129,-0.1355179,-0.31137562,0.3893585,0.19087195,0.10680614,0.50384885,0.071379244,0.12537977,0.037514806,-0.08280602,0.0007492009,0.048002414,-0.18742958,0.14317963,-0.07560716,0.29247707,-0.04331356,-0.05596241,0.05489623,0.2289928,0.26579154,0.23892604,0.91668004,0.319546,0.42598265,0.093232684,0.19808525,-0.41734552,0.2752174,-0.13500015,-0.13550195,0.3198818,-0.3527912,0.12600704,-0.32437634,-0.3748183
Renal cell carcinoma,-0.72185135,-0.31601965,-0.1277178,0.51914537,-0.14132641,0.09207058,-0.04112115,-0.28015214,-0.5851461,0.12589942,-0.25912875,-0.26939875,0.07975493,0.041367326,-0.34463426,0.44901,-0.1061348,-0.36271974,-0.18839547,0.56024873,0.03960052,-0.028249348,-0.11361388,-0.68693894,0.27488863,0.0044150557,-0.19711564,0.081159756,0.32647327,-0.41100708,0.7394995,0.34564883,-0.025224583,0.20102605,-0.17018181,0.13974772,-0.28025174,0.09127451,-0.17022732,-0.12620859,0.11187552,0.23174258,0.12641518,0.70456415,-0.047210697,0.044808466,0.40773928,0.10259236,0.121883936,0.20911786,0.5963941,-0.028878193,0.25268504,-0.075985916,0.6769361,-0.3871513,0.12947474,-0.29430544,-0.05848853,0.12563926,0.08068856,-0.34955898,-0.37994418,-0.44079384
Long-term depression,-0.26045975,0.12820204,0.075129844,0.025423992,0.045210294,0.028178163,0.27584147,0.20741798,-0.2991084,-0.13673879,0.13041705,-0.45674288,-0.15590791,0.0072656074,0.1030024,0.28344455,0.08375263,0.036731116,0.16869208,0.4073294,0.33712715,0.4304283,-0.34758517,-0.14411075,-0.073240995,0.071650535,-0.0005543449,-0.05687393,0.023228427,-0.32674512,0.3824449,-0.18122278,0.037473507,-0.076156065,-0.51016736,-0.36177388,0.514377,-0.30694884,0.61040616,-0.14724217,-0.06545609,-0.19260918,0.40839213,0.18489668,-0.24515548,0.21288833,0.48111305,0.10691057,-0.08684157,0.3256133,1.1041474,-0.33864516,0.57277673,-0.10880048,0.289987,-0.24239989,0.24928418,-0.60830814,0.028525699,-0.0061529074,0.295836,-0.15447678,-0.6841216,-0.08380869
Colorectal cancer,-0.33940667,-0.43316633,-0.08285792,0.34229434,-0.60230535,0.003091494,-0.27172494,-0.16767922,-0.6614086,0.15961535,-0.17203274,0.072964706,-0.2573245,0.4994486,0.14279562,0.5468902,-0.1994724,-0.47558796,-0.068063945,0.36731556,-0.0641112,-0.10563811,0.27517587,-0.69761527,0.054983642,0.10457325,-0.094014645,0.24276023,0.088100724,-0.15359232,0.5134551,0.31218365,-0.0868492,0.729465,-0.58956283,-0.049308702,-0.10891025,0.11861912,-0.44878513,0.027546395,0.15027712,-0.17260155,0.25833997,0.5813088,0.046580195,0.5525021,-0.08908226,0.34030652,0.23797908,0.28750166,0.53464854,-0.24425773,0.32533896,0.28525665,0.36862555,-0.44232038,0.34776437,0.03516742,-0.30761167,0.37308162,-0.45708156,0.4014831,-0.11832959,0.10040442
Hepatitis B,0.002479013,-0.8129711,-0.11341975,0.331512,-0.76306057,0.27985314,-0.34681088,-0.08270524,-0.59726316,0.011853844,-0.06886791,-0.012564684,-0.30539957,0.41701505,-0.016998976,0.40220806,-0.08722621,-0.32555223,-0.02931897,0.37537703,0.034444902,-0.0424223,0.325323,-0.6141715,0.27322087,0.01583239,0.31571305,0.28665414,-0.08237157,-0.19175708,0.5749507,0.116277605,-0.124594115,0.46770093,-0.66703486,0.22412848,-0.2708496,0.28395948,-0.45712918,-0.1750805,0.27132273,-0.22467141,0.18533476,0.5476718,-0.063139,0.3985768,0.046784353,0.39665565,0.09682311,0.2566269,0.33159652,0.07735626,0.35493577,0.1524322,0.2245769,-0.01543162,0.19350968,-0.008106502,-0.20767413,0.389157,-0.40931937,0.25373772,0.11426375,0.042329196
Pancreatic cancer,-0.3873041,-0.5336337,-0.16553317,0.38984403,-0.26640844,0.22387587,-0.07585273,-0.25784147,-0.55328983,0.16148652,-0.17518757,0.016945692,-0.28434592,0.28371975,-0.18444906,0.5771389,-0.21278524,-0.28342918,-0.025155067,0.51085246,-0.2136788,-0.29206198,0.16311534,-0.7642855,0.11337751,-0.056464426,0.14957038,0.12006685,0.32591307,-0.36759117,0.4199965,0.407011,-0.08638154,0.62653,-0.24080189,0.09699208,-0.18398213,-0.014834778,-0.38853684,0.18626462,0.12334044,0.014457649,0.28890818,0.5465895,-0.030796826,0.49627274,0.1563139,0.3920886,-0.017332977,0.23284048,0.65128523,-0.044211272,0.33509752,0.21987586,0.38319597,-0.35869706,0.22750351,-0.010002937,-0.100312114,0.47585887,-0.38215,0.3263227,-0.2466468,0.03896919
Small cell lung cancer,-0.4337627,-0.23724787,-0.4420932,0.38068277,-0.11003617,0.09955929,-0.1356241,-0.19958065,-0.6172048,-0.07737905,0.024539169,-0.082397595,-0.38007018,0.30828288,-0.06206528,-0.06524973,-0.23183782,-0.25552076,0.14020568,0.37279078,0.0964934,-0.2828421,0.16165896,-0.19174293,0.06920689,0.44333842,-0.1643999,0.18349479,-0.15018532,-0.4104261,0.4100902,-0.0030883714,0.19429405,0.38302067,-0.014602724,0.13695736,0.16723552,-0.4129342,-0.06662313,0.15745589,0.06249,-0.19443677,-0.24963641,0.0847845,-0.33878,0.11417116,-0.10333028,0.15590212,0.206582,0.31054917,0.7688525,0.10705983,0.43236235,0.11778793,-0.12730742,-0.26491854,0.36734518,-0.28011134,-0.33295846,0.6138401,-0.15718591,0.10029102,-0.34078768,-0.27507505
Collecting duct acid secretion,-0.2535078,-0.8309929,-0.378478,0.7638896,-0.026999807,0.653376,-0.40655673,-0.36526877,-0.86597776,-0.48749384,0.2065171,-1.1233222,-0.21926562,0.29089147,0.3350015,0.8027129,-0.17200536,-0.62647015,0.85070044,0.36377785,1.5369973,0.7882076,0.7170151,0.47733662,-0.73355925,0.98811793,-0.48597705,0.22152066,0.4316753,-0.13871512,0.022695348,-0.65279883,0.59984964,-0.051099073,-0.24620003,0.99448353,1.095014,-0.9050501,-0.07441051,-0.4025974,-0.15385187,-0.4599372,0.34972665,0.43459317,0.2994571,-0.23698102,0.5427928,-0.090764575,0.2000776,-0.042278204,-0.2220371,-0.36177078,1.295292,0.94030696,0.008998152,-1.624514,0.40610567,-0.57834196,0.24183363,0.30127287,0.09612653,-0.7586223,0.08948728,0.7142174
Vibrio cholerae infection,-0.248047,-0.7049496,-0.5918793,0.48924017,-0.19661658,0.6157907,-0.39252725,-0.30556983,-0.9204226,-0.6528553,0.21653101,-1.2616307,-0.07787347,0.3806638,0.33538118,0.77567816,-0.21508642,-0.8251439,0.8169386,0.40421468,1.5292873,0.88272333,0.6415619,0.48237693,-0.5236455,0.92410666,-0.4285682,-0.10288425,0.48482478,-0.11152953,0.032476187,-0.60969436,0.6772872,0.09203268,-0.28864715,1.100532,1.149942,-0.6280091,-0.052075103,-0.4733113,-0.19518852,-0.25459158,0.20290576,0.6144104,0.49989274,-0.43549988,0.4388376,-0.20068605,0.17900744,-0.03451976,-0.16685916,-0.332202,1.092899,1.0136395,-0.05297164,-1.5977688,0.44601393,-0.77430665,0.40609786,0.27605474,-0.033930518,-0.74205875,0.02387139,0.5397084
Endometrial cancer,-0.20899168,-0.5594777,-0.30827925,0.3269791,-0.52080303,0.21726957,-0.39349535,-0.25090063,-0.6112793,0.1505561,0.009817102,-0.027788656,-0.24430114,0.32185012,0.17916414,0.43197796,-0.044283673,-0.63665354,-0.32092196,0.50599915,-0.17549254,0.079719715,0.15080146,-0.49768853,0.28806853,0.25057012,0.041293688,0.11880766,0.25906652,-0.26725388,0.51087993,0.5807108,-0.22995573,0.63789165,-0.4180334,0.058509752,-0.20105807,0.26745385,-0.22723402,-0.019202806,0.3518132,-0.26746586,0.3344917,0.5377395,-0.081006914,0.31091627,-0.20234406,0.32871515,0.12137349,0.31599733,0.65289277,0.1118806,0.56015927,0.20032698,0.41893798,-0.34165946,0.30057025,-0.11881849,-0.18875091,0.6366957,-0.33236456,0.25573933,-0.16652694,-0.14745669
NOD-like receptor signaling pathway,0.23117723,-0.40305322,-0.018731374,0.3415035,-0.04033448,0.6651247,0.21906416,0.01984452,-0.46359703,0.002800154,-0.051048838,-0.1562566,-0.64965904,-0.04602416,-0.40829378,0.12214211,-0.3242471,-0.1556954,0.056563973,0.14059816,0.36526695,0.9084052,0.577698,-0.51163054,-0.16310269,-0.12945575,-0.29533842,-0.14819348,0.010847134,-0.6441356,0.27897468,-0.44408205,0.1780743,0.27546707,-0.4524541,0.4636958,0.04654404,-0.15607059,-0.31182837,-0.20227289,-0.19916992,0.07256742,0.4608348,-0.37871853,0.5620147,-0.07120126,-0.2767846,0.16289221,-0.24014962,0.1807891,0.2659384,-0.06584519,0.18066496,-0.50892144,-0.07026865,0.32681075,0.21095559,0.14787391,0.122977845,0.08770819,-0.56944185,0.018189019,0.26614326,0.6548994
Fanconi anemia pathway,-0.54081047,-0.7423388,-0.51669204,0.8385224,-0.09759376,0.24428928,0.536542,-0.18948558,-0.5801172,-0.055285517,1.1052648,-0.62003756,-0.04111382,-0.2152536,0.50335974,0.15853204,-0.57864463,-0.57502973,-0.10642146,0.2580636,0.23560303,1.080643,0.26647592,0.01670584,-0.71838856,-0.28087702,-0.49384218,-0.09510856,0.389394,-0.6228432,0.009575533,-0.14833735,1.0473574,0.18866096,-0.60799724,0.040803056,-0.17533107,0.23671126,0.74351215,0.6343177,0.05109292,-0.31916165,0.4227683,-0.5311211,0.3368841,-0.7429797,0.6514707,-0.18048586,-0.24140626,0.5532573,-0.19769849,-0.1898154,0.7889771,0.97839165,-0.02007143,-0.5943329,-0.16749418,-0.3507009,-0.29645985,0.76807076,-0.08238318,0.2120737,0.012339437,0.15707527
Nucleotide excision repair,-0.6218357,-0.700467,-0.4490621,0.7973917,-0.012395979,0.10109666,0.40810308,-0.22141989,-0.6420781,-0.17445391,1.0607747,-0.48249394,0.069677144,-0.10325246,0.40855616,0.25415656,-0.72779715,-0.4316221,-0.11690618,0.26406986,0.40715143,1.1001762,0.26977703,-0.051046632,-0.64708555,-0.28977594,-0.37071615,-0.26908967,0.509315,-0.46575308,-0.108265445,-0.30137107,1.0914873,0.18800676,-0.46950647,0.12476755,-0.18292323,0.0037634927,0.7207179,0.732575,0.08497207,-0.11136601,0.5606381,-0.6422098,0.3288153,-0.60978556,0.5125339,-0.15448765,-0.23057537,0.65211314,-0.27429757,-0.22326833,0.86813235,1.1094894,0.10968215,-0.50321054,-0.19077978,-0.27641383,-0.44833767,0.6344792,-0.06431319,0.25782603,-0.033822645,0.16208215
Diabetic cardiomyopathy,0.03174032,-0.16944799,-0.6448667,0.27137363,-0.5392008,-0.43433407,0.8795279,0.20626615,-0.98787826,0.28315887,0.47336686,-0.97595483,-0.37129518,-0.29532528,-0.32974866,1.1338017,0.35374087,-0.3660151,-0.30994743,-0.28985995,0.48217502,0.74835056,-0.16619866,-0.32454303,0.09235043,0.08555467,-0.1180512,-0.27451977,0.76247096,-0.16896531,-0.038811643,0.015102652,0.09329286,-0.19071408,-0.7638686,0.01947082,0.7811823,-0.85578686,-0.006211502,0.39854154,0.2811219,-0.1603483,0.42634758,-0.39809087,0.59200263,-0.333694,-0.12149369,0.016416643,0.8420585,1.1283243,0.19297908,0.2002683,0.5713003,0.37937248,-0.21739276,-0.73509043,-0.05010689,-0.10889435,0.03568528,0.34366733,0.38757414,-0.066768475,0.9099431,0.3988822
Non-alcoholic fatty liver disease,-0.016798357,-0.12914528,-0.6821891,0.22720878,-0.68992656,-0.34727266,0.77398723,0.22049399,-1.0184264,0.1880961,0.34014502,-0.8977147,-0.3408926,-0.16549218,-0.40883946,1.0510967,0.20889771,-0.34080973,-0.21336037,-0.25781235,0.63361084,0.8900716,-0.047064785,-0.22932285,0.12102058,0.28508762,-0.15404925,-0.3045153,0.98487616,-0.21667835,0.07094735,-0.09072353,-0.0677685,-0.19113953,-0.6163764,-0.020910703,0.6265243,-0.7012343,-0.044527493,0.3887704,0.15127598,-0.09406783,0.45607054,-0.26285553,0.46885106,-0.46463993,-0.051443845,0.15560569,0.78164923,1.283873,0.1119791,-0.0317827,0.47746328,0.3577016,-0.41625667,-0.7812327,-0.18607193,-0.21779487,-0.057267327,0.3150858,0.53314334,0.023838593,0.88752955,0.39017332
Oxidative phosphorylation,0.20990644,-0.2861301,-0.8292409,0.1872628,-0.58273304,-0.42287984,0.83035064,0.21531934,-0.9991878,0.080573514,0.46636924,-0.9329446,-0.47181174,-0.12254276,-0.32907215,1.0640616,0.345162,-0.31835577,-0.18026248,-0.3018955,0.7090456,0.7178158,-0.048715416,-0.40800077,-0.10176818,0.1637253,-0.16546749,-0.29640538,0.9120646,-0.1768038,0.044330314,-0.01118823,-0.06795921,-0.21556632,-0.57503355,-0.20693684,0.5867948,-0.7106744,-0.020391006,0.35508347,0.11037407,-0.089396566,0.5225621,-0.27881065,0.41907924,-0.53891504,-0.10981173,0.08403827,0.7581017,1.090257,0.27793297,-0.059053697,0.64078295,0.28748068,-0.45741573,-0.75850874,-0.11005667,-0.15445927,-0.047760352,0.25086555,0.49951664,0.25667125,0.821806,0.45326075
Drug metabolism,-0.6600091,0.19599085,0.11466869,0.124902986,0.65537745,0.019555312,0.45202234,0.46679696,-0.7613057,-0.3921742,0.91484714,-0.74812967,-0.6496392,-0.21516572,0.5204137,0.47316793,0.30002058,-0.85518056,0.2257577,0.36060166,0.5100001,0.93212044,0.45105323,-0.4451318,0.13757075,0.10953487,-0.29513457,0.30637407,0.16845694,0.038975615,0.33581582,-0.83609414,-0.43906194,0.5444472,-0.5096875,0.33593124,0.08356523,-0.4581598,0.37226975,0.3500742,-0.4284138,0.43669134,1.1505212,0.2696976,-0.23260021,-0.18334924,-0.23257849,-0.3122584,0.1843224,0.30937278,-0.24107297,0.17703073,0.5658063,0.7032201,-0.27126163,-0.75594735,0.6460571,-0.9028209,-0.019460125,1.1083058,-0.1012668,-0.35203415,0.82177293,0.66656214
Metabolism of xenobiotics by cytochrome P450,-0.7013379,0.20439035,0.037809864,0.30218098,0.6735575,0.10471562,0.34212655,0.5550942,-0.84108394,-0.3063358,0.8117146,-0.7952749,-0.6537198,-0.30544052,0.604772,0.4719626,0.20656672,-0.75291884,0.33598566,0.17581648,0.48933148,0.93122476,0.47120702,-0.64353466,0.00043762365,0.0880807,-0.2753994,0.15504397,0.14989609,0.070824645,0.5073244,-0.90735894,-0.45520917,0.42825305,-0.4168242,0.11055857,0.17421311,-0.51576066,0.12043668,0.33556888,-0.5315265,0.27821648,1.1382157,0.3359902,-0.29942727,-0.19141947,-0.10187605,-0.45900783,0.11113668,0.30876085,-0.3483019,0.3688434,0.68473965,0.65359217,-0.1504291,-0.7481745,0.5620038,-0.8993099,-0.037491377,1.1746593,-0.020859692,-0.2511813,0.72048193,0.6719175
Retinol metabolism,-0.5751653,0.07164355,-0.03888124,0.2759205,0.69808835,-0.060229193,0.33479333,0.4024088,-0.8597411,-0.3393004,0.83817524,-0.8777548,-0.5789775,-0.32970038,0.44296315,0.43117628,0.388513,-0.80054396,0.27091208,0.3578027,0.5886952,0.9336565,0.3079131,-0.6284508,0.26001003,-0.13973142,-0.29791656,0.07347287,0.00597893,0.17356607,0.33719298,-0.9938716,-0.5097798,0.57721233,-0.4874965,0.27694374,0.06745833,-0.5831526,0.33982345,0.42594436,-0.41888553,0.28185973,1.0357741,0.42956552,-0.10687362,-0.24178335,-0.15750971,-0.40295622,0.078752875,0.24410188,-0.3427892,0.28019127,0.55991584,0.6430855,-0.17000741,-0.74075234,0.572234,-0.84294975,-0.008196269,1.1422268,-0.0432856,-0.15465166,0.6732998,0.7526647
Steroid hormone biosynthesis,-0.5593574,0.23389718,0.03800905,0.20710358,0.6499352,-0.05255316,0.44854075,0.41153538,-0.90650415,-0.4082048,0.8182954,-0.815442,-0.8143627,-0.20924667,0.5370859,0.40195388,0.38726845,-0.9239728,0.39129987,0.20407645,0.5314411,1.0106605,0.4056078,-0.5830765,0.14548604,-0.10713482,-0.33009154,0.16712198,0.029962767,0.14266002,0.3502032,-0.7604707,-0.28639358,0.4710766,-0.5217897,0.30056605,0.14752495,-0.43397075,0.2233538,0.35945463,-0.40973866,0.40137282,1.1331863,0.48580047,-0.12721874,-0.35321355,-0.11626005,-0.38386294,0.07496907,0.23582159,-0.17371327,0.4167303,0.543818,0.6274547,-0.18660447,-0.7471054,0.47642905,-0.9259419,-0.07725638,1.15772,-0.010964533,-0.18287425,0.63283706,0.69832885
Hippo signaling pathway,-0.5095106,-0.1693467,-0.53766596,0.70940375,-0.3687226,-0.2857791,-0.057927925,-0.12914927,-0.63873196,0.099824324,0.0703538,-0.5186937,-0.10138024,0.30864874,-0.10413835,0.05967349,-0.19315453,-0.048934978,0.005069763,0.34754962,0.11965078,-0.08836722,0.302247,-0.30671135,0.15160273,0.12916826,-0.006149625,0.32276195,-0.3961475,-0.28388742,0.22272277,-0.042698156,0.29287094,0.19453254,0.1708709,0.11790341,-0.09995165,-0.43571162,0.148999,0.05441643,0.11085384,0.0057133846,-0.047899444,0.19503102,-0.49302655,0.044926096,-0.1488489,0.29316652,0.25643677,0.4432854,0.7311789,0.0020667103,0.3329854,0.021600612,0.10603083,-0.36483178,0.14860022,-0.30430436,-0.14863797,0.40454924,-0.4117705,0.054916516,-0.12110536,-0.36176178
Pancreatic secretion,0.03721472,-0.0343122,0.10413466,0.031029135,-0.23050722,-0.09978562,0.14415176,0.21764512,-0.65890324,-0.048912454,0.51216364,-0.53972584,0.35022002,-0.08757656,-0.22987784,0.44830582,0.01474934,-0.058170263,0.41197962,0.61305,0.18360867,0.30155864,-0.39950746,-0.18045008,0.13598312,-0.33064076,0.15386875,-0.07496348,-0.18690902,-0.4349071,0.5930381,0.2271017,-0.016589127,0.32993928,0.0635623,0.06308954,0.19875588,-0.17229684,0.39469615,0.20953722,0.004622977,-0.14184898,0.45030195,-0.018957067,0.090075895,0.37995,0.5001406,0.28185382,0.16667566,0.1642963,0.74722064,-0.29482767,0.48384058,0.08120522,0.56516016,-0.4193204,0.4991215,-0.4578173,-0.17611496,-0.062508516,0.22500853,-0.15964444,-0.45203453,0.033281386
Hepatitis C,0.38562533,-0.51059055,0.007173967,0.5013063,-0.38751698,0.27187946,0.029963877,0.37034118,-0.40140948,0.034262385,-0.14988838,-0.39437917,-0.5417871,-0.03836349,-0.36720923,-0.028624143,0.0014030371,-0.2896427,-0.31867123,0.17772014,0.26477656,0.8209356,0.582224,-0.74585384,0.1302452,0.093167044,-0.025613392,0.14714545,0.25079837,-0.740233,0.04383508,-0.41343504,0.45179713,0.5544511,-0.4477386,0.48175472,-0.20156428,0.036316924,-0.43941084,-0.16306122,-0.35216144,-0.14434464,0.56571865,-0.40626013,0.71463037,0.29850242,-0.122030295,-0.023326747,-0.43765262,0.08609069,0.03259799,0.11598092,0.42846194,-0.5257396,-0.25265604,0.009080424,0.20316643,-0.10954779,0.3982068,0.12764469,-0.39485437,-0.048703186,0.33432335,0.4656748
Human immunodeficiency virus 1 infection,0.06568373,-0.633491,0.06317377,0.49301586,-0.5654539,0.3278776,0.10828826,-0.19869144,-0.7304619,0.19264092,-0.30102018,-0.2966709,-0.46740812,0.32642537,-0.30322498,0.025355723,-0.11345287,-0.2990587,-0.061576635,0.44565773,0.40093347,0.5037161,0.5383485,-0.9769329,0.28366426,-0.010793281,0.13150252,0.08143793,0.3980075,-0.36121964,0.030778794,-0.3863076,0.28430358,0.41114736,-0.6734171,0.27719262,-0.097390175,0.1623708,-0.32502043,-0.5064466,-0.14630339,0.018517828,0.46252567,0.014851096,0.30108237,0.23254915,-0.15842663,0.10972417,0.20738584,0.22757608,-0.29634005,0.13934396,0.24783078,-0.36434266,0.027845075,0.09937909,0.20823862,0.10882626,0.24123847,0.088244535,-0.67774296,-0.17766786,-0.16377354,0.45324814
Measles,0.24886036,-0.6844004,0.11604759,0.62704897,-0.30827466,0.456192,-0.06178544,0.046652723,-0.22114956,-0.085371844,-0.07252793,-0.2951668,-0.6552775,-0.21948214,-0.3701978,0.093601055,-0.042242285,-0.20746295,0.025308462,0.26537952,0.49813452,0.78968835,0.57368064,-0.74457735,0.18076256,-0.0338244,-0.04426963,0.08592888,0.18476607,-0.59034747,-0.020487666,-0.23247747,0.5519347,0.19419752,-0.42410162,0.3968659,-0.07167077,-0.084742606,-0.19852212,-0.41804355,-0.17524846,-0.08668986,0.5175604,-0.1863627,0.6768282,-0.0104199145,-0.17470111,0.09498072,-0.43331724,0.3202402,-0.06789425,-0.019042462,0.19457385,-0.5457347,-0.058451675,0.050313547,0.32589015,0.0014844951,0.25490987,0.3337554,-0.33093888,-0.07063337,0.38194075,0.50149673
Fatty acid degradation,0.3897697,0.043327432,-0.67424804,0.7736582,-0.17526704,-0.050117236,0.30705747,-0.759281,-0.56245804,-0.721369,0.9035925,-0.4496687,-0.11767818,0.03708615,0.28155538,0.85866797,-0.71778905,-0.5001393,-0.06548237,0.88984126,-0.10414826,1.7036912,0.5127546,-0.7027662,-0.10404011,-0.23439954,-0.69551176,0.7295181,0.8501147,-0.3948268,0.23731664,0.16576709,-0.06357253,-0.6288271,0.35679716,-0.51349664,0.06331557,-1.037361,-0.13185523,0.8827152,-0.40747073,-0.7239564,0.7903344,0.33468562,0.3519881,0.07865776,0.023891635,-0.5356576,0.23391096,1.2463908,0.26015308,0.26228923,0.7881402,0.4957705,-0.41581625,0.06823323,0.598812,-1.0693954,0.5101518,0.511911,-0.262789,-0.38447767,0.27254117,0.35049835
beta-Alanine metabolism,0.36371344,0.0579444,-0.70073247,0.8077113,-0.28112006,-0.1494252,0.35120767,-0.6364492,-0.4681087,-0.70065916,0.8359787,-0.48329094,-0.2904009,0.08970536,0.1609982,0.80789036,-0.738476,-0.50148207,-0.18786132,0.9994614,-0.1491546,1.6959141,0.56902754,-0.7861121,-0.13992317,-0.3330256,-0.74727976,0.7428352,0.86345863,-0.355399,0.21384622,0.2699213,-0.09443427,-0.5457825,0.2800868,-0.5038025,-0.11640239,-1.0805353,0.17370841,0.8957104,-0.40248504,-0.7727731,0.7751061,0.3243772,0.2931788,0.11459386,-0.025391765,-0.3845663,0.18040292,1.3360134,0.124618344,0.100693755,0.61456084,0.49520814,-0.4386749,-0.004830921,0.40595028,-1.1333578,0.55620223,0.41329423,-0.20942013,-0.46147653,0.3728129,0.45663282
Fc gamma R-mediated phagocytosis,-0.038928755,-0.6541663,0.120089106,0.26300094,0.060889542,-0.49698484,0.107997686,-0.3766717,-0.5061279,0.16594122,-0.552557,-0.42297226,-0.6412625,-0.11689523,-0.16235387,-0.1916625,-0.18549678,-0.12607253,0.17194654,-0.11779819,0.28679818,0.039633848,0.19352181,-0.075673044,0.48331234,0.17058186,-0.24793637,-0.2793584,-0.688828,-0.44395906,0.20120427,-0.26945698,0.26048106,0.28058937,0.011913188,0.0010630011,0.28638968,-0.24588993,-0.17070584,0.1991641,-0.39837047,0.4195491,-0.10414047,-0.20765251,-0.21446644,-0.2546738,0.2310859,0.08845986,0.023109876,0.4615333,0.7838815,0.18762954,0.5058666,-0.01602046,-0.28310275,0.38915583,0.088881575,-0.14177385,0.2649968,0.12944485,-0.7189076,-0.52875847,0.67777544,-0.009646763
Gap junction,-0.421562,-0.15807708,-0.6705704,0.37505603,-0.44316176,-0.2743119,0.07209056,-0.03438201,-0.61428565,0.017311007,0.01104039,-0.20368773,0.079220004,0.37635532,-0.1454295,-0.07396072,-0.0485199,-0.070220664,0.11289055,0.62033814,0.033552967,-0.06260159,-0.047749102,-0.1659713,0.111436374,0.00471943,-0.05035709,-0.0032870853,-0.20250766,-0.51220846,0.17616653,0.008379029,-0.027152518,0.41569635,0.01623469,-0.09022355,0.21513633,-0.270421,0.2706479,0.022207724,0.001171338,-0.19895723,-0.22397387,0.37663907,-0.27461043,-0.24484658,0.19915242,-0.059416294,0.060392976,0.12891857,1.1083459,0.013619097,0.296176,0.054431714,0.07758782,-0.1834023,0.46329814,-0.1950937,0.014334696,0.40258875,-0.124366686,-0.24727769,-0.1335355,-0.18602014
Melanoma,-0.67223,-0.25434047,-0.6811448,0.3510495,0.078038074,-0.23087214,-0.26298797,0.13395284,-0.66564566,0.08566217,0.06292337,-0.38905168,-0.34337088,0.4877881,-0.1701777,0.18218583,-0.10000077,-0.43668446,0.062089566,0.25907046,-0.09373704,-0.17581612,0.45068762,-0.3183438,0.45418188,-0.14736821,-0.014977743,0.16103742,-0.30083194,-0.13438003,0.18,0.098334566,0.14073743,0.32169867,0.00798607,-0.06579864,0.08796424,-0.11562202,0.24184276,-0.019301564,-0.20372555,-0.21969637,-0.45024818,0.06351416,-0.075437255,-0.12418335,0.3003467,0.28335676,0.4687716,0.44358316,0.85675484,0.01398798,0.18734802,0.118581295,0.04673271,-0.3215809,0.16638975,-0.25423282,-0.01854974,0.5082841,-0.13322891,-0.2917118,-0.3636313,-0.20935565
Rap1 signaling pathway,-0.4467252,0.075024396,-0.63384444,0.048371714,-0.22389351,0.075621024,-0.4404681,0.08871283,-0.490796,0.043112867,0.1907725,-0.05323967,-0.20953164,0.291838,-0.22104542,-0.1939924,-0.030978382,-0.1681769,0.29593584,0.15800026,0.16564247,0.0067012967,0.058249775,-0.19210863,0.18604946,0.27204514,-0.059487496,0.19088283,-0.26154345,-0.46493673,0.41787812,-0.3039642,0.31105644,0.32487455,-0.018626079,-0.20322327,0.25365803,-0.56321186,0.30477956,0.10467004,0.18782112,0.33949548,-0.25711423,-0.08689611,-0.220218,-0.13190533,0.07168177,-0.024729589,0.023067828,0.26169607,1.0918865,-0.15939076,0.42253152,-0.013421083,0.13337682,-0.5177311,0.23471813,-0.38719848,0.04313086,0.30444604,-0.089090414,-0.10815867,-0.21145365,-0.19713822
Ras signaling pathway,-0.47333226,-0.052023433,-0.5852792,0.29151723,-0.23165992,0.15520482,-0.108211435,0.31018955,-0.634752,-0.1633154,0.09369263,-0.14081499,-0.23019998,0.25496617,-0.23317178,-0.009361945,-0.23481108,-0.1396613,0.14780681,0.18524162,0.14927931,-0.03501984,0.09494404,-0.029824983,0.1537102,0.20916413,-0.12579012,0.3185622,-0.5684455,-0.37884897,0.416781,-0.026381671,-0.03188547,0.22362141,0.0061317324,-0.10639153,0.43209895,-0.2840637,0.05874335,0.4256781,0.117974095,0.20396852,-0.34209946,-0.17717348,-0.44516823,-0.053502172,-0.04093925,0.044646613,0.018742511,0.32745904,1.0075749,-0.13044482,0.29921025,0.33003962,0.23974538,-0.4409167,0.14141221,0.004015447,0.0551538,0.34842333,-0.24842039,-0.27849987,-0.11926898,-0.17477855
GABAergic synapse,0.36608225,0.27027038,-0.10240491,0.6366688,0.3876376,-0.30673373,0.37751928,0.85471344,-1.3469458,-0.50009996,0.8420078,-0.32494432,-0.28299984,0.17411277,0.44665468,0.76786894,-0.15429637,0.16062889,-0.35426453,0.36378404,0.5579247,1.1025186,-0.52557147,-0.12335811,0.32366636,0.034210786,-0.24511564,0.5018246,0.55313575,-0.48051214,0.047018852,-0.2857664,0.09548649,0.0674285,-0.19578332,-0.29133314,0.4859563,-0.10393884,0.85341233,-0.1181898,0.07160767,0.21198902,-0.092194825,0.13541852,0.39418933,0.12538259,0.5546604,-0.22588986,-0.47903055,0.1258174,0.72167546,-0.13092813,0.022806682,-0.084138066,0.25266817,-0.35991535,-0.3620785,-0.7680479,0.016477033,-0.24596965,-0.01778641,-0.6547203,-0.3735195,0.6411734
Morphine addiction,0.305495,0.29667285,-0.06891968,0.7345033,0.26403534,-0.24485494,0.2625264,0.85062563,-1.1904334,-0.19460772,0.7346143,-0.24704014,-0.40406087,0.12942325,0.45133415,0.7171942,0.12185634,0.08310063,-0.41658136,0.53190476,0.6568599,1.0613633,-0.6532588,-0.30576172,0.20402966,-0.02882294,-0.2902464,0.5893883,0.4935638,-0.37379393,0.020474328,-0.322059,0.062949315,-0.026009362,-0.2640606,-0.4726904,0.5539808,-0.06853764,0.77193916,-0.006363601,0.09783266,0.29658818,-0.06094599,0.027101018,0.30341625,0.17438464,0.6155434,-0.15861782,-0.4529803,-0.036514927,0.9499315,-0.3058841,0.14933068,-0.0044414713,0.21420957,-0.29495084,-0.4462502,-0.7251816,-0.18115874,-0.27169004,0.030077659,-0.31208858,-0.22569034,0.62046176
Signaling pathways regulating pluripotency of stem cells,-0.5300069,-0.47196218,-0.45820898,0.67291987,-0.13580358,-0.45421192,0.14203836,-0.04918642,-0.6603759,0.3320178,0.12675533,-0.333759,-0.044532266,0.19047873,-0.0066534705,-0.18137345,-0.35855153,0.210023,-0.2979661,0.48729405,0.049258076,0.06593058,0.5077768,-0.36118776,0.15471885,0.15730974,0.34144545,0.053621992,-0.48802724,-0.16226651,0.556452,0.021213481,0.34244576,0.30982986,-0.035318777,0.19267212,-0.0021934002,-0.52450174,0.04968615,-0.20200494,-0.086330004,0.18912232,0.09995347,0.3039476,-0.38052502,0.11197061,-0.22686729,0.25771135,0.22958443,0.5082436,0.87917787,0.13077675,0.22726382,0.06990966,0.11960045,-0.49926233,-0.108881734,-0.4813835,-0.08701121,0.48600632,0.18698445,0.27028176,-0.11510679,-0.42508802
Glioma,-0.8842032,-0.47555503,-0.7574398,0.55747855,0.11608493,-0.45312977,-0.6244117,0.21435018,-0.52119064,-0.43924293,0.2841489,-0.732913,-0.34953794,0.06992158,0.11440899,0.44499007,0.08659633,-0.27493858,0.0827862,0.27209574,-0.5396061,-0.008942065,0.35666686,-0.61886716,0.5782333,-0.017445982,0.1360608,0.08060101,-0.073048525,-0.13772427,0.030034091,0.034715317,-0.12182461,0.17598549,-0.021390088,-0.23007861,0.28334993,-0.40698004,0.25579575,0.022903048,-0.4179668,-0.20964955,-0.5474834,0.039398436,-0.07839497,0.14846478,0.22186941,0.19669192,0.44120076,-0.013886168,0.9653248,0.015999645,0.19022882,-0.028185839,-0.027171794,-0.21430078,0.20002949,0.12395877,-0.032986157,0.67320395,-0.16029085,-0.07973711,-0.41246617,-0.20775023
Glucagon signaling pathway,-0.2028782,0.08730891,-0.16555335,0.12066138,-0.33575436,0.17975828,0.3663546,0.124380425,-0.51721466,0.067578346,-0.04236345,-0.18933333,-0.21937251,-0.046632495,-0.21591659,0.32142693,0.23417847,0.19758691,9.655648e-05,0.29347733,0.3809154,0.85508156,-0.1662483,-0.1299333,0.44013426,0.25717238,-0.6044105,0.097190365,0.072441265,0.011296635,0.6125494,-0.047287136,0.010922644,-0.29319853,-0.38321882,-0.16005757,0.55205226,-0.008573837,1.180778,0.58021086,-0.2181321,-0.38364297,0.5351595,0.021610122,-0.31296524,0.27275684,0.23464327,0.3363512,-0.52433264,-0.2694684,0.7832488,-0.56199455,0.8033495,-0.060608022,0.06922476,-0.47998187,0.031050755,-0.68499017,0.12009638,0.19172354,0.49881083,-0.4250748,-0.48293102,0.25585267
Retrograde endocannabinoid signaling,0.22622293,0.16678138,-0.06506059,0.4441351,0.26931858,-0.264381,0.20935906,0.53862774,-1.1818807,-0.27597785,0.6312566,-0.1609136,-0.36786842,0.11005353,0.33326715,0.6553723,0.012545178,0.22910538,-0.16498601,0.4899417,0.5987188,0.9078866,-0.6495701,-0.04307772,0.04004978,0.10394163,-0.31851682,0.5278858,0.35499245,-0.4467555,0.19852199,-0.28301573,-0.0072527123,-0.0399874,-0.18508007,-0.27013543,0.5035369,-0.07087998,0.8655354,-0.080354266,-0.055532645,0.063614845,-0.0321702,0.21586604,0.24797039,0.34868535,0.57749087,-0.15704402,-0.4869492,0.06815554,0.7846364,-0.027156077,0.13036805,-0.10956586,0.23437448,-0.41680923,-0.39007866,-0.6849681,0.037701752,-0.10973001,0.0899948,-0.4744806,-0.39727494,0.30895987
Glyoxylate and dicarboxylate metabolism,0.06837919,-0.25459158,-0.9044409,0.7761172,-0.3168578,0.57321024,-0.41084683,0.46671125,-0.45505112,-0.4050501,-0.16561285,-0.83722144,-1.0460203,0.21712992,-0.40313205,0.45498407,-0.36696953,-1.1450344,-0.09447692,0.21926449,1.1724935,0.44486645,-0.18085074,0.14104553,0.21906045,-1.0345063,-0.05352981,-0.97315407,0.12934172,-0.666993,-0.55968124,-0.5678774,0.1873739,0.23915848,-0.20917572,0.5021532,0.24486494,-0.8292748,0.9152098,1.0367377,-0.019155495,0.08295579,1.4455532,0.2954212,-0.15847315,0.05065166,0.65611386,0.49467883,-0.3392734,0.58646446,0.27367008,-0.17510372,0.76892495,0.66759455,0.35806826,-1.0971386,-0.5509004,-1.4198598,0.5718607,0.55916035,-0.04461826,0.5180885,1.02897,0.67352325
Pyruvate metabolism,0.15871498,-0.1892116,-0.8055443,0.84915596,-0.18073772,0.5322045,-0.5376663,0.558739,-0.63464487,-0.20122106,-0.20956452,-0.87533385,-0.90581805,0.26182917,-0.49547017,0.43831632,-0.489231,-1.1497904,-0.003991322,0.27201572,1.2643157,0.31416324,-0.2054344,0.08303114,0.23570111,-1.1055957,0.035641372,-0.99444336,-0.064006165,-0.52249163,-0.59400094,-0.6190221,0.086437784,0.27158678,-0.47374916,0.49009916,0.28852087,-0.7330888,0.88438463,1.0566822,-0.1634488,-0.07348446,1.3254498,0.36685243,-0.25315198,-0.11385649,0.6085338,0.29127854,-0.36315438,0.69207394,0.16447997,-0.26802862,0.84809345,0.549873,0.28404084,-1.0916454,-0.6870972,-1.334463,0.3991857,0.54572487,-0.063187435,0.66457266,0.9926221,0.57586503
Hedgehog signaling pathway,-0.17541079,0.22990799,0.29756978,0.16089293,-0.4253491,-0.14636458,0.107406765,0.38854593,-0.68971807,-0.009146453,0.6674741,0.03794619,0.20524451,-0.05717425,-0.35175547,0.45032468,-0.36841422,-0.2525267,0.6836692,0.5327879,0.35776365,0.50487983,-0.186805,-0.07475669,0.08841314,-0.37342182,-0.58432525,-0.38219917,0.09395748,-0.17939164,0.45746255,0.15258092,0.10570378,0.24209568,-0.20558563,0.18833677,0.6017836,0.026280688,0.4754234,0.7275539,0.34186646,-0.0053981785,0.49105924,0.7287948,-0.14053923,0.47716895,0.25842333,-0.14468446,0.37260392,-0.021203753,1.0264287,-0.17843585,0.3979812,-0.26014787,0.3627719,-0.26338616,0.17900507,0.03970337,0.04840838,0.13259885,0.18122855,0.2574696,-0.2987681,0.4018741
Neurotrophin signaling pathway,-0.26363432,0.23314767,0.20921035,0.34116682,-0.51299185,-0.20275576,0.13977537,0.36867958,-0.6262111,-0.09196831,0.60708404,-0.16404574,0.06761303,-0.26084328,-0.33330688,0.32750806,-0.114806145,-0.034297783,0.48190975,0.20809327,0.3689237,0.6791394,-0.28762653,0.12442494,0.09344823,-0.5118391,-0.42363775,-0.06723921,0.31985945,-0.108707346,0.6493739,0.2009408,0.002048714,0.43211535,-0.2052363,0.14329869,0.48758596,-0.052795865,0.8349496,0.6498983,0.022746937,-0.05186388,0.0967113,0.6518088,-0.07615049,0.47557804,0.09670154,0.005619361,0.23002689,0.1966097,0.763596,-0.086700946,0.47214204,-0.22681081,0.39891604,-0.30406168,0.38335028,-0.18366106,0.16947919,-0.16854377,-0.04350492,-0.003025157,-0.12823991,-0.04861938
Prolactin signaling pathway,-0.093114965,0.21866629,0.19770877,0.31662238,-0.5670194,-0.14305176,0.27350166,0.46991134,-0.500953,-0.083914936,0.5970563,-0.12541091,0.028229527,-0.25442874,-0.37283045,0.24873425,-0.09243561,-0.025836956,0.59767133,0.29156253,0.3089747,0.6696352,-0.2205135,-0.008981686,0.15131134,-0.34806386,-0.48131496,-0.15993927,0.13536724,-0.16597141,0.5720915,0.2052979,0.041457243,0.4194811,-0.28790036,0.19153349,0.4633803,-0.0857699,0.6619929,0.6627493,0.13419335,-0.27182606,0.16611716,0.62553835,-0.074293524,0.29245043,0.015790444,-0.064668894,0.35209125,0.21141861,0.8380502,-0.2499139,0.35360467,-0.18711326,0.6353362,-0.23354611,0.4797603,-0.19735484,0.21408948,-0.10927923,0.044428825,-0.100203775,-0.20028947,-0.02233327
Type II diabetes mellitus,-0.05049445,-0.010735043,0.507782,0.09451605,-0.22509216,-0.09394018,0.12084701,0.34018928,-0.7859732,-0.24345107,0.70084906,-0.12839964,0.39629143,0.064597405,-0.26419422,0.69382167,-0.11370621,-0.27581924,0.45671037,0.4125097,0.5513708,0.3815372,-0.02761066,0.08389759,0.25722036,-0.2536222,-0.56726086,-0.2560557,0.13787653,-0.26550728,0.5102327,0.20508301,0.2516613,0.44965282,-0.24193075,0.16634874,0.5171885,-0.09857496,0.45471722,0.5248193,0.04739838,-0.36984587,0.31655255,0.73020816,-0.12409593,0.67817855,0.14429021,0.06241466,0.27646375,0.24058247,0.7283482,-0.32712522,0.46670264,-0.18182164,0.44265366,-0.4373616,0.45467442,0.06689974,0.11992091,-0.052415237,0.18584004,0.33093005,-0.34309268,0.10803952
Histidine metabolism,0.40278062,0.04310844,-0.6997008,0.7584308,-0.18975459,-0.042416032,0.3196428,-0.76725835,-0.5692733,-0.72698164,0.91245335,-0.4281244,-0.110242054,0.01050444,0.26466113,0.85651606,-0.70783645,-0.49041378,-0.056034874,0.8761872,-0.122069724,1.6971754,0.5001932,-0.70617044,-0.094430454,-0.23744738,-0.7104269,0.7419568,0.8341458,-0.37415966,0.2618198,0.14587194,-0.07236323,-0.6485822,0.3680187,-0.5097055,0.07057252,-1.0335604,-0.14769362,0.88098925,-0.3993225,-0.7230159,0.7799491,0.32233724,0.3611097,0.05966076,0.023981927,-0.5447565,0.21813968,1.241169,0.2495349,0.2593064,0.7911153,0.5026714,-0.41282958,0.081475325,0.5943763,-1.0573955,0.49788827,0.51560134,-0.26781794,-0.39111355,0.2657376,0.3705974
Thermogenesis,0.08462706,-0.20724638,-0.73660046,0.3735389,-0.5536976,-0.5381509,0.6606124,0.13165474,-0.9693041,0.24543934,0.5052906,-0.7297813,-0.28555113,0.0060970727,-0.23898439,1.2112064,0.23934501,-0.36836702,-0.17013459,-0.3495455,0.7498595,0.6906048,-0.23133586,-0.37659016,0.030145632,0.1777472,-0.100722,-0.3033274,0.89268416,-0.17066045,0.029770797,-0.16731381,0.0433453,-0.13945235,-0.6789651,0.06543965,0.86914635,-0.7844892,-0.12738748,0.2745869,0.20106101,-0.041814987,0.46557486,-0.47288918,0.5264335,-0.46268612,-0.26855883,0.006657799,0.65990233,1.0734221,0.062736884,0.12376605,0.7611197,0.28188032,-0.29524305,-0.84416825,-0.06472037,-0.06860884,0.06737999,0.3585469,0.5051612,-0.013161259,0.72385734,0.31907225
IL-17 signaling pathway,0.26904178,-0.69240475,0.09883315,0.33961,-0.3138626,0.48519158,-0.32856828,0.19579244,-0.61453575,0.101293705,0.0067695426,-0.16378307,-1.090629,0.1938846,-0.88399214,0.24335273,-0.6538364,-0.1900035,-0.033091955,-0.07057519,0.25239754,0.68631625,0.032722168,-0.5894197,-0.20745158,-0.13125278,-0.16059636,-0.09667621,-0.21629292,-0.51270235,0.012292829,-0.17925744,-0.078544654,0.11024347,-0.6547249,-0.10890267,0.027610844,0.2500905,-0.10593003,0.40580413,0.3185534,0.33433488,0.22204778,-0.27053976,0.19599484,0.08471142,-0.37068394,-0.23782498,-0.08863122,0.17069322,-0.025192743,0.05975471,0.07589928,0.05448422,0.17865618,0.40632075,0.11643246,0.033489607,-0.48789775,0.25611407,-0.3228022,0.14551397,0.7989586,0.43853882
Inositol phosphate metabolism,0.009531893,0.015767448,-0.002460004,0.049354088,-0.11171244,0.12263891,0.31098667,0.494584,-0.351653,-0.014514275,0.31958982,-1.2519355,0.11458094,0.030405791,-0.050341457,0.8017731,-0.12370293,-0.103556305,0.3551013,0.39635107,-0.062633626,0.58892393,-0.30032557,0.0455638,-0.072703816,-0.25074577,0.08745122,-0.29840976,-0.05140596,-0.38150874,0.7063607,-0.29707983,-0.05949736,0.021700028,-0.15397596,-0.16964051,0.08192854,0.096922,-0.15315793,-0.111161605,-0.20918535,-0.343855,0.6641078,0.20235558,-0.2532621,0.42959175,0.7342267,0.22289091,0.35053003,0.19972517,1.147293,-0.35901022,0.5823331,-0.22738652,0.6098091,-0.4927884,0.104250155,-0.57789433,-0.051350426,-0.06931706,0.10765823,-0.12591866,-0.61201066,-0.23484322
Legionellosis,0.3402999,-0.5485546,0.27419382,0.5797803,0.070986606,0.20133115,0.11223987,-0.43858153,-0.65395796,0.023521455,0.061173245,-0.44056627,-0.87255764,0.16517359,0.24165799,0.21352984,0.17098653,-0.3454563,-0.28634983,0.11538943,-0.31357032,0.8502008,0.13549682,-0.5787582,-0.11756185,0.102168985,-0.25427434,-0.027822271,-0.37902132,-0.70536864,0.29115668,-0.23193596,-0.31065953,0.21641119,-0.3916197,0.2150486,-0.103819735,-0.04846238,-0.074134134,0.022435155,0.01266747,0.2689252,0.7245828,-0.057894967,0.3784299,-0.21888481,-0.1296597,-0.0022431975,-0.51386815,0.64389217,0.46478823,-0.36888888,0.0501925,-0.33491227,0.1379382,0.6118129,-0.10546621,0.3464648,0.1466291,0.0606997,-0.57846576,0.11398655,0.67766553,0.37093094
Pathogenic Escherichia coli infection,0.042172097,-0.6898528,0.30405524,0.33452642,0.0854518,-0.57275873,-0.11839177,-0.38954145,-0.5923912,0.13950054,-0.5502342,-0.38959026,-0.6730627,-0.016202012,-0.05644395,-0.11775235,-0.32550153,-0.04338639,0.11633213,-0.19580844,0.24194343,-0.056337696,0.105066985,-0.37767053,0.51863587,0.071581945,-0.25692064,-0.19448508,-0.5941041,-0.44039637,0.3419267,-0.3349168,0.3616947,0.36869252,0.04676991,0.02822451,0.4124809,-0.3163543,0.04274189,0.25903672,-0.4039906,0.5005723,-0.1500341,-0.14949398,-0.16012146,-0.27305037,0.27695444,0.4091965,-0.061908804,0.40450555,0.5354881,0.21121588,0.38700104,-0.013116231,-0.3402587,0.16653566,0.049436186,0.115570255,0.26115945,0.16130368,-0.53971493,-0.5521021,0.61820453,0.060383573
Linoleic acid metabolism,-0.28751904,-0.90092134,-1.0455743,0.13904509,0.050545473,0.8704389,-0.08606195,0.26759854,-0.9226873,-0.5112926,0.16335924,-0.5327269,-0.18789808,-0.42176664,0.7908565,1.6528957,0.22625239,-0.6115709,0.6867763,0.69098735,0.73582363,1.3690041,-0.5761831,-0.11679166,0.7716221,-0.26355913,-0.15600136,-0.67638016,-0.039411377,-0.9792806,-0.22015798,-0.54822654,-0.09038062,0.5877826,-0.60293686,0.6383719,1.1620932,-0.3162707,0.82290626,0.53327805,0.32297847,0.071412526,-0.29466292,0.45728534,1.1613435,-0.2168645,0.19427398,0.089104466,0.4003134,0.39959762,0.2826127,0.208374,-0.26750344,0.39510736,0.4966389,-0.968966,0.47525847,-0.34925163,-0.6896593,0.817364,-0.37571365,-0.2594133,1.3775908,-0.24410003
alpha-Linolenic acid metabolism,-0.28137928,-0.96909326,-0.9694591,0.087834485,0.12557748,0.7954083,-0.20015396,0.06571048,-0.93848,-0.47823435,0.22279307,-0.7342365,-0.17594549,-0.22711028,0.7957569,1.5254376,0.059463628,-0.5137489,0.8669335,0.7369212,0.754846,1.3810265,-0.6573249,-0.0119228065,0.7316032,-0.25218233,-0.08696414,-0.59822387,0.0924836,-1.1610498,-0.29227874,-0.5592606,0.16001157,0.68483585,-0.7565704,0.5693802,1.1150781,-0.2070202,0.7013552,0.544036,0.33219314,-0.12864089,-0.3969723,0.52671456,0.99878514,-0.39805666,0.17116919,0.08670731,0.5353496,0.35617217,0.13293098,0.072199926,-0.31084475,0.43538135,0.48303285,-1.071466,0.43152407,-0.6098921,-0.55259204,0.7623241,-0.14525926,-0.23088877,1.3432517,-0.1405715
Peroxisome,-0.88471913,-0.37737203,-0.7920858,0.61581254,0.30168486,0.08438789,0.2935296,-0.20510271,-0.48472393,0.14758112,0.6732903,-0.6368681,0.20163399,0.41022494,0.38506028,-0.06381428,-0.5650773,-1.1316634,-0.06990277,0.8170025,0.3242323,0.701956,0.0014564269,0.07086588,-0.8406086,0.22926469,-0.038463254,-0.010504642,0.22483942,-0.40280214,-0.055897113,-0.31539506,0.42626143,0.2919367,-0.45325482,0.002619603,-0.099679984,-0.46372086,0.30823883,0.8245222,-0.05626598,0.09663128,-0.29955876,-0.06958222,0.16338654,-0.2455296,0.18041903,0.19111063,-0.16770312,0.7256399,0.5217448,0.50891334,0.5522932,0.25018618,-0.299982,-0.45791048,-0.08657966,0.010064162,-0.5254086,0.5876247,-0.34075662,0.47834495,0.43186727,-0.17173605
N-Glycan biosynthesis,-0.16261758,-0.11435741,0.44651404,0.6608555,-0.14155608,0.6005916,0.01859028,0.69600457,-1.4279253,0.75595796,0.95935065,-1.5186656,-0.7470512,-0.59278804,0.8378573,1.0639416,0.08948221,0.1013167,0.7545403,0.56366754,0.6463845,-0.016242484,0.5031833,-1.0106882,-0.32500434,-0.27708343,0.45261645,-0.6113732,0.20386106,-0.5280217,-0.3503421,-0.11135601,0.14975964,1.095011,-1.1582687,0.6766181,1.0718164,-1.4232326,0.6005777,-0.11867429,-0.11147144,-0.06979105,0.027682895,0.034223415,0.08545264,-0.8586912,0.24445383,-0.3266337,0.29490972,0.39332956,0.44816557,0.464145,1.0558125,-0.13602947,-0.3527882,-0.27262473,0.12433648,0.06707012,-0.13260533,0.26455477,0.32867286,1.057514,0.15020831,0.4563407
Various types of N-glycan biosynthesis,-0.06603795,-0.004200354,0.5547237,0.78411406,0.03287,0.53086036,0.23060004,0.6145541,-1.4182732,0.889069,0.979927,-1.4783033,-0.6514133,-0.49742204,0.8864756,1.0556985,0.18329212,0.077167705,0.7765636,0.4788717,0.56532204,0.04282198,0.3094442,-1.1046505,-0.34121194,-0.27770308,0.5906929,-0.48461765,0.12887613,-0.70815724,-0.38398376,-0.34009066,0.11360452,1.0987659,-1.1067611,0.7389432,0.98147535,-1.4310063,0.5743478,-0.040564492,-0.2551227,-0.32947817,0.039725464,-0.005393302,0.18421222,-0.7436875,0.064099684,-0.21934947,0.18596782,0.6136252,0.35936403,0.52309746,1.129282,-0.13602708,-0.19470568,-0.1728851,0.1626145,0.10298764,-0.24682564,0.2573427,0.07385328,1.0645186,-0.019136319,0.35841975
RIG-I-like receptor signaling pathway,0.2498949,-0.56882393,0.19260044,0.7870685,-0.11411743,0.43659618,-0.076283075,0.5240975,-0.45460573,0.15440139,0.093013436,-0.19165604,-0.45189303,-0.4438802,-0.501376,0.22590698,-0.057909396,-0.16515197,0.23712716,0.30406034,0.39031658,0.8950453,0.5651333,-0.29493287,-0.5204775,-0.057055894,-0.206307,-0.33871666,-0.25000238,-0.9447652,0.0693883,-0.39249203,0.17238635,0.32846645,-0.25340474,0.23055623,-0.33041605,-0.15476103,-0.30561385,0.06454861,-0.07024522,0.13046466,0.49411136,-0.38445014,0.46358112,0.05014337,-0.11336991,-0.13032225,-0.55195034,0.34611928,0.076714836,-0.18562579,0.20762,-0.93198055,-0.31058347,0.17993863,0.061495308,0.22411938,0.45189244,0.34138596,-0.39567497,-0.08579487,0.35140026,0.71141857
Oocyte meiosis,0.1530465,-0.673818,-1.0718242,1.1415772,0.15323038,-0.43193802,-0.27064127,0.25554433,-1.5110245,-0.9090615,0.6761196,-1.5757468,-0.40629476,0.2871979,0.6558468,0.327018,-0.26612592,0.060935434,-0.058390424,0.55338454,0.49490872,1.0435162,-0.41905552,-0.42988145,0.49108902,-0.36065188,-0.434022,-0.85067475,-0.14329681,0.43955782,-0.5643818,0.3977492,0.06662171,-0.5326048,-1.0594904,0.31041467,-0.524109,-0.7145655,-0.024481053,0.43850115,-0.37208316,-0.2045152,0.8529752,-0.05339115,0.10829927,-0.4562741,0.5063373,-0.7787805,-0.1994066,1.0919695,0.11175489,-0.48574662,1.0259701,-0.66278285,-0.48100388,-0.55332875,0.034668766,-0.57487214,0.2679259,1.2143068,0.41524976,0.41890272,-0.33117646,0.37470025
Progesterone-mediated oocyte maturation,0.16697611,-0.41415823,-1.064539,1.0219743,0.2853948,-0.31733218,-0.4976056,0.14386624,-1.5170397,-0.9967767,0.7568809,-1.6311479,-0.5313089,0.48189363,0.48952135,0.22120166,-0.36565703,-0.027970506,0.08959134,0.59173155,0.5076612,1.0863291,-0.26512605,-0.44792256,0.57472837,-0.4853502,-0.22720875,-0.9490591,-0.09296476,0.42905343,-0.49128884,0.38942638,0.12584773,-0.508194,-0.98806417,0.15557133,-0.47558898,-0.735111,0.14698572,0.6222329,-0.3750981,-0.19723181,0.7288218,0.075125255,0.23326229,-0.47502607,0.49214768,-0.7317516,-0.03804027,1.1522325,0.06978505,-0.33323774,0.9056806,-0.79695016,-0.3427455,-0.47679293,-0.060887724,-0.7152508,0.2851496,1.2133925,0.3671298,0.51358855,-0.3150826,0.5449414
Ribosome,-0.19628552,-0.06433805,0.11238899,0.17497203,-0.10732778,0.19940336,0.25595316,0.040876936,-0.5315761,-0.14198734,0.31442466,-0.58128095,0.042881206,0.24121015,-0.117874555,0.6055722,-0.089539684,-0.025655724,0.1837492,0.5084089,0.042505108,0.44264737,-0.38516158,0.0015910236,0.005813183,-0.5072895,0.35051835,-0.14147371,-0.1083233,-0.63357306,0.859051,0.07959752,-0.14948833,0.22561839,-0.2558637,0.12817936,0.10668528,-0.101574205,0.0049759857,0.26378056,-0.29758862,0.02687203,0.6628505,0.23959813,-0.05068728,0.25448453,0.6503343,-0.10803639,0.10997441,0.27760017,0.733892,-0.28478462,0.5263876,-0.15541084,0.31211063,-0.68775725,0.4809252,-0.4049354,-0.0075147697,-0.24231249,0.4291028,-0.11662483,-0.4844669,-0.61075336
Phenylalanine metabolism,-0.29540983,-0.33878097,0.08708647,0.6713608,0.41302213,-0.22791506,-0.63437027,0.10178408,-0.7856172,0.06656852,0.43095744,-1.4308324,-0.028456388,0.5481002,0.5010654,0.54420984,-1.2326157,-0.6994096,-0.086556315,0.56167424,0.8973816,0.7425978,1.3785645,-0.522455,1.0361586,0.06819164,-0.6579247,0.3144954,0.58297366,-0.1600158,0.19724168,-1.5156817,-0.27088633,0.40049246,-1.2541791,-0.11156151,0.032393686,-1.0431018,0.6773364,-0.09253814,-0.7725847,0.01567893,0.40318307,-0.406616,0.34690684,-0.20924786,0.87748325,-0.1802205,-0.17097591,0.2698871,0.03819433,-0.24691226,0.669089,-0.024717672,0.029142408,-1.8986739,-0.6369644,-0.12920249,-0.3877623,-0.13460927,0.665434,0.03622761,0.035828866,0.032783758
Tyrosine metabolism,-0.351509,-0.27330065,0.012580479,0.7464564,0.40264204,-0.27409074,-0.51436615,0.012937807,-0.7730325,0.14900233,0.4815945,-1.4811139,-0.050262462,0.698951,0.31497017,0.7055854,-1.2999561,-0.42746076,-0.07561883,0.5417997,0.81515783,0.6434387,1.3113406,-0.49766746,0.9945597,-0.03295806,-0.7294699,0.09759345,0.74502295,-0.35868758,0.26247835,-1.4023246,-0.28151545,0.3900768,-1.2143388,-0.2556937,0.059718546,-0.91391337,0.5018075,0.020281792,-0.7684197,0.005827487,0.39629942,-0.25378612,0.4889047,-0.25613034,0.7695021,-0.013860837,-0.11455162,0.28231466,-0.15141182,-0.1883356,0.83936095,0.07286183,-0.16243899,-1.865361,-0.8309303,-0.031439405,-0.4948976,-0.10252731,0.656187,0.1095517,-0.0681398,0.2251406
Spinocerebellar ataxia,0.058416273,0.050661582,0.01797013,0.06798211,-0.09945771,0.17355159,0.30010206,0.36633298,-0.453436,-0.03373825,0.22929099,-1.2451409,0.060783748,-0.13843405,-0.2706475,0.82406414,-0.054047797,-0.12418057,0.49022645,0.33905503,-0.18278952,0.3919472,-0.3815547,0.085800156,0.051771525,-0.103046276,0.0166722,-0.19316882,-0.17859092,-0.3303317,0.65523195,-0.2649648,0.054078393,0.05317323,-0.29320082,-0.08333822,0.09618857,0.1259794,-0.13767676,-0.023637556,-0.25230592,-0.286765,0.737868,0.03332546,-0.27045628,0.28627127,0.74474,0.21348071,0.17424022,0.1431994,1.072202,-0.3465792,0.69242346,-0.18646322,0.4853745,-0.58283466,0.29911327,-0.48948786,-0.07821807,-0.22429752,0.17631137,-0.070838414,-0.4300543,-0.30027375
Propanoate metabolism,-0.697085,-0.18420586,-0.60515976,0.400463,0.17892355,0.14590447,0.38327226,-0.019344993,-0.5939889,0.043478023,0.70757776,-0.7809272,0.24745515,0.32246408,0.55569744,0.046813402,-0.6257003,-1.4343936,0.0027850047,0.95469284,0.5608724,1.0169138,-0.16572343,-0.16255541,-0.9302688,0.25672773,-0.024669485,0.008984052,0.3408663,-0.47136015,-0.31439263,-0.31094262,0.44877866,0.19119571,-0.59798187,0.450126,-0.28338084,-0.7134068,0.31294042,0.9570419,-0.17826502,0.20813154,-0.16700685,0.07937399,0.3598163,-0.058808584,0.17760898,0.2531411,-0.046695463,0.8267331,0.6285731,0.79053926,0.43634045,-0.08680644,-0.44469312,-0.4098039,-0.18298988,0.034532826,-0.4756106,0.42264003,-0.16721183,0.3718469,0.34613717,0.009622158
RNA degradation,-0.015409045,-0.016899992,0.2953323,-0.016019467,-0.15035723,0.44861913,0.38031766,-0.1525019,-0.36049718,-0.09771093,0.7437664,-0.88434565,-0.08439897,-0.13034786,-0.19597505,0.6959012,-0.21365982,-0.6102352,0.18984771,0.7159897,0.56102264,0.7694574,-0.4055017,-0.40113539,0.07964523,-0.66988015,0.39785877,-0.43314078,-0.19515373,-1.1946348,0.35243812,0.11671704,0.08067656,0.44749284,-0.50898033,0.11306496,0.19398403,-0.6003587,-0.22153954,0.4197435,-0.49343267,0.35056102,1.1855252,-0.015311148,0.03337872,-0.19638117,0.9298723,-0.43003145,0.31210846,0.2926703,0.16263528,0.016613437,0.5566835,0.2949007,-0.0815707,-1.135756,0.73402995,-0.3021334,0.26918653,-0.54528075,0.6424765,0.0055097584,0.0007540209,-0.56958395
RNA transport,0.023312086,0.064234115,0.22958194,0.018366953,-0.22022624,0.24082501,0.3151454,-0.06803733,-0.4146875,-0.011782342,0.6970332,-0.9110339,-0.27290553,-0.112152725,-0.25548342,0.7916199,-0.14897011,-0.6047306,0.12508638,0.74258155,0.6523329,0.88734514,-0.37725642,-0.21043074,-0.15461141,-0.7220024,0.38264143,-0.21641523,-0.24428682,-1.1064425,0.4384755,0.09378754,0.04775441,0.3452654,-0.2677671,0.14208153,0.19159842,-0.4435944,-0.32116812,0.31479695,-0.3116903,0.19658798,1.2494767,-0.047444075,-0.050405078,-0.17002578,1.034064,-0.34627056,0.03393453,0.47308078,0.051421247,-0.12346613,0.5347345,0.20427117,-0.062075645,-1.0326383,0.89589065,-0.16356319,0.26932558,-0.5100332,0.58916765,-0.03341647,-0.084650524,-0.63590205
RNA polymerase,-0.22222099,0.047871977,0.22967963,0.0123220775,-0.23529905,0.1592041,0.28213567,-0.20782928,-0.36385286,0.05067462,0.4424934,-0.76144344,-0.06673103,-0.2550762,-0.09537671,0.73352146,-0.30686945,-0.4051375,0.089906305,0.47012392,0.14167342,0.7890104,-0.23615494,-0.3072502,0.22218281,-0.56451726,0.36189538,0.034033373,-0.3453965,-0.89134574,0.5700188,0.13171215,0.008652382,0.23114869,-0.26072824,0.39502406,0.3264503,-0.33189127,0.044321068,0.17654784,-0.26962233,0.22753496,0.8850736,0.19903073,-0.1396711,0.24302769,0.77668524,-0.07962064,0.3935005,0.27461267,0.45857546,-0.36329624,0.44816744,0.13414036,0.095767416,-0.7736869,0.56914884,-0.42261076,0.14165594,-0.45553946,0.6413256,-0.03999294,-0.48241407,-0.6033508
Ribosome biogenesis in eukaryotes,-0.2685391,-0.18304347,0.109998934,0.03867314,-0.16414332,0.42912218,0.4194363,-0.10615425,-0.4178405,-0.37899193,0.54944456,-0.7229225,-0.075519465,0.019828806,-0.15515171,0.66848254,-0.2645837,-0.39527488,0.08010552,0.6558967,0.44421342,0.81789476,-0.32801318,-0.37250474,0.08794306,-0.6737859,0.3530922,-0.32420796,-0.24884072,-0.85259485,0.5860185,0.3343979,-0.10504647,0.26830542,-0.25912532,0.3076816,0.15895502,-0.366103,-0.16973361,0.16099794,-0.19733568,0.20545739,1.0795574,0.0059689414,-0.1125013,0.19073658,0.71141285,-0.39612153,0.26580042,0.2591503,0.35219747,-0.33341742,0.71128154,0.22774667,-0.111191966,-0.88703233,0.59083265,-0.43925598,0.22235624,-0.69711304,0.8095343,-0.10603362,-0.26535445,-0.6084257
mRNA surveillance pathway,-0.10063724,-0.06783864,0.31295615,0.04325002,-0.06839568,0.40989736,0.32200688,-0.22106543,-0.29828057,-0.118561864,0.6354162,-0.9354291,-0.14241202,-0.168613,-0.20926484,0.7056653,-0.27111003,-0.57047635,0.17046636,0.6508821,0.6832189,0.8220343,-0.5345191,-0.42862785,0.031964045,-0.6139474,0.46285722,-0.38949588,-0.080391146,-1.179947,0.4826483,0.05915961,0.14271542,0.5266879,-0.4135398,0.055502128,0.21663544,-0.5103826,-0.25126266,0.5177191,-0.5075697,0.48581296,1.2493804,-0.09420779,0.0141257765,-0.15397635,1.0092804,-0.31623447,0.27373976,0.4601731,0.10067573,-0.022708252,0.44252792,0.2962531,-0.12116958,-1.017222,0.7079789,-0.31666544,0.30903983,-0.4764651,0.7107325,-0.08086017,-0.095197454,-0.58709425
Renin secretion,-0.09162668,0.39254868,-0.36674592,0.16855758,0.25621268,0.04091837,-0.48946172,0.4047262,-0.5733395,-0.09326996,0.5524172,-0.2225512,-0.091135405,0.3780936,-0.16570376,-0.20468654,-0.34661883,-0.10868455,0.18495895,-0.13004702,0.48913234,0.2845587,-0.60610914,-0.37631407,0.32587847,0.36100808,-0.31302094,0.25176275,-0.5454915,-0.23336312,0.675762,0.2290603,0.03948573,-0.08245385,-0.25171384,-0.06828276,0.33305487,-0.8321752,0.444662,0.46317947,0.22470064,0.3865335,-0.19477153,-0.07314625,-0.06752074,-0.10232831,0.17710093,0.3103652,-0.14761584,0.35718745,0.80017906,-0.1360738,0.4538883,0.35247648,0.32103437,-0.6495966,0.24748453,-0.045390047,-0.039992694,0.29417342,-0.10376542,-0.22301584,-0.26442388,-0.23291802
Salmonella infection,0.43483552,-0.778558,0.49088115,0.63852584,-0.6681394,0.59014004,-0.008715666,-0.37246242,-0.4112412,-0.21228988,0.1916748,-0.17192048,-0.52180344,0.4379827,-0.0324827,-0.12005019,0.21684174,0.030890401,-0.48556948,0.39067325,0.0063513876,0.068372,0.26234266,-0.5072817,0.34196556,0.10086308,-0.17730553,-0.27363378,-0.17224143,-0.6449099,-0.07985834,-0.41669303,-0.19987576,0.32206312,-0.4189675,0.03973112,0.36035854,-0.18613943,-0.098160304,-0.26258633,-0.12193964,0.39742935,-0.10487731,-0.2626577,0.3806975,-0.06945908,0.23644002,0.0654678,-0.13279341,0.976556,0.2888408,0.011102732,0.076641865,0.3779996,0.40437067,0.059047587,0.43084463,0.293069,0.5195195,0.38674334,-0.42073238,0.17600936,0.5103835,0.48673755
Viral carcinogenesis,0.41681042,-0.02297609,-0.33605567,0.501902,0.77035195,-0.18994504,-0.33577037,0.3213185,-0.9937368,-0.8987338,1.2155888,-0.6101689,-0.4207601,-0.0925801,0.24187385,0.3139374,0.23055506,-0.47099382,0.37755936,0.7887728,-0.14627458,1.3655475,1.0826749,-0.094610885,-0.3693763,0.32737485,-0.104730695,-0.21833642,0.7127074,-1.2472124,-0.13704568,-0.22737601,0.65654993,0.27778944,-0.7863661,-0.5345382,0.8853412,0.059809487,-0.02176193,-0.15199128,0.34678003,0.558698,0.8716752,-0.50452435,0.41586223,-0.28049058,-0.18442708,0.03664066,1.0148711,0.9275156,0.31454507,0.70561296,0.5732075,0.4582621,0.29283878,-0.43773395,0.119487904,-0.4614864,0.44329363,0.10794704,0.13866943,0.32902735,0.04262808,-0.5385114
