0,1,2,3,4,5,6,7,8,9,10,11,12,13,14,15,16,17,18,19,20,21,22,23,24,25,26,27,28,29,30,31,32,33,34,35,36,37,38,39,40,41,42,43,44,45,46,47,48,49,50,51,52,53,54,55,56,57,58,59,60,61,62,63,64,65,66,67,68,69,70,71,72,73,74,75,76,77,78,79,80,81,82,83,84,85,86,87,88,89,90,91,92,93,94,95,96,97,98,99,100,101,102,103,104,105,106,107,108,109,110,111,112,113,114,115,116,117,118,119,120,121,122,123,124,125,126,127
-0.6303036,-0.5485536,-0.09715791,0.405528,0.8980339,0.2929683,-1.4239678,-0.5666306,-1.0030577,0.42075902,-0.56208205,0.7613566,-0.59411454,0.30111492,-0.84156173,-0.7324383,-0.15002668,-0.03540314,-1.4333746,0.43226647,0.31832147,-1.232185,0.7571552,0.59222186,-0.31429738,0.6312198,-0.7400495,-0.6389465,-1.1315818,-0.18696502,-0.38084462,1.1051588,-0.9359262,1.1029006,-0.6128824,-0.9787847,0.069019355,0.055268317,-0.14901406,-0.25686574,-0.43514448,0.17702605,-0.21419306,0.97932374,-0.69634056,-0.39296082,1.5248184,0.41771364,1.001287,-0.6492517,0.35429263,-0.5768774,1.8217127,-1.3707354,-1.2582223,0.61898595,-0.14164823,0.120000534,0.48375002,0.29387465,0.9739493,0.36396563,1.2654841,-1.139214,0.4146077,0.07699309,0.42669788,0.41029167,0.03933552,-0.45194075,0.02036947,-0.33359537,0.027407393,0.96615565,0.15992184,0.46626887,0.00036798418,-0.43649936,-1.0040238,1.4732199,0.036001235,-0.15154012,-0.65320575,-0.046357214,-0.40201703,-1.5755713,0.44978473,1.1140296,0.035029933,-0.21202792,0.5540391,1.4047487,-0.6572409,-0.16319081,-0.73912984,1.1305072,-0.49164966,-0.9007246,-0.23772208,-0.6324049,-0.99173886,-0.09974578,0.26364863,-0.0645595,0.21524125,0.75368804,-0.35194302,0.24624349,0.40821534,0.31223267,-0.10330813,-0.040612966,-0.39403036,0.7206184,0.75230986,-1.1326108,-0.3778928,-0.2678749,1.173133,0.54640555,0.21152182,0.21254778,-0.9417792,-0.34914166,0.37989083,0.07338555,-0.11995004,-0.3758941
0.59255457,-1.2364094,0.67557967,-0.24586055,-0.9000455,-2.6804836,1.025624,0.16966173,0.10676837,-0.27910382,0.1599421,0.79310197,0.19209498,-0.6048442,-0.8549506,0.6405883,-1.2548188,-0.599941,0.771294,1.2544767,2.570671,1.017167,-0.92919135,-0.6360599,1.5695777,0.915711,-0.40153956,2.5654464,-1.7215149,-1.8252784,0.30033174,1.4028149,2.5641594,-1.8437301,-0.11568141,-0.7610551,1.6007133,-0.0029234737,-0.9829031,0.1648193,-0.72770166,0.69564694,-0.6454422,-1.8152453,-0.78426164,-0.56153697,-1.7854849,0.009672463,1.2353321,1.0814438,-0.3299532,-0.7119841,-0.7024306,0.88104546,0.3352649,0.40246317,0.5117743,-1.0412523,1.3015399,0.5323665,-0.35791832,-0.33192262,0.04189259,-0.44846797,0.70497334,0.15382794,1.976567,0.1963799,0.8698952,-1.4648106,-0.1618684,-0.42969894,-0.3327962,1.2680248,-2.0238333,-0.12678817,-0.8243266,-0.8815181,-0.9362531,1.8370297,-0.8911413,-0.25264406,0.60321665,0.75673234,0.27195618,0.8493073,0.4118799,-0.3093276,-0.5409758,3.4327261,2.3341267,-2.0643458,-0.5431796,0.7657379,0.43905795,-0.6247403,0.047130074,0.5296661,2.3995278,0.68399215,0.09684415,0.41584244,0.364395,-0.18925506,1.3069956,0.74202937,-1.6229925,0.7567259,-0.027342826,-0.41929257,1.3952045,-0.20720735,-0.39959905,-0.5395385,-0.8991338,-0.6242679,0.36780128,0.5945732,-0.41616014,0.8330026,0.49177843,-0.8247783,0.46787444,0.136741,-0.76320064,0.37849674,1.1803256,0.2846666
-0.7523952,-2.5152483,-0.8329625,0.84717864,-1.6457798,0.5631107,0.58217335,-1.0813622,-0.29122397,-1.3771974,-1.621192,-0.80934393,-2.0927281,-0.3454157,0.35496855,2.0140696,-1.9023855,-2.4277358,0.13290465,0.46605211,1.3589092,0.34734458,-0.44731683,-0.7841815,0.36857855,0.45948625,-0.9754684,2.8010445,-0.22077206,-1.6386044,0.5088091,1.7505909,-1.2602991,-2.0810156,-2.1225703,1.5417719,-0.74700034,-1.0652508,1.7242298,0.7414772,0.4977625,1.3194714,0.24405912,-2.0138178,-1.0568503,0.041221824,1.0117054,0.04078448,2.5188632,-3.5617766,1.9289343,1.1405305,-0.45286366,-0.19432765,3.5514736,-0.53123236,0.18044992,0.7504922,-0.6416894,0.01245749,1.3381438,-0.1123575,2.1761045,-3.8328452,-0.7370327,-0.015796304,0.42349774,-1.7003073,3.1554747,-2.5490131,-0.68507206,-0.8335895,-0.025551349,0.12883782,-3.1220016,-0.90767,-0.0565219,1.5920894,-3.028636,0.96466506,0.16146651,-0.49041167,0.22319785,0.33092046,1.1606345,0.39998597,-0.50448906,0.7236428,0.94249165,1.67854,2.4029953,4.079891,0.05690717,-0.3051384,1.099033,-0.9391561,-0.67778414,3.0246022,0.036909014,0.5662497,-0.52109027,-0.5580892,1.4764156,0.9998065,1.08701,0.46113038,0.84602773,-1.0774329,0.082347766,-0.7402314,0.7892642,0.75177234,-0.73737156,-1.1042473,-3.8287206,0.52101415,2.227829,0.26870364,-2.2501712,0.95956635,-0.7267225,-1.3040838,-0.43545952,-1.559766,0.10516566,1.0930656,2.1783261,1.2993338
1.1204146,1.589006,-0.21605095,-0.7138594,-0.4991398,1.0535543,2.1244702,-0.22946076,0.6451138,-1.5665627,2.6295297,-1.8973746,-0.17544267,1.1404305,-1.1830566,-1.8479748,0.3118013,1.5276351,2.2873478,-0.674995,-1.495988,3.4854326,0.7996534,-0.52032435,0.41277134,0.28958154,0.7887917,0.28529224,-0.07229249,-2.3785572,0.8159348,-0.3829046,1.6561986,0.21367422,1.74048,0.17569837,0.5270767,-0.21015765,-0.734185,-0.5988451,0.1501576,0.020191714,-1.1396835,0.3295663,0.55970883,0.47990072,-2.7238617,-0.46124554,1.3416075,-0.32511154,-0.11320335,-1.3303878,-2.1652598,0.58327067,0.29231834,0.3157266,0.4262231,-2.5714355,-0.69369274,-1.3330083,-2.7649903,-0.82762724,-0.98335457,0.3723281,-0.07791502,-0.0046804547,0.8100499,-0.98770154,0.9051255,1.2408,0.369702,-0.35810584,0.6380985,-0.9455776,1.3005341,-0.40328342,0.48307747,-0.3515365,1.1995935,-1.1318119,0.16591519,0.7087158,0.6722135,1.2378759,0.3285342,0.23748624,1.3158255,-1.9140098,-1.4405161,-0.05405779,0.49610218,-2.2816133,0.19127887,0.74999785,1.3097258,-0.6812696,-0.28969076,-0.74876964,0.084373474,0.69107485,0.9628154,1.146967,0.81095225,1.0234991,-0.694947,-1.0011623,-0.21513245,0.62107956,-1.649653,0.98826885,0.5795118,-0.7910961,1.028844,-0.043348998,0.7079251,-0.7732346,1.0286578,0.414546,-2.4195096,-0.11095381,-1.4677111,0.21402505,3.7271326,-0.13366574,2.1784377,-0.18374941,-0.5200304,-0.10587698
0.18603995,-2.5722456,0.7567324,1.1321769,-1.5176408,-3.491315,-0.62779254,0.45617494,-0.61149156,-0.38153243,0.30219746,2.9895716,-1.4922642,0.50839454,0.83665687,0.9649655,0.46782035,1.4015597,-0.42009676,1.1951827,1.188835,-1.5707744,0.08905468,0.15516931,0.3301523,0.34919098,0.29217708,0.9223331,-1.6513116,0.124282315,-1.3657324,0.17534016,0.068650246,-2.1098711,-0.48990807,-1.3057983,0.35472822,0.28577232,-0.68017745,0.36424106,-0.067203745,-0.49018252,0.78818154,-1.3264599,0.76896495,-1.7348633,-0.34570098,-0.24060379,-0.1962838,2.8059764,-1.3499025,0.20342225,-0.00057291985,0.342187,0.17583956,1.5243754,-0.08274633,-0.5574847,1.539963,-0.48070145,-0.57174313,0.35811943,-0.8062698,0.6656056,0.30554938,0.7665827,-0.26271537,1.6779947,-2.6171331,-1.3332161,0.30017394,-0.003293395,1.9207138,1.5334005,-1.7072837,1.2610695,0.06337959,0.09231529,-0.044725567,0.96009505,-0.487969,-0.67774403,0.17595772,0.81947327,0.11709121,-0.6026606,1.5428165,-0.8088665,1.3110071,1.0454677,1.0959812,-0.7784526,-1.8953416,0.54778075,-0.71758395,0.5592109,-0.3892079,-0.27599022,0.48314542,0.111126125,0.21877709,-0.11608841,0.43871102,1.1011789,1.1545079,-0.62705815,-0.6662129,0.7809932,0.0510287,-1.6102737,0.078695565,0.5697875,-0.81944907,0.033320457,-0.6457087,-0.075574175,-1.9353305,-1.0229366,-0.9079406,2.5932026,0.38113156,1.0225899,-2.1229513,0.8677865,-2.4890187,-0.5230169,0.71649945,0.5485042
-0.36499465,1.3829118,-1.6643991,0.115632504,-0.08829281,0.7221162,-0.6562226,-0.004315883,-0.14669971,-0.20482233,1.2391231,-1.679604,-0.5406518,0.35733697,-0.1700671,-3.2113316,0.39502326,0.95963067,-1.0595412,-1.8341872,-1.8306394,1.438766,1.3797772,-0.8537748,0.40690473,-0.9362359,0.8197343,-1.6860738,0.9132784,0.13824761,1.057275,-0.22355735,0.075167924,0.93243915,0.4854417,-0.1559926,0.2391733,-1.0789928,0.04068481,0.08930422,-0.3401081,0.04415419,-0.17574394,1.5999584,0.6048979,0.4159145,-0.2811525,0.36030287,-0.8395535,-0.26696482,-0.5836727,-0.83775806,-0.59342355,0.41204792,0.4432283,0.1910242,-0.5247705,-0.72315395,-1.1812102,-0.60262156,-0.84879124,0.3420549,-0.763254,2.0372984,0.10494533,-0.57890695,1.8325853,-0.75650144,0.07584858,1.465889,0.07960931,-0.65450746,0.82774806,0.1384255,0.40778604,-0.34169787,-1.1768931,1.2009426,0.622539,-0.5230235,-0.64773035,0.43131465,1.715673,0.5739181,-0.090445004,0.49979597,1.4538516,1.2284974,0.82651615,-1.5382634,-0.32535216,0.89023113,1.0148618,0.53165746,0.7732771,0.8335011,-1.1486759,0.036682338,-2.0741978,-0.11575283,0.93490785,-0.29781303,-0.5924798,0.86336255,-0.8454602,0.2686544,-0.66907316,-0.56293184,-0.6832769,0.6221162,0.23317131,0.047699884,1.7757388,0.06304431,1.0614651,0.14987886,0.77146286,0.02449891,-0.17389376,-1.7091419,0.6749059,-0.33015034,1.9634583,0.019979984,1.8125545,-0.3773047,-0.1299169,-0.6624096
-0.30886722,-1.0628967,-1.7077134,-1.3279315,-0.5508145,0.4893567,-0.17199743,-0.62142694,0.5019477,-0.60209656,-0.050820112,-1.2136118,0.14275834,0.0068445206,-0.14992082,2.2484138,-1.7545826,-2.0126283,-0.668806,0.010895912,0.39796752,-0.57492316,0.13241541,-0.17264071,-0.049653586,-0.47333488,-1.3607334,2.4692717,1.2059447,-0.9627055,0.7333069,-0.92514694,-2.2055197,0.5106255,-2.4108615,2.606588,-2.4734523,1.1841536,1.8557202,0.34678385,-0.15329152,0.6831669,1.4412315,-1.6338639,-1.205169,1.878402,0.7905474,0.23526691,1.9142104,-3.6399114,1.4973161,2.111052,-0.4186533,-1.0197334,3.2517352,0.7237621,0.8933288,1.0434736,1.2375162,-1.0785009,1.7054517,-0.41086975,0.7795241,-4.1273785,-0.837723,0.73100203,-2.0820212,-1.658501,2.1647894,-2.416376,-0.040760666,0.33272347,-0.0009597838,0.62037426,-2.2770605,-0.95509803,0.1904017,1.8572154,-0.43714035,-0.403611,0.381484,0.267128,-0.7095066,-0.6150245,1.0185027,0.07455853,-0.9315939,-0.1380859,-0.509787,0.7895863,3.0134118,4.2897663,0.22934368,1.6257488,0.7623838,-0.39258873,1.8284543,3.8414626,0.28389242,1.8114296,-0.5255377,-0.33337846,-0.28382522,0.012985894,1.9891601,-0.253512,-0.024429068,-0.43791848,-0.43404806,-1.4379444,-1.0362959,0.8011994,-0.3458325,-0.817477,-3.4893577,0.3133171,1.926539,0.14902446,-1.8944132,2.9625328,-0.54730207,-0.1564547,-0.89161277,-2.5738091,-2.7545948,0.44275478,1.8221165,1.1825285
-1.099005,-2.2854962,0.8713979,-0.4302495,-0.25155056,-3.934704,0.7838857,0.90830517,-1.3323953,0.1630674,0.01155794,1.3493557,0.49617484,0.66377705,0.25998396,0.24628982,1.0529139,1.7873316,0.047581717,1.5920141,2.53352,-1.3237536,0.5185241,-0.8432775,0.60156703,0.86100996,0.3169959,1.57831,-0.11009969,-0.5742594,-0.88443744,0.605286,-0.45504108,-1.7870102,-0.40822643,-1.7595856,2.027075,0.6081073,0.07738447,-0.95126724,-0.7529683,0.28862765,0.3953984,0.112332106,2.7474992,-1.4873495,-0.03265649,-1.4250228,-1.3150557,3.4274554,-0.2503482,0.7047552,-1.9252009,-0.09139396,0.15277046,-0.09526326,0.4503252,0.23810256,-0.0034835637,0.24207091,-0.34059086,-0.85365397,-1.9468534,0.5309944,0.1650665,0.9539595,0.38495618,1.4495056,-1.9549787,-1.0449426,0.8248483,-0.42066324,1.0445938,-1.0560172,-1.2882121,0.11133772,-1.1412449,-1.873798,-1.5567015,0.74725854,-0.2867439,-0.61864614,0.012635291,1.6912041,-0.6773562,0.07099141,-0.3640197,-1.2155151,1.3200909,0.941695,0.8153934,-1.0283433,-0.97693574,0.5772755,-1.1931263,0.18630356,0.9554961,0.976485,1.7659724,0.90880555,0.8016274,-1.5250586,0.870831,0.15950269,0.028767109,-0.3477053,-0.4771872,0.92704296,1.9192696e-05,-0.09419379,1.7231418,1.2452867,-2.0948691,-0.14836594,-1.1838979,0.4087431,-1.3995482,0.044810653,-0.5093249,0.40932614,-0.010157973,0.47367728,-1.1293546,0.5172087,-1.1810858,-0.026905954,0.6252652,0.30392188
-1.2873778,-2.1436882,-1.4422468,0.56531465,1.744881,-5.006218,-0.82625645,1.3676621,-0.87800014,0.18992808,1.6587055,0.8931484,0.8427852,0.5592916,0.7431787,0.6239579,-0.09942356,1.3158932,-2.1750646,0.027877152,2.0448515,-3.205451,1.3766189,-1.0044874,1.2358708,-0.49739635,-0.3005044,0.34526294,2.1894062,1.3691039,-2.3601952,-1.7049589,-1.3011239,-1.1175187,-3.0259774,-2.528175,0.89344823,1.0481465,0.10656784,1.4740908,0.07383591,0.04848388,1.494283,-0.11383262,2.4045262,-1.1120967,0.28669468,-0.7681642,-2.4632945,3.073513,-0.2577268,0.04320936,0.7112038,-0.38911808,-0.37044317,2.0049205,0.25210673,-0.16802162,1.7487212,-0.63207877,0.44778013,-0.0060389936,-2.1007204,0.8933349,-0.010207385,0.71408993,-1.8017731,0.661596,-3.6286168,-0.36074254,-0.8798745,1.4723341,0.11421955,1.3780351,-2.1489985,-0.36540622,-2.1445603,0.2551309,0.20534885,-0.5201993,-0.57972205,0.50585055,0.70197594,0.6121967,-0.84800524,-0.32783687,0.7310431,-1.2054179,0.7119603,1.3597417,2.8352623,1.5840619,-0.67275846,1.4114833,-1.6733016,0.5622678,1.4404466,2.0163825,0.54009527,1.7218226,1.6983038,0.78609407,-0.81277645,-0.86483604,0.044651173,-0.22486624,-1.2041118,0.02209407,-1.3700397,-1.154297,-0.6512583,2.2583635,-0.31423178,0.40012756,-0.97939014,-0.076272905,-1.5440564,-1.0890479,-1.0089616,1.3373419,1.6510556,0.027506903,-2.7219505,0.7907845,-3.5794306,-1.0455915,0.4726243,0.37113625
-1.5815083,-3.0858395,-3.5263746,0.24931021,-0.10482618,-3.276609,-0.21499902,0.041896224,-0.28726578,-1.1865348,1.0426352,-1.7098788,-1.8816886,-1.1078358,-0.75533867,1.1739628,-3.0996058,-1.7781682,-1.2778351,-0.784371,3.581403,-1.0681325,0.32261622,-0.24600789,1.7787942,-0.25902337,-0.5873512,3.2210217,0.68535477,-0.69447887,-0.1258587,1.2095034,-1.9245541,-0.76524496,-4.8499513,-1.2473446,0.66287017,0.216055,1.1011757,1.7065407,-1.2980154,0.4524364,1.5058509,-0.5899995,-0.12930056,1.0079199,0.14213657,0.59513545,-0.19050714,-2.5733461,1.393162,0.70443213,0.5854881,0.051927567,3.1212814,1.0951749,0.9070438,1.0008066,2.1659844,0.4905573,2.8570242,-0.1114341,0.8523594,-3.025782,-0.22203273,-0.6605034,0.0027573705,-2.1359568,1.5567822,-1.7197843,-1.094716,-0.68277776,-0.10288698,1.8263353,-6.258709,-0.47138435,-1.9544545,0.39858648,-4.1006994,1.4121542,0.26682612,-0.22693533,0.5560462,0.03194177,0.124975145,-0.4057558,-0.92859745,0.24663241,0.1344492,3.7995882,5.48214,5.3802276,0.6514169,2.3101134,0.8441396,-0.35951608,0.21641546,4.7149982,0.95364654,2.6463213,2.3968835,0.88324094,-0.28132433,0.49803197,1.8033485,1.4476342,-0.64608747,-0.7575195,0.26192084,-1.6624548,-0.48255152,1.3440558,-0.041153014,-1.4247977,-4.840811,0.018859863,2.4341621,0.15824312,-2.068337,1.5220122,0.46101636,-0.9686406,-2.4022436,-1.3140044,-2.7929044,0.7074098,3.198893,1.1014965
0.3118123,2.3910232,-0.83083194,0.7367303,1.2497928,3.3748417,-1.1601957,-1.2893533,-0.9851653,1.9067189,1.6690524,-3.1185777,1.1290146,-0.126654,0.5703355,0.19846714,2.2266974,0.15619184,-1.3642606,-1.1665466,-3.21974,-0.43202424,1.7156732,1.8742173,-2.5756721,0.11910629,0.39312366,-4.1248074,1.0919094,-1.1222832,-1.29904,0.7159716,-0.043178275,2.8459287,1.0978132,2.496865,-1.1102301,-1.139288,2.528412,0.6223611,1.3259157,1.2432916,-1.5925181,0.9000764,-1.7017434,0.31178862,2.008952,-0.69538677,1.2612159,-3.8036265,2.3436608,-1.6626676,0.5226953,-1.7572224,1.026773,1.0297587,-0.376374,1.5241531,-3.1425219,-0.1582172,-0.06641504,0.9497981,1.9539356,-0.5865679,-0.24260412,-1.661834,-2.4217544,-0.7211261,1.5782094,1.9275346,-0.5339185,-1.0620377,-1.0891731,-0.5987555,2.0605876,-1.3519863,1.0429939,1.0339797,2.0773034,-0.27657968,0.6680717,-0.15116248,-0.4432684,-1.3529701,-1.1029721,0.6135475,-0.28579175,0.87058884,-1.8591332,-2.6735678,-1.7690144,3.0630744,-0.012017846,-0.62862957,-0.8286168,0.27565944,-0.42340985,0.82818717,-1.528177,0.51112723,-0.7567201,-0.2426692,-0.12120575,0.7991754,-2.3915606,-0.24710524,1.8659923,-1.6382394,0.9212252,0.9809459,-0.42318982,-0.73041904,1.6292503,0.17015943,0.16346693,-1.044659,2.1638172,0.071161225,0.4396544,-1.8853377,-0.55641603,0.7959383,2.7869132,-0.85926795,1.8122784,-0.03059411,-2.0584555,1.0081544
-0.96195143,-1.4971123,-2.0000725,0.76670706,-0.22126925,-4.3510165,-0.59069633,0.8969183,-0.43224245,-0.40037048,1.1149601,0.7575877,0.12198833,-0.8353997,0.07024813,1.4126277,-0.87812173,0.95133984,-0.3609928,-0.081340626,2.9037976,-1.2277429,1.1205021,0.5908955,1.4966615,-0.52731633,-0.39116684,1.9074614,0.7460974,1.1276381,-0.6198655,0.92871004,-0.39259732,-1.9823406,-2.301613,-2.3748202,1.3572506,0.48229516,-0.2585544,2.356571,-0.20083587,-0.264978,1.8993433,-1.3176767,1.8534906,-2.6864605,-0.3969981,-0.8704251,-1.3079345,1.6574183,0.24007982,0.1906584,0.16584897,-0.5404795,2.12371,1.7331406,0.411348,-0.13770872,2.7977722,1.1264462,0.7238316,1.387871,-1.8733613,-0.6127475,0.70049596,-0.77761745,-0.90588003,0.0792456,-2.7258008,-1.7100346,-1.6259722,0.12600555,0.4923582,0.72586787,-3.734895,0.31592408,-1.9503524,1.5176891,-2.1890311,-0.21801361,0.22205395,0.12227467,1.2918235,1.0817536,1.1814806,0.1297822,-1.4828746,-1.9453719,1.8475506,2.2991703,3.2119246,1.4568166,-0.37705564,0.7445221,-0.37442818,0.16756861,-0.49076846,2.8267112,0.4525649,2.362876,1.9538288,-0.74464893,0.42875963,-0.6198243,1.1679204,0.37635434,-1.9211707,-1.4262198,-0.43883085,-3.4139705,0.19237617,0.8013804,0.43990353,-0.98194635,-3.3251925,-0.4145568,-0.26867178,0.27844617,-2.3929477,1.4366447,1.7881701,0.31720477,-2.774026,-0.40542167,-4.4897013,-0.6186751,1.4181116,2.3572369
1.1229868,-0.570199,2.2322521,0.3371112,-0.7679514,-1.4529265,-0.60293376,0.35013217,-0.5333783,0.09434989,-1.3867607,1.2093279,-0.936695,1.7073171,0.5823451,0.26765025,-0.10184777,0.13654973,-1.6706645,0.16031238,0.1861512,-0.7476188,-1.0077931,0.1923721,0.3415432,-0.85285825,0.9310651,0.05605755,-1.6667509,2.2997556,-1.2166877,-1.2258978,0.7423147,1.0994377,1.3290784,0.49464193,0.47514576,-0.83769166,-0.5469238,-0.70327157,-0.716127,0.027911216,0.7642818,-0.61306363,1.7630229,0.45493883,-0.9121299,1.1304975,-1.5239252,2.9218714,-2.94791,-0.33264112,0.9357834,-0.70367086,-0.51279,-0.799705,-0.43512478,0.8325032,-0.2866124,-0.07286513,-0.8907907,-0.2918253,-0.55601025,2.027058,-1.1849145,2.2815928,0.28170115,0.46549815,-1.7899753,-0.16275167,0.0366669,1.1370773,-0.061664607,1.2768023,0.25706458,1.4144254,-2.1540186,-0.80621326,-0.6178554,-0.12266812,0.75801826,-0.9304116,0.27569544,-0.79489756,-1.0648402,-0.5622929,-1.0282707,0.18292002,0.69116694,-0.52366585,-0.6525853,-1.1666113,-1.4770988,-0.09673649,-1.707036,0.5372071,0.8166017,-0.991773,1.2031578,-0.37426317,0.3412313,0.08665672,0.34996268,-1.265157,-1.7540028,-0.9273976,-0.75285625,1.3345549,-0.06894378,0.83405316,0.06126307,-0.8023101,-1.3510948,1.508052,2.4444203,0.02326344,-0.984864,-0.770242,1.2407256,-0.75732756,-0.37871823,0.67210174,-0.8971771,1.1840439,0.57849354,-0.48553115,-1.217464,-0.81052387
-0.6188661,-2.249401,-1.7196152,-0.047708213,0.81757516,-2.440682,-0.17202371,-0.442286,0.105152875,0.46643913,1.4946032,-0.31391558,-0.0464679,0.808725,-0.71423304,1.1940403,-2.1844475,0.5650685,-1.7626854,0.46535042,2.062149,-1.2138077,1.8303795,-0.9967138,1.156424,-0.30851954,-0.43281096,2.449041,1.1152985,0.5572993,-0.504002,1.2057185,-1.3652786,-0.60997105,-2.3591757,-1.6957853,-0.24152416,-0.39236963,0.1336686,2.1890235,0.47146922,1.3378989,1.1459973,-2.352344,0.5153556,-1.0919567,1.1295539,-1.3062589,0.43555316,-0.7488488,1.3011194,0.8777828,-0.37885123,-1.9589975,1.6386182,1.8498082,0.48554388,0.29649132,3.0301027,-0.20021272,0.41419017,0.2592829,-2.2474976,-2.3006737,0.8964069,-0.99131,-0.23806596,-1.1822556,-1.1365979,-2.2709913,-2.0958717,0.48439372,-0.07872799,0.18467626,-3.2534723,-0.83376694,-2.2172823,1.1935079,-2.3153923,-1.0133715,-0.0021511018,1.7192578,1.15942,0.7171688,0.73222786,-1.0110073,-0.42214847,-1.6136235,1.304425,1.4260584,4.193037,2.791507,-0.127835,1.7608862,0.36906433,0.18258491,-1.3899498,2.5941691,1.1349866,2.724699,1.1063263,-0.275846,0.8486407,-0.6606855,1.5621817,-0.48971096,-1.1975632,-0.705364,-1.0082247,-1.9879262,-0.59871477,0.15948477,0.3669239,-1.1701627,-3.8063042,-1.1359164,1.3345814,0.8148695,-3.534359,2.2491946,1.3528483,0.43987232,-0.7277353,-2.1044965,-4.098875,-0.1996806,2.2598653,0.5668254
-0.5691413,-2.3275847,-0.2774167,-1.0240666,0.092395104,-0.8479928,0.39527398,0.3748253,-1.2799515,-0.5784675,-0.195604,1.1552004,0.4655561,1.7229241,-0.22976488,-0.3634277,-0.9006109,-0.7077253,-1.192922,1.20169,0.9414494,-1.5149646,-0.18337715,-0.6932322,0.26851875,-0.5794994,-1.0132209,0.7728909,0.68105733,0.7806183,-0.89403075,-0.2979495,0.26549652,-0.2726478,-0.88839895,0.43269303,-0.54587924,-0.08441691,1.2173743,-1.0678873,-0.71412927,-1.3495619,-0.6112853,-0.35340163,0.1483714,-0.43676388,0.74433124,-0.2808972,-0.11047596,0.46127173,-0.0042565316,1.1244636,0.7779217,-0.32394972,-0.7159075,-0.1078206,-0.39281815,0.9588499,0.72528356,0.24230453,-0.4345267,-0.15273757,-0.7266861,-0.3571933,-0.52617884,1.8511744,-0.34577549,-0.5838561,-1.0044893,-0.55624145,-0.7287987,-0.024375841,0.15652178,0.7781131,-0.31843942,1.3576912,-0.3183586,-0.54304963,-0.496407,0.33556557,-1.0039556,0.024847098,-0.37855375,-0.669637,0.98184377,-1.5880494,1.0935233,0.93190706,-0.15363945,-0.2661028,1.5021236,0.5721067,-0.43880707,0.99779034,0.51083153,0.2166099,-0.07816023,1.8029693,0.9505859,0.8818659,0.14382362,0.4048295,0.10518357,0.18018869,1.2188225,-0.4844654,-0.63224155,-0.37026477,1.1770809,-0.5029367,-0.20182681,0.949877,-0.63835883,-0.14846562,-1.415556,0.39389274,-1.1407223,-0.2868173,-1.6237208,0.9409342,0.7258242,1.5490227,-0.6584359,-0.8471801,-1.3135365,0.14532709,0.42713076,0.74392664
-0.49350667,1.5728073,-1.0758591,-0.34799802,0.384871,2.0386689,-0.27544865,-0.2200732,0.07293138,-0.1460645,0.70374,-2.5497038,0.2854056,0.41783905,1.1808666,-1.4995806,0.8837043,0.2716592,-0.31444672,-1.5777647,-2.2565148,0.9459748,1.2885659,0.47764158,-0.68181366,-0.7791921,-0.26713344,-1.94817,1.2295966,-0.24287368,0.2825141,-0.40438992,-0.71682507,1.6933241,0.027393728,1.4864937,-1.1166472,-0.61786765,0.5115818,-1.0559995,-0.15678854,0.7836174,-0.3825622,1.2481318,-0.42714962,1.2949107,0.49436706,0.6900466,1.212227,-1.8210397,0.6087588,-0.6700617,-0.022823066,-0.22498816,0.90642756,0.16636212,-0.05154717,-0.19344592,-1.6159513,-1.3424745,-0.3276223,0.29262882,0.78289753,-0.45308545,-0.8642777,-0.061578214,-0.7388468,-0.34462863,1.666215,0.8027795,0.033756107,-0.59226674,0.53345126,0.19153228,0.3965849,-0.7769959,-0.09707722,1.1312201,1.8784692,-0.11599092,-0.085523106,-0.036037818,-0.19136825,-1.2091879,-0.5223671,0.70456016,0.6837121,0.6775209,-0.77567196,-1.2538073,-0.6949588,2.2290418,-0.011115372,0.71249443,0.2573156,0.7576422,0.02059396,-0.065692365,-1.4122567,-0.73782146,-0.11929361,-0.3662049,-0.50953937,0.61662656,-1.2107058,0.34385568,0.96388364,-0.047810093,-0.21086402,0.7635865,-0.40759787,-0.21174951,0.5353115,0.30554783,0.50393915,0.041931733,0.40530342,0.43628246,0.16841155,-0.14187643,-0.6680801,0.75238824,1.4446697,-1.3047856,1.2451102,-0.28084764,0.038055778,-0.24754493
0.7191637,0.36103088,-0.45893043,-1.523202,0.76136565,1.2123039,-0.4665532,-1.222356,0.87064725,0.37270194,-0.93587846,-1.4300704,-0.84501755,-0.02911527,0.23370096,-1.0099909,-2.2635164,-1.4613585,-0.62413466,0.43129176,0.21522096,1.2578423,0.8303719,-1.211713,-0.15826704,0.6230394,-0.97082746,1.2997593,-0.43687075,-0.094020694,-0.073392674,-0.175943,-0.08904567,0.83616066,-1.34587,0.92552674,-1.2222564,-0.8106766,-0.43756503,-1.1205561,-0.95022666,0.6095428,-0.41423285,0.5962133,-2.0022583,1.0793519,0.99071753,0.50166917,2.6333418,-1.7320375,0.65557194,0.66875535,0.12949732,0.7536944,-0.8892482,-1.624515,-0.2501377,0.77986926,0.018911686,-0.02000302,1.0083989,-0.08620929,-0.22333106,-1.0948956,0.032351345,0.99507755,1.8048704,-1.0027244,1.4104674,-0.88397425,0.5187875,0.28859645,0.0938088,1.9950581,-0.9933501,-0.053695343,0.7259026,-1.4006066,0.6999944,0.934331,0.60666955,-0.71954703,-1.6482167,0.0872044,0.8979721,-1.1209575,-0.0112865865,1.1778868,-0.6189915,-0.1449921,0.14984247,1.8285975,0.026059896,0.24208461,-0.6157141,0.4359857,0.14730398,-0.4953823,0.91071385,-1.4413421,-0.9076823,-0.034944832,-1.0337589,-0.59702367,0.14604418,1.0210655,0.5238787,-0.6837279,-0.8735702,0.5850804,0.116015345,-0.25069958,-0.74704576,0.77803826,-0.6713358,-1.4848964,0.86871094,1.7701898,1.9191947,1.1112857,0.08681963,-0.16885883,-0.50847244,-0.9858501,1.2564286,1.4892559,0.531481,-0.9629312
-0.9650317,0.46207836,0.02279964,-0.028953344,-0.27767777,0.96492136,-0.12305229,0.64967936,0.016208462,0.20787191,-0.95760655,-0.21415427,-0.9292785,-0.55455923,-0.03352803,-0.39958268,0.11100417,-1.3975291,-0.90866315,-0.29834336,-0.018953383,-0.09458274,-0.5412587,0.60856795,0.005877182,-0.20967516,-0.103107,0.4183259,-1.3416408,0.20894876,0.41669047,0.15417816,-0.5261874,0.6299945,-0.9528785,0.5744041,-0.95274687,-0.32593358,-0.58648705,-1.8001595,-0.8577652,-0.41340625,0.32226092,0.9342788,-1.0241129,1.2976463,0.30504793,1.8092189,0.34986916,-1.1781716,-0.39220133,0.012882605,1.1852245,-0.3828528,-0.44123438,-0.6311204,0.5259221,0.35873297,-0.11471001,0.39477807,1.4806767,0.47573686,2.295473,-0.24232166,-0.9657189,0.7113778,0.48275968,0.3001622,0.6022283,-0.5518405,0.450722,-0.091383904,0.89262134,1.1696864,-1.1835555,0.76310295,-0.44993153,0.03147936,-0.9675916,1.890389,0.98581237,-0.16339162,-0.6860931,-0.039708495,0.06596646,-0.81507945,-0.90132946,1.0372077,1.0935054,0.01464051,-0.69452894,1.4497869,-1.6246613,-0.16000974,0.0019769184,0.5798366,0.714141,-0.5184687,-0.15280157,-1.7995162,-0.4757498,-0.22716424,-0.40091282,0.07307107,-0.19368404,0.7391303,0.92480195,0.20610258,0.31350335,0.59220827,0.12016833,0.72142833,-1.0112725,0.042940058,0.3397543,0.16680916,-0.6269547,-0.4306405,1.6890881,-0.16837513,0.16921166,-0.548465,-0.7236824,-0.07065338,1.0031074,-0.24410337,-0.33067754,-0.7774648
0.044740558,1.3067873,-0.9464437,-0.05811736,0.44847625,3.239211,0.01752007,-2.423348,0.055085957,1.2625387,0.9983428,-2.850204,-0.116451144,0.45630783,0.16466013,0.33988374,0.62129474,-1.3303645,-1.2635317,0.13474254,-2.4649901,0.44520932,1.4031175,-0.5407776,-1.6015377,-0.35794204,-1.2625513,-1.1425352,1.8284078,-1.3530678,-0.03618209,0.4588863,-1.4537435,1.4313126,-0.7578826,3.3556423,-2.2292862,-1.2226894,2.0391977,0.16253185,1.3899498,1.5333006,-1.9646964,0.018039465,-1.9720865,0.932323,1.9992509,-0.22600049,2.4506397,-4.1399903,2.0620685,-0.029092371,-0.9097614,-0.52669024,1.9148268,0.17992905,-0.23805755,1.3596444,-2.5997715,-1.5042152,-0.33480263,0.21185169,0.85337853,-2.455288,-0.21628395,0.25097227,-0.5181203,-1.7998083,3.0865068,0.3967821,-0.57418895,-0.12612408,-0.32797167,-0.15260798,-0.24966699,-1.3484123,0.7574182,1.5659795,1.5231535,-0.577253,-0.053071484,0.2603024,0.2569366,-0.98715746,0.3862731,0.019904062,0.8573341,1.649137,-1.9810983,-1.5548309,0.32289574,3.5469108,0.07792508,0.061942935,0.32674915,-0.01214397,-0.74439126,1.4930462,-0.48637262,0.71320313,-1.0290956,-0.08654237,0.8178005,1.1252196,0.20453173,0.02154994,1.2485086,-1.0620431,-0.10500197,0.76594734,-0.23461539,0.5241338,0.9871722,-0.39005843,-1.4317302,-0.5436693,2.8792284,0.08462709,-0.74945414,-0.024862051,-1.3889611,1.2107475,2.733693,-2.3650198,0.87367415,0.5278223,0.27100736,0.23309994
0.66205204,-1.7278531,-0.119500555,-0.52559537,0.50922,-0.8509924,-0.13538289,-0.5140743,-0.13340852,0.31407014,-0.40741652,1.8266845,-0.99088365,1.0131269,0.09579882,-0.21064064,-1.106627,-0.55424654,1.1511164,1.0672958,1.4129431,-0.036009178,-0.46696985,-0.9012675,0.95217764,-1.1698121,-0.55940264,0.5267292,-0.886279,1.2816176,-1.0036837,1.1083773,-1.0310959,-0.3691535,-1.4706103,-2.0772347,0.15499747,0.50930727,-0.29555035,0.24722028,-0.39295343,0.26904222,-0.29754847,-0.059507266,-0.35383677,-0.62963086,1.0598743,-1.1338443,0.5808526,0.7641908,0.49168995,0.04593146,0.9570182,0.76814264,-1.3449553,0.8432988,-1.3096342,-0.48438597,2.374999,0.38772523,-0.34649944,1.353368,-0.123119146,-0.75643325,-0.47014943,0.075936764,0.58619845,0.3739062,-1.1448345,-0.23568003,0.8557044,1.1199356,0.060557738,0.9301578,-0.1779657,1.7598634,-0.061420828,-1.2465527,-0.5821089,1.1237252,-0.21111566,-0.2124561,-1.7443398,1.2842181,0.55040044,-1.7383084,2.7171698,1.7449944,0.87090147,0.1748012,0.337686,-0.8480129,-1.38873,-0.2811703,1.6842526,-0.37641144,-1.2797766,0.33730775,0.9817201,-0.55035317,0.6382007,0.78911304,0.07919942,-0.32615644,0.5075146,0.21159382,-0.5858436,-0.30856678,0.3803686,-1.8390404,-0.49517894,1.083525,0.36506522,0.12510574,-0.24401593,0.17192575,-1.3258603,-0.7800754,0.16240738,0.49890772,0.38786054,0.58641714,-0.7992475,-0.5594629,-1.2675009,0.3416943,1.7659656,-0.49103326
0.3079118,0.9641019,0.13636369,-2.447356,0.93649167,-3.2919087,-0.068077296,2.070775,0.16191596,-0.21836948,0.7023304,0.5584228,1.870573,1.0523205,1.0877721,-1.3516625,0.46790105,3.0701175,0.6093891,-1.02148,0.8354207,0.72397727,0.72058874,-0.2224885,1.6494483,-0.9038447,1.2519463,0.23425448,1.6915216,1.5022198,0.07157622,-2.463899,1.3882655,0.65694314,1.2190757,-3.0487952,1.1357136,1.3911362,-1.8835249,-0.8272718,-1.1334605,-1.694293,0.40196112,2.4257522,3.1282582,-0.30665457,-2.0536122,-0.49456048,-2.898571,4.755237,-1.068063,0.049933523,-0.6511229,0.6659229,-2.87181,0.5824494,-0.03870821,-1.4803042,1.2573831,0.46904114,-1.6363404,0.4436611,-3.6918602,3.7198167,-0.34657884,1.8442776,-2.029986,1.8021458,-4.0155263,1.3409896,-0.13500851,0.405141,-0.2342211,-0.14011756,1.2990639,0.22251144,-1.1483244,-0.4908664,2.9839547,-1.6820588,-0.589432,0.44824472,0.534573,1.9234192,-0.032451987,0.20644903,-0.20756829,-2.416006,0.34364176,-0.59694624,-1.8508936,-4.0048356,0.41546386,0.9994931,-0.61948955,-0.21431755,2.292186,-1.712991,0.30416137,1.1616127,1.2045904,-0.34811676,-2.9023728,-1.315439,-1.4400696,-1.3623067,-0.82262814,1.4764113,-0.5914946,-0.437207,-0.5330277,1.0313504,-0.028280273,1.1788542,2.0435574,0.36641115,-2.5488038,1.100615,1.2793722,-0.5262844,1.7468152,-0.12825066,-0.89415956,2.5633461,-1.2833694,-1.9912802,0.0989607,-2.0534868
-0.278622,0.14302278,-2.5867772,-0.058918573,2.474673,-2.2031336,-3.0737753,-0.4116545,-0.053067356,1.9635441,1.2888536,0.37727165,-0.035256937,0.3212514,-0.042403817,-0.24131402,-1.2822909,1.2212914,-4.0012636,-0.4820288,1.1276703,-1.0003816,2.2373958,-0.23640136,0.449041,-1.6045461,0.76135194,-0.7241147,-0.4654394,2.9226065,-1.0797622,-0.38611162,-1.1802938,2.1589613,-1.7441484,-2.7630093,-0.13245893,-0.9374734,-0.3913566,2.719628,-1.1117852,0.041506685,1.4554961,0.51632273,1.2941059,0.89802456,0.44359154,0.32522827,-1.4645456,1.1168355,-0.71540904,-0.973806,1.7039583,0.11658931,-1.1856687,0.5101092,-0.68636477,1.110531,2.7923872,0.79017127,0.42564523,1.7415314,-2.8154614,1.5810815,1.0365541,0.7426204,-0.20255387,0.28190368,-3.076366,0.5259506,-0.3187527,0.24365123,-1.1007807,1.7213461,-1.4451065,0.16419233,-2.3096256,-0.91497433,-0.55309665,-0.38515636,1.1748673,0.4098908,0.4582085,0.7022039,-0.580072,-1.3031608,-0.2598651,1.1565194,-0.058802187,1.0878981,1.2830156,0.79106176,0.31364036,0.71540636,-0.2574392,1.5194192,-0.15921465,0.11330597,-0.5849341,1.215381,1.0286055,0.6632956,-1.3535844,-0.8544618,0.430671,1.1812611,-1.2172387,-0.5381408,-0.00214177,-0.93258613,-1.6910658,-0.6407831,1.1256354,0.2722268,-0.21911645,-1.5735372,0.13223137,-1.0025187,1.1261952,-0.20971453,1.475637,0.119250014,-2.1017852,0.7903365,-1.5521376,-1.1068819,0.9226953,-1.3436079
0.39959556,1.8528751,0.13854188,2.1427898,0.3058366,-0.28302193,0.15220144,1.1581787,0.9254341,0.0579108,-1.0858505,1.8377147,1.2564169,-2.6353436,1.7409586,2.1887374,0.59699553,0.02451966,0.5475632,0.7235491,0.2266084,-0.07571311,-0.6010184,0.3467974,-1.3019577,-2.1272342,0.95743114,-2.829418,-0.73534197,1.2115262,0.24583395,-0.9164056,0.54880655,0.40309763,3.063264,-3.4521663,1.4598618,-0.6987269,-1.4404731,1.7420933,1.9758978,-0.13886002,-0.38967147,0.25255242,1.1919631,-1.9163864,-0.47143608,-2.4675255,-5.189831,3.7918272,-0.6443924,0.8185241,1.2498125,1.6176772,-1.3595779,-1.6842552,-2.1526427,1.3339,1.0252378,1.5553141,-0.12056415,1.940814,-1.2993588,3.4509819,-0.23693794,2.0435224,-0.8881868,1.8158379,-3.130775,3.0808468,-1.4466778,-0.4509189,-2.5623424,-1.857157,3.4554439,-0.830117,-0.5655041,0.33510864,1.1951807,-1.0144136,0.8740313,0.076292336,0.9528062,-0.261688,-2.4653127,3.4799707,-2.7932985,-1.1235939,-1.1831243,1.3774395,-4.347721,-3.8103871,1.3594879,-1.6179955,-1.3380684,-0.18801081,0.5016687,-4.0231814,-1.0749993,-0.61998945,0.007842362,0.6416069,-1.2739434,-1.7713192,-1.6434,2.9022489,-0.5679238,-0.09460166,0.27645352,0.5881678,0.39248008,1.6823958,-0.17564584,2.0349417,2.1207662,1.1771045,-0.54112864,-1.1926303,3.4960105,-4.114109,0.6215955,0.66986763,-0.9532133,3.7746954,1.124306,-1.4928167,-1.8126606,-1.7411907
-0.12650332,1.9168428,-0.9428013,0.09594825,1.0151131,3.4141088,-0.527577,-0.81367266,0.2529766,0.46741912,0.70400083,-2.260644,-0.057799593,0.43544176,-0.04756862,-1.2462735,0.5726348,0.5099279,-0.7564863,-1.4611533,-2.9426434,0.6477652,1.0068804,0.18003067,-0.5005848,-0.44591755,-0.11395733,-2.5467095,1.6042616,-0.32520843,-0.6397845,0.44255054,-0.57046884,2.5907693,0.35474733,1.2091775,-1.6430184,-1.1231081,1.1617838,-0.5169403,0.5132669,0.4446444,-0.5922995,0.75825834,-1.0585644,0.54615396,1.4523302,0.37382758,0.7878511,-2.7192404,1.8055143,-0.562598,0.3396054,-0.68859476,0.48496884,0.04479772,-0.27971905,0.015904605,-2.3976998,-0.76546085,-0.16759309,0.83300644,1.0405364,-0.23423824,-0.9002583,-1.0819634,-0.6034545,-1.0152438,1.2410884,1.5901107,0.3478511,-0.43024242,-0.21098235,-0.6857475,1.6744875,-0.83480245,0.30474815,1.1902792,1.965131,-0.68433285,0.34306562,-0.1874982,-0.10127099,-1.4047166,-0.48727408,0.27709863,0.8315766,1.0206968,-1.2302605,-2.3664246,-1.2598703,2.0633311,0.9267165,-0.604005,0.039120078,0.5943246,-0.73290133,-0.27143636,-1.2410159,-0.75108457,-0.44853288,-0.14381987,-0.27602202,0.8847345,-1.188164,0.12971726,0.6888845,-0.75179887,0.4162857,0.93191886,-0.7648642,-0.44145793,1.1642319,0.6754611,0.35617772,-0.14271091,1.0624127,0.19709581,0.1249589,-1.1955649,-0.8124917,0.8188712,1.9176079,-0.83270955,1.9696338,0.11123085,-0.3518157,-0.04215586
-1.4799271,0.9778735,-1.1174473,0.39642853,0.44177544,0.60527575,-0.9338751,0.7238016,-0.6236179,0.49773592,0.4543031,-1.5387849,-0.9559289,-0.087881714,0.2472988,-1.9097726,1.9289191,-1.0228217,-1.617994,-2.3279538,-1.2187504,0.44632292,0.38632664,0.25249937,0.031670593,-0.6735629,0.6043434,-1.6646737,1.3319699,0.23615134,0.3430228,-0.36704934,-0.5143194,1.4565336,-1.4469327,1.8991537,-0.38477966,-0.51404727,0.95738804,-1.2091022,-1.3457392,-1.0457484,0.63537675,0.99506044,1.0737196,1.7431598,-0.31027058,1.3251379,-1.8048637,-1.4299096,-1.2161264,-1.060267,0.080857545,0.2273022,1.0047125,-0.65646434,0.7662997,0.2447921,-2.2942517,-0.21688882,1.4025229,0.80275226,1.8693774,2.4530406,-0.782555,0.29536122,0.54650116,-0.5422774,0.7231171,1.2222431,0.77853394,-0.756536,0.6443305,0.2195851,-0.78574,-0.16695464,0.18394737,0.36574516,-0.382667,0.7298335,-0.025062233,0.50865406,0.08921295,-0.10777709,-0.55365556,0.4228317,-0.4385286,1.6216543,0.83696187,-1.337658,-0.7807205,2.0840979,0.16005799,-0.686893,-0.13344514,0.93110913,0.89034736,1.2715503,-1.6363984,-0.76375526,0.050740093,0.17994127,-1.9282146,1.3425956,-1.0537142,-0.18593335,0.85957205,-0.9175383,1.2509277,0.9379884,-0.086539984,0.29796794,0.48020828,-0.14629823,0.7747685,0.68511295,0.243103,-0.5732987,1.399795,-1.6253295,-0.49898767,-1.245929,0.897309,1.0915309,1.6799779,-1.0953188,-0.8110702,-0.4900884
1.9010253,1.0638423,0.15314463,0.30218884,-0.6956357,1.8061805,0.34758008,-1.0597842,0.8029469,-0.04358057,0.06985488,-0.023107126,-1.3152624,0.09732252,-0.26833344,-0.3575797,-0.75829077,-1.215894,-0.11479205,0.29928812,-0.35092792,1.1880924,-0.7937974,-1.168244,-0.62208754,0.025495857,0.2605886,-0.49688348,0.24788526,0.15554506,-0.31735536,-0.5572161,0.5465262,0.54343086,0.55648935,0.6923874,-0.62588894,0.6404377,0.8725476,0.74385524,0.9627199,0.74128014,-0.5582339,-1.0010586,-1.8876152,0.1075774,0.3431486,0.20742358,0.9645853,-1.0214492,0.22009115,0.5327065,0.7906749,0.796856,-0.3035364,-0.35449618,-0.005031228,1.769208,-0.6124946,-0.70393467,-0.18692142,-0.16037768,0.37903643,-0.40647364,-0.83856595,-0.011476815,0.09416777,-1.0759273,-0.1562262,0.2086575,-0.3094373,0.82462037,-0.02859968,0.691015,1.2204747,-0.016651854,1.1689632,0.29277468,1.4113603,0.13947225,-0.13639697,-0.36496574,-1.5704426,-0.26806167,-0.4100023,-0.29301155,0.44058996,1.1415664,-0.6526749,-1.1453427,-1.3380239,-0.5591054,-0.82468426,-0.53884304,-1.2956088,0.10962706,-0.34557045,-0.6635362,-0.43439826,-0.2731602,-1.1311884,1.6466405,0.06535709,0.20073658,-0.6248789,0.32799736,0.40276206,0.14813969,-0.26063246,0.89160347,0.24143586,0.78100014,0.36439505,0.41137892,1.0637953,-1.3674154,0.8914591,0.38053456,1.5000098,0.16097026,-0.7094792,0.54177845,0.88012815,0.019893676,0.65531677,0.41500875,-1.459148,-0.26191175
2.1427672,0.03216639,1.1571925,-1.3935481,-1.2963485,-0.32422507,1.2155403,-0.14258915,0.11992064,-0.115802675,-0.009220068,0.63121796,0.23291045,0.23895252,0.32824242,0.11829555,-0.56244504,0.18683925,2.2245426,1.1001431,0.36096957,1.723921,-0.96260124,-0.37100393,0.18757896,0.37399513,-0.8776357,1.7702963,-0.6913689,-0.85236585,0.7117665,0.2999218,1.5941038,-0.5429852,1.209296,1.1026363,-0.35668442,0.15645953,-0.5668494,-0.12607646,-0.26635277,0.6414703,-0.8190979,-1.3258524,-0.98036695,-1.6026111,-0.9928741,0.35536802,2.5436814,0.4716309,-0.464168,0.6194498,-1.3200393,0.85093325,0.19200352,0.06712693,-0.70836204,-0.19644696,0.8995324,0.5339229,-2.0104532,-0.26012045,-0.93563867,-1.2493193,-0.14895415,0.7783986,1.1602267,0.2934997,0.09080359,-1.564537,0.20904693,-0.9748773,0.34031135,0.19851859,0.12064582,-0.4943616,0.28915322,-0.15194999,0.61559236,-0.049415648,0.55418444,-0.29534185,-1.409369,0.90488636,1.2990553,0.65911424,1.0744667,-0.76693237,-0.009511717,0.60225916,-0.23533528,-2.1686811,-1.0659053,-0.1577158,0.9825882,-0.44431072,-0.07524469,0.12728423,0.8109958,0.3964165,-0.5071608,-0.5722114,1.3170788,-0.07314681,0.4957971,-0.44119078,-0.37705693,0.42831266,-0.16396934,-0.961473,1.6366625,-0.85586977,0.37057614,-0.6350177,0.08922578,-0.29164135,-0.96426517,1.5349679,-0.9151754,0.9236402,-0.22570631,0.24155195,1.5381448,-1.437825,-0.9249045,-0.27450675,-0.12851834,0.8535116
-0.8787737,1.9789228,-1.1707784,0.9037237,0.2676981,1.7122083,-0.49695724,1.027316,-0.034214467,-0.40242296,0.11134362,-1.5904908,-0.10935414,-0.30645746,-0.4709329,-1.9990425,0.99151236,-0.6878863,-1.7571511,-1.5511829,-2.139142,0.50144666,0.48839343,-0.5561911,0.031220287,-1.0239716,0.8643984,-2.427205,0.74232244,-0.35144725,0.28546748,-0.43116665,0.072252184,1.5962733,0.39210168,1.1612508,-0.44894218,-1.0331662,0.9745765,-0.28377986,0.058871396,-0.72716963,0.51602954,1.0912628,0.25384688,1.5625674,0.0049239993,0.22707254,-2.118322,-1.0305309,-1.1243873,-0.4211195,-0.16410083,0.11938237,0.48426497,-1.1352184,-0.34582013,0.4915331,-2.3845468,-0.6141638,0.53784955,0.44490778,0.9802785,2.1282825,-0.33749714,-1.2818751,1.1234086,-0.88737226,0.7638651,2.001553,0.97083694,-0.65815336,0.62102926,-0.7855704,0.7598625,-0.3600004,0.06138724,0.8402803,0.6494686,0.43428606,-0.09885668,-0.040434718,1.7943177,-0.4939943,-0.8623171,1.1980975,0.1931014,1.8106352,0.33899245,-1.1223828,-1.4082646,1.679946,1.3020463,-0.13768539,-0.23610434,0.8560976,-0.71740913,0.12701622,-1.4133,-0.9797472,-0.2827461,0.3965663,-0.83779436,1.0216812,-1.433464,1.3623325,0.26426238,-0.6026953,0.3607858,1.8730838,-0.45676106,0.07077819,1.3607612,0.8218785,1.1599176,0.516392,0.80834204,-0.91725826,1.220255,-2.1394289,0.05854556,-1.148215,1.9112058,1.0237014,2.4318242,-0.2951954,-1.6236452,-0.97744966
1.1619153,-0.46508318,0.12237109,-0.5527689,0.92334974,0.5378392,-0.81975484,0.102944314,0.98678315,0.54333,-1.2464895,1.7160501,1.2124411,-0.35762995,-0.8375548,0.22876462,-1.3596189,0.7456073,-0.14533275,1.2152616,1.4039595,0.2807021,0.14198644,-1.516102,-0.18790425,0.8400645,-0.19896127,-0.5032656,0.021828264,0.29170692,0.12829474,-0.07957587,0.72393775,0.7988551,0.91390604,-1.9377235,-0.15895593,0.19615734,0.1221295,0.7394075,-0.011606105,-0.1199093,0.119701505,-0.9195204,-1.1197424,-1.571536,1.3747733,-1.1871952,-0.28662646,0.7150732,0.7870455,2.3064446,0.9931561,-0.10001856,-1.7051013,-0.56322664,-0.1054216,1.5499532,0.9304475,0.51645124,0.11175187,-0.0014533252,-2.087785,-0.14057352,0.22059834,0.13587855,-0.20296097,-0.76698244,-1.3593726,-0.82954675,-0.5254625,0.5079049,-0.5420617,-1.0116469,1.6960975,-0.557244,0.8161298,-0.42608005,0.23686315,-0.95600265,-1.7924521,-0.03858958,-0.7567377,-0.20771411,-0.44236955,0.43365732,-0.11367142,0.3159836,-0.41461512,-0.09465599,-1.2139686,-1.2916274,1.1974758,-0.52408695,-0.42804486,-0.25076506,-0.3525753,-0.95964324,0.90396667,-0.3294223,-2.2119336,-0.31221095,-0.794258,-0.77878195,0.8375749,0.5399233,-0.6030533,-0.25018352,0.44148952,-0.1437294,-0.47258177,0.8334694,0.10155023,0.7526405,-0.29842967,-1.3249708,-0.93332314,1.6981727,1.618488,0.44229415,0.6821264,-0.36289853,-0.87344617,0.5940777,-0.8477287,1.4227,0.0968016,-0.6937601
0.6787539,2.313249,-1.1008093,0.29596975,0.77334166,3.9781837,-0.824399,-0.8761061,-0.3258688,1.4022894,0.72123176,-2.7804985,-0.22144735,-0.19405802,-0.30891156,-0.29921293,-0.41855472,-1.6002204,-1.6120385,-0.4077316,-2.9732878,0.6090076,0.8118558,0.7198888,-1.8185494,0.2596567,-0.8546101,-2.4817622,1.4764185,-0.26885402,0.07607004,0.2091946,-0.73372066,3.6552277,-0.36338338,2.6791022,-1.9743578,-0.46012008,2.2275593,-0.19187406,0.9131496,1.2223674,-0.73944676,0.4339971,-1.9895332,1.1825843,1.8164579,-0.56825423,0.6273446,-4.4032598,1.3109802,-0.24619853,0.7012403,-1.5503483,0.6546402,-0.73519176,-0.34092784,1.8276927,-2.4198608,-0.8965428,1.334866,0.08855641,1.135821,-1.1852343,-0.70590556,-0.17568952,-0.034628354,-1.540562,1.7899394,1.1087756,-0.2589997,-0.48565426,-0.83143854,-0.4052569,1.1130846,-1.2568672,1.2303232,1.2057704,1.2007854,-0.4100557,-0.2078999,-0.049933,-0.22404769,-1.6943636,-0.7500888,0.31238085,-0.558342,1.9031136,-1.3004537,-2.4674964,-0.894052,3.4532228,0.5035521,-1.0918875,-1.2016581,0.45200208,-0.51386344,0.59488404,-1.6970134,0.00050511956,-1.195309,0.19557089,-0.9278149,0.75575054,-1.0547334,0.2249876,0.59186727,-0.715876,0.56735843,1.2862949,-1.0296456,-0.30532974,1.6787145,1.143312,0.08269626,-1.191865,2.2908082,0.40716296,0.7798004,-0.48374695,-0.6854812,0.62288,1.6216099,-1.4997874,1.9291681,0.8307475,-1.0853281,-0.18209699
0.16067298,-1.0409771,1.8361609,0.16061842,0.6023168,-0.91441035,0.7860449,-0.065963775,-0.1826165,-0.040782392,-0.59381384,1.5740682,0.15873371,-0.25591648,0.49203414,0.4344272,0.6723275,1.7319517,1.208561,1.3155302,0.0028439164,-0.065940276,-1.1715181,-0.52513,-0.52279365,0.024022728,1.7914057,-0.008694053,-2.111858,0.029849619,0.8982547,0.26543164,0.49565122,-1.630937,2.0245955,-2.078596,1.4986295,-0.60380024,-1.5391585,0.56066495,0.18423313,1.1857115,-1.5414338,-0.061208874,-0.35997063,-1.38818,-0.005482495,-0.9172673,0.036054626,3.814725,-0.4130822,-0.09600513,0.8897653,-0.9362024,-1.2879192,0.6782444,-1.157188,-1.0844175,1.0499907,0.28921282,-2.1520686,-0.34741542,-0.59603083,0.91300863,-0.53762704,0.51824045,0.023586154,1.3369946,-0.63485324,-0.028061356,-0.12166083,-1.046855,-0.6494564,-0.6999898,1.1588292,0.9631747,0.28345415,-1.087728,-0.11995405,-0.2940194,0.10129507,-0.32032943,-1.1818113,0.8546248,0.30896285,-0.30696565,0.5301246,-1.8258362,0.607078,-0.0069263577,-1.5257139,-3.1708202,0.31396645,0.41623113,0.86496544,-0.20216247,-1.6517885,-2.1329525,1.4226989,-0.5461052,0.10633461,0.11133619,1.1608403,-0.9053063,0.0028474927,-1.0207652,-0.8414862,1.0238613,-0.415032,0.17751077,1.1167562,-0.2997553,-2.8021595,-0.45319188,2.3031476,1.0723236,-1.077443,0.6463113,0.35535258,0.34984973,0.68756837,0.3680815,-0.06542793,0.7801305,1.0190203,0.54813826,-0.32394,-1.1177776
0.11372869,0.45651993,2.30622,0.7581209,0.33763826,2.110395,0.8620307,-0.26814818,-0.031117775,1.032715,-1.4768119,2.0362172,0.32683805,-0.2986411,-0.89701533,0.8671892,1.3552885,0.6917081,0.38266084,0.9429343,-1.0722022,-1.1164327,-1.4722334,-0.7954447,-0.64035857,0.32935077,0.20441476,-0.49307638,0.59118164,-0.08166611,1.1664339,0.39998335,-2.5983012,-0.063090265,1.0216837,-0.92746055,-0.15260556,-0.06250647,-0.17876458,0.18391097,1.2168458,0.524811,-0.16597849,0.40491834,-0.75366104,-2.0159636,1.9777449,-1.3334605,-1.0718236,1.6256496,0.37364823,1.9356415,-0.97761774,-1.6346238,-0.5872371,-0.08318563,-0.49250108,0.1615942,-0.7906313,0.36871248,-0.46973825,-0.5568558,0.056984037,-0.401666,0.56810904,-0.31776273,-0.41759127,1.1206154,-1.0555599,-0.1519348,0.84550226,0.24407046,-0.55571187,-2.595168,1.8126967,-1.0604519,-0.31467202,0.3700037,0.3364338,-0.6577318,0.47580507,-0.43633974,-1.1392226,1.2135092,0.324453,0.5625645,-0.8502168,-1.2575457,1.1964089,-2.1386967,-2.5183363,-1.7732948,0.82009053,-1.3698821,-0.5252485,0.9869644,-0.4858845,-2.9735878,0.38696325,-1.3210306,-2.3235106,-1.7230957,1.2576452,-0.8837369,0.20232461,0.11735597,0.07578418,0.8731956,-1.2190723,-0.07611269,1.1367722,1.2852454,-1.7806774,0.25523546,2.0225997,0.9122069,-1.6233035,0.21234694,1.419829,0.08749688,0.097738475,0.5507332,0.14804687,0.8985093,0.54378396,0.836051,-0.17259198,-1.0487213
-0.097917005,-0.65318,1.7672234,-1.0666391,-1.2020153,-0.48083675,0.041513443,0.73391867,-0.19216901,0.5415399,-0.6226694,1.0062027,0.37788972,0.8679928,-0.54839325,2.1062644,-0.4356854,-1.8683937,-0.35133478,0.8682239,0.6488973,-0.66691375,-0.033366576,-0.41091752,-0.41332212,0.4237442,-0.59072286,1.8150456,0.57694256,-0.025119483,0.9417991,-1.8837172,-0.378667,-0.31279048,1.1541362,3.7729602,-1.0902908,0.08703712,1.2446306,-0.45943713,-0.06478821,-0.825544,0.5492992,-0.6606039,0.17825447,1.5154922,-0.73154736,1.0183135,0.7104797,-0.5746371,-1.6799363,1.1626673,-1.1126599,0.6502555,0.81104034,-1.030692,0.028067809,1.4396511,0.65124536,-0.7321918,0.3998663,-0.9554746,0.26078853,-1.2237365,0.032449633,1.8055096,-0.51548636,1.1120608,1.2293094,-1.4066162,1.9711014,0.13871427,0.32865417,0.25192168,-0.5320343,-0.29311356,0.74714404,-1.3265359,0.097599514,0.04864925,0.49724245,0.2613755,-0.20545931,-0.29779595,1.5630391,0.6949777,-0.6617188,-0.39287224,1.0946116,0.20740819,0.583331,-0.15573294,-0.18365118,0.46619445,0.3543305,0.88669,2.377842,2.129123,-0.11205579,0.36714044,-1.1033754,-1.1257704,0.81820256,0.8618223,0.2087169,-0.70088387,-0.23453167,0.5129977,0.4548625,-0.12892246,-0.05231875,-0.62853086,-1.590343,-0.43547317,-0.9353545,0.8501863,0.01672247,-0.80853,0.006326318,0.60438865,-1.3631127,-0.5295411,-0.00075528026,0.03595686,-1.3194021,-0.62948644,-0.8426751,0.7292688
0.36151206,-1.0396433,0.8617121,-0.595156,-1.6366646,-4.9206715,1.9177313,2.5722454,-0.39022988,-1.9874377,3.544829,1.3633107,3.5955381,1.4927907,-0.176234,0.4272893,0.15375072,4.6517863,3.069058,0.0582311,1.5465038,0.080377184,-0.34942043,0.46554995,2.916381,0.42289156,2.0103705,1.454766,2.163791,-0.11964744,-0.306349,-3.1807337,4.192753,-1.9313192,3.9189346,-3.6798294,3.1828938,1.8439418,-2.0351176,0.21363351,1.5874581,-1.2868487,1.2925079,-1.3557674,3.6130617,-2.3798165,-4.615327,-2.539382,-3.2570634,7.2673306,-2.4696546,0.72296077,-2.2186394,-0.26307786,-1.3411363,1.4630506,0.22028995,-3.8748407,2.650858,0.34563732,-3.2388186,-0.37624884,-4.4143186,3.5580535,0.550223,2.524599,-1.2389319,1.562923,-5.120469,0.9588792,-0.64457226,1.138932,0.56081766,-2.8375316,3.0956209,-0.88758075,-0.17822793,0.8472837,2.4691944,-2.423429,-2.0349839,0.84283364,1.5894471,1.184751,0.8762053,2.0194352,-0.45749122,-5.782846,-0.08737403,0.49834478,0.029051825,-7.4152703,0.2521295,2.584453,-0.7055787,-0.7154658,1.3923092,-1.4087324,0.6105986,1.926011,1.4172726,-0.12893635,-1.0829455,-0.56428933,-0.8624545,-2.6563683,-2.1689386,1.0742123,-0.6686152,-0.1670042,1.434534,0.042543977,-0.5371295,1.7890147,0.47887194,-0.4059003,-2.3849182,-0.36891928,-2.6622503,0.23909396,0.6128359,0.84724796,-0.17723796,2.0052958,-1.7887349,-2.291685,-1.0408051,0.78707767
-0.86087465,-0.34832147,0.48094904,0.0044660782,-0.50928724,0.48728096,-0.5451268,-0.09625742,-0.31865963,-0.1742033,-0.40184128,0.16614218,-1.6197977,0.357921,-0.62702286,-1.1597458,-0.17925018,-0.7263858,-0.6778351,0.19627458,0.3140417,0.14457615,-0.57348734,-0.15726319,0.4657619,0.80346614,-0.096570075,1.4341208,-0.84912753,-0.26219842,0.6960719,0.91387665,-0.39111128,0.50528944,-1.3496603,0.26522788,0.27444595,0.54617345,-0.4220308,-0.80464375,-1.2535758,0.057057947,-0.503795,1.4562724,-1.0995659,0.48883054,0.42563114,1.2700238,1.3126773,-1.2155142,-0.2538053,-0.5451336,1.0081247,-0.675192,-0.71387285,-0.2248053,0.30498204,0.3925952,-0.9775409,0.44829834,0.35922807,0.42115122,2.0189831,-0.72968507,-0.63965714,0.5545752,1.1411583,0.14065686,1.3486791,-1.5243192,0.4655828,-0.6533889,1.0947704,1.571729,-1.8550711,0.846523,0.16620438,-0.31836092,-1.2209529,1.8894153,0.5031405,-0.1200696,-0.41936585,0.9985827,1.1102407,-1.5553968,-0.01381661,1.222467,0.84313893,-0.11749697,0.7387059,1.2351252,-1.37342,-0.13980685,0.3640054,0.2921996,-0.15161054,-0.10932223,-0.10303661,-0.5555041,-0.3686568,-0.13180217,0.44352877,0.10819958,0.10302543,0.27376583,0.5714895,0.37614843,0.3995405,0.090198174,1.0202059,0.7576126,-0.3911584,-0.28200805,-0.04532221,0.11293913,-0.20778124,-0.19913252,1.5810387,0.8986304,-0.039976984,-0.6271086,-0.65886396,-0.7906165,0.52793956,-0.25773168,0.61251533,-0.8298975
-0.75498265,-0.9513301,-0.9283116,-1.3299018,0.21541986,-0.34011766,0.22250795,1.0609388,-0.36605215,-1.0067232,-2.1130767,0.18876672,-0.40954337,0.15942323,0.026456416,-0.26806533,-0.64137226,-1.3565084,-0.8494785,-0.16850442,0.95029306,-0.9169433,-0.31837368,0.50287735,0.4791891,-0.44388503,-0.7455315,1.0620127,-0.36306307,0.074989244,0.48371223,-0.41859186,-0.65079284,-0.4883045,-2.1396189,0.32881346,-1.4662571,-0.38316235,0.8645334,-0.8116489,-2.0026064,-0.4028856,0.4456141,1.0290314,0.34463477,2.0274286,0.692865,1.1474848,0.80706394,-1.2784404,-0.25412285,1.7478172,1.7166723,-0.58313394,-0.4724058,-0.19018465,0.26135448,0.59856254,0.54080385,1.2143737,2.1075072,0.25434408,1.7310431,-0.8793613,-1.1272415,-0.09033109,-0.33211496,-0.26723087,1.0453818,-1.1405073,0.061345376,-0.5380934,0.26234958,1.3623735,-1.4117193,1.4090786,-0.09844571,-0.16316879,-1.9130535,1.7643545,-0.12977639,-0.21208343,-0.994514,-0.8547396,1.1159809,-1.0761945,-0.4563039,1.4019358,1.2631403,0.33355597,0.04304689,3.0494332,-0.48409078,0.3011847,0.1046257,0.67917335,0.91735697,1.4865044,0.26402378,-0.38085133,0.038962536,-0.31552178,-0.52130616,0.05884111,0.5830842,0.21043241,0.6329192,-0.49610358,0.9150492,-0.5866181,-1.1276143,0.44514662,-1.2316453,-0.34782982,-1.0861399,0.40316427,-0.5883015,0.13146633,0.18455619,0.38937145,0.25249043,-1.9447746,-3.0858388,-0.2462633,0.005364299,0.7057278,0.20301728,0.04912159
1.663768,0.37931192,1.4486935,-0.3628487,-0.015191555,1.4933532,0.25040075,-0.7152901,0.77747935,-0.6364124,0.05969143,0.16333205,-1.4418731,1.1284621,-0.40518934,0.65497565,-2.8422346,-1.4780239,-0.5661318,1.760612,-0.4267603,-0.856018,-0.05014223,-1.2180607,0.024623558,1.6952981,-0.97428584,1.7826276,1.1275191,0.21547359,-0.45979297,-1.5118908,-2.5370545,0.7692137,-0.48261148,1.5602129,-1.1947093,0.849651,-0.47704744,-0.2875445,0.80200803,0.63205063,-0.12596683,-1.0394672,-0.44074836,0.14803323,0.3419544,-0.46374044,0.6100887,-1.223546,-0.08339825,1.6304014,-0.39511082,0.17856649,-0.3023212,-1.9422414,-0.039322555,1.647363,0.4580715,-1.0313908,0.25695884,-1.0536523,-1.7039385,-2.4457572,-0.3868757,0.47898552,0.7660699,-0.5471117,-0.40931275,-1.7089283,0.6253321,1.1321397,0.45809287,1.0797747,-0.58327013,-0.12637576,0.50994456,-0.9922341,1.2639475,-0.22920132,-1.0385096,-0.96253556,-0.41480964,-0.97552276,1.8516394,0.89989734,-0.2407385,-0.79906,0.20770802,-0.17708185,1.1873621,-0.31006452,0.28490752,0.5415672,-0.97665185,0.80936,0.988684,0.1408323,1.5070839,-0.10157949,-1.0554757,-0.7266273,1.7201945,-0.44421285,0.24440634,0.07573507,0.21189265,0.66371286,-1.7484887,-1.2824674,-0.5856673,-0.58697206,0.16034037,1.1425662,-0.98586833,-0.10525912,-0.29257858,0.40473443,0.6999755,2.2688458,-1.1687658,1.0238509,-0.31898978,-1.4398314,-0.91239667,1.4076772,0.72653174,-0.5897415
-0.9003613,-2.1768517,-2.0937245,-0.7988714,0.85479486,-2.254744,-0.48676127,0.1750748,0.31297517,-0.021905683,-0.032397747,-0.69159114,-0.29822564,0.4407756,-0.71114767,1.977339,-1.8357133,-1.5693899,-3.5593977,0.46607137,1.4610782,-1.3236634,0.52558935,-0.109844744,1.0703859,-1.2296853,-0.9873736,1.04461,1.5991596,1.9868557,-1.2092427,-0.60967624,-1.5044041,0.13986826,-3.297251,0.39812225,-0.6358982,0.39035854,0.93422365,0.16456974,-0.27319443,0.40083206,1.6416695,-0.41981146,0.6113878,1.3112407,0.6205994,0.0064462125,-0.7551474,-0.65988314,0.55327654,-0.062391043,1.9917457,-0.9063777,0.74728805,1.141476,1.0452921,1.0789592,2.1600933,-1.4793487,2.3669384,0.6014378,-1.065017,-2.8852732,0.3588419,0.3564105,-1.4090428,-0.58681226,-1.3279989,-0.93081915,-0.507043,-0.23988292,-0.8442688,0.7461509,-3.877799,-0.21429539,-1.4680707,-0.13124327,-0.4086439,-0.14426148,-0.6406956,0.66144323,1.0314412,-1.1345134,0.51234967,-2.3452852,0.1672105,0.97515494,0.08585285,1.7251987,3.8590112,3.181016,-0.60431695,1.2861383,-0.33569306,0.6928391,0.37754405,2.8418007,2.303332,1.608371,0.9878723,1.2239792,-0.8020477,-0.99031425,1.54985,0.062389076,-0.73675585,0.23837346,0.81636035,-1.6609476,-2.2899654,0.64551926,-1.1219645,0.49949837,-2.7554574,-0.96826047,0.9444171,0.2947935,-1.7103295,1.9743854,0.99993515,0.8379688,-2.667507,-0.8607211,-3.5447714,0.42172018,2.2527368,0.39776886
-1.772991,-1.8185787,-0.87021893,-0.040238682,-0.55695873,-1.956245,-0.32669115,0.28640452,-0.02210471,0.7856064,-1.8190055,-0.47859257,0.23259038,-0.08165884,-0.63660675,3.8546686,-2.5500605,-3.5771332,-2.8845034,0.35492337,2.4795146,-2.5728202,-0.29949847,-0.8730336,1.9821894,1.027899,-1.7337134,3.0511737,2.3560345,-0.7816493,-0.6941284,-0.053874493,-1.5681322,-0.17603433,-3.5316133,1.4501114,-1.0139697,1.6224388,1.170113,0.8097477,0.14717822,0.24537191,1.7194412,-0.46527737,-1.5468873,1.7474983,0.8389086,0.12920676,-0.11290266,-3.1636062,0.89179957,0.95545095,0.2851246,-1.3229733,1.5420383,0.10881847,2.0156949,1.8563327,0.7628076,0.010977924,2.27211,-1.6299098,0.90843475,-3.1747432,0.14471954,-1.068879,-1.1686672,-0.62544537,1.8705273,-3.218586,0.61832404,1.0147244,-0.69977665,1.2221496,-3.8468797,-0.32944962,-0.3442073,-0.080300614,-1.0061592,0.3754272,-0.6609836,-0.5987452,-0.88123953,-0.022529095,0.7354392,-0.32786396,-1.451338,1.1343929,0.9883622,0.9846554,2.5614848,4.130381,0.21449511,1.3656652,-0.17556188,0.6778405,1.873128,4.4991784,1.7072679,1.7954174,-0.59258604,-0.42675126,-1.5693197,-0.120298654,0.9539648,-0.07519959,0.45996678,0.44673437,0.3330378,-1.2880183,-1.5259105,1.130754,-0.32534397,-0.31567398,-3.7629168,0.29298738,1.6923892,-0.03688822,-0.91324174,1.2989706,0.7906193,-0.9442846,-2.6199675,-1.2160223,-3.355361,0.97644067,2.1202312,-0.67618465
-0.39732677,-1.1543576,0.89119035,-0.34782216,0.9053124,0.6552144,-0.35613838,-0.7276888,-1.231128,0.7270511,-1.1501988,1.5110047,-0.57184386,0.6262522,-1.1487699,-0.50573283,-1.2731725,-1.0665913,-1.5662887,0.81725574,1.0279562,-1.5145569,-0.66485935,-0.38849476,0.079968855,-0.5279299,-0.65308094,0.08092108,-0.710499,0.82168996,0.4961879,0.5085408,-0.5761106,0.28995526,-1.055726,-0.4780654,0.63864577,-0.5066014,0.13424388,-0.31153724,-0.85714185,-0.2180979,-0.42366892,0.3521386,-1.3200041,0.009093195,0.83599734,1.1869273,0.18845426,-0.3005305,-0.4490895,-0.675046,1.9355384,-0.7759028,-1.5530288,-0.4338697,-1.1296302,0.546813,0.98038834,0.86417496,0.86593956,0.43988392,0.19827849,-0.97186434,0.27887106,1.6656351,0.23317686,0.5037255,-0.14938128,-0.039846107,0.6507075,0.4501565,-1.2096364,0.5492345,0.9234925,1.3397864,-0.13777125,-1.2508004,-1.1730126,0.78134525,-0.58909535,-0.324458,-0.13036905,-0.10878578,0.0070432425,-2.7342834,0.48896104,1.313085,0.02165632,-0.48176336,0.23534788,-0.029398628,0.8891288,-0.39987046,1.0320271,0.6943027,-0.39743084,-1.28102,1.049711,-0.5458937,-0.7142582,0.5449344,-0.13178866,-0.7155008,1.039842,0.14224292,-0.9808403,0.45011097,0.94011617,0.3021915,0.15472768,0.4273741,-0.88863254,-0.3195044,0.54694915,-1.0245821,-0.48092592,-0.8286067,1.2308443,0.5646709,0.18139346,1.0884318,-0.70446557,0.39982283,0.6405445,0.59164065,0.68133914,-1.6766281
0.91534305,-0.2701367,1.1418657,-1.5476767,-1.0189892,-0.41380644,1.2977378,0.6326138,-1.1766449,0.03011012,0.10683489,2.1779795,0.5428661,2.1439126,-2.1199355,-0.53190017,0.13261262,1.7086976,3.252829,0.4381793,1.0713793,2.1397605,0.04289359,0.6863886,1.0352223,-0.2515706,1.0701563,1.0138674,-0.16705364,-0.22440648,0.44674534,1.5226367,2.1331656,-0.91296077,2.2701292,-2.0901744,1.4009109,-0.43486524,-1.1903055,-0.050944448,-0.42471683,-0.53621364,0.18304026,-0.19444054,0.34933197,-1.6084569,-1.8523548,-1.0101236,1.2127621,2.4140663,-0.9067924,-0.88217735,-1.61661,0.25208953,-1.3319428,0.69793826,-0.4667765,-2.976214,2.3175728,0.8882733,-2.4111862,0.3070693,-1.0276506,0.64255524,0.79082274,0.36322993,0.49279493,0.83246297,-1.764981,-0.05259709,0.8414508,0.50507545,-0.09872046,-1.2561061,1.9133751,1.5947485,0.7687746,-1.5658262,0.35633898,0.16856107,-0.6121297,-0.10921231,-0.46051905,1.5199051,2.294402,-1.1181664,1.0834223,-2.6332936,0.34775656,-0.9048513,-0.42226297,-4.129036,-0.078211874,-0.07621044,1.9809549,0.49683654,-1.2615062,-1.7537268,1.0531877,0.12674505,-0.21248391,-0.5936704,0.6306433,0.98989964,-0.077729285,-1.3065251,-1.7359042,-0.3340033,0.6947597,0.57251424,0.487736,-0.8882681,-0.2137303,-0.26546678,1.1416248,-0.7009904,-1.6334999,0.2911739,-1.7369475,0.32007596,-0.0105036795,0.9954136,1.0833508,0.10527333,0.45123708,-0.97206056,0.66036975,0.036018103
-0.1613219,2.7349715,-1.3813951,0.8002944,0.4604778,2.1706553,-0.546263,0.16913898,-0.0076619685,0.15578723,0.8899359,-2.8633966,-0.3674921,0.040213227,0.12785386,-1.1534449,1.5540957,-0.86896014,-1.3092694,-1.7234988,-2.6292892,-0.11801531,1.4533175,0.8017044,-1.3336698,-0.75191814,-0.5628996,-3.1114988,1.5721978,-0.7059811,-0.5515425,0.11972478,-0.8696071,2.2757254,0.09049559,2.1062648,-1.305906,-0.82072705,1.2457106,-0.40138096,0.42420697,-0.13375431,-0.5553973,1.7862909,0.14903086,1.9609511,0.66806114,0.3526962,-0.6606512,-2.8362412,0.4817752,-0.8624682,0.20633346,0.10932729,0.79086185,-0.361742,-0.20527387,1.0558547,-2.6491823,-0.51055425,0.5627617,0.4129165,1.6526015,0.745571,-0.31745756,-1.6198943,-1.0417047,-0.9015543,1.4492909,2.172676,0.06575662,-0.55263454,0.020880625,0.15170823,0.768095,-0.06811131,0.36837375,0.7978027,1.2014817,0.4489236,0.349332,-0.072031826,0.6071812,-1.2976605,-0.6926943,0.50826526,-0.057956636,1.3610939,-1.1996893,-1.2598771,-1.1689494,2.8503437,0.61006695,-0.5300231,-0.53351593,1.0363238,0.13477343,0.68186796,-1.5927753,-0.020176202,0.43158543,0.34008044,-0.29845333,1.4082506,-1.9138091,1.0577185,1.3400886,-0.7222973,0.26212397,0.62185043,-1.4712071,-0.23037107,1.5970399,0.32838976,0.81432915,0.3363436,1.0662094,-0.657935,0.8366033,-2.3733277,-1.3993549,0.08189678,1.8124089,0.2490336,1.9670374,-0.66149867,-1.5093122,-0.09943727
1.3552316,-2.6589215,1.0821809,-0.792979,-0.1938831,-3.4280958,-0.28358692,0.06239851,-1.5192841,-0.48347777,-0.7839928,2.6942534,1.3775637,1.7593074,0.5237205,1.4051883,2.0189943,2.1711278,1.3178258,1.1072674,1.7567973,-0.79670835,1.210386,0.96337473,-0.045138687,-0.49054593,0.3703779,0.42098457,-1.6098912,-0.034860753,-0.87790596,0.97449994,1.2402611,-1.3496428,1.2646728,-0.58567256,0.5570296,-0.70327187,-0.33055604,-0.50391644,0.16833112,-0.5421673,1.4765611,-1.8334734,2.4767742,-1.8243941,-0.49135756,0.1569202,0.56637037,2.7953072,-2.062674,0.94064164,-0.24439788,0.105952054,-0.12559181,1.2877797,-0.15718886,-1.5494819,2.237306,1.1199751,-0.28033775,-0.05168456,-0.7311361,0.10479833,1.3115368,0.7303231,-1.8873427,1.531007,-2.1309307,-0.817554,-0.7750223,1.4562578,0.46398532,-0.565868,1.1292385,0.72333395,-0.34380525,0.6072653,-1.0506601,-0.46448717,0.06496912,-0.12750712,-0.9019437,0.8067744,-0.060614854,-1.2623513,0.52346635,-2.2222433,0.5519942,0.36212412,0.44056734,-1.2757214,-1.5706053,0.66953796,-0.8406836,-0.45690092,0.6191174,0.9133347,1.6402066,0.8907076,0.27287656,-0.3873543,1.7651103,0.22734293,-0.46775597,-2.8184643,-2.2129626,-0.64111274,-0.19727251,-0.77088344,-0.11388606,-1.2204636,-1.8018631,-0.097151905,-0.1603852,-0.47256687,-1.4767733,-0.09620483,-2.7240157,1.6897525,0.31495994,-0.44679835,-1.3612652,0.31262973,-2.2952514,-0.6871588,-0.52389467,1.0184886
0.64270484,0.08520341,0.4754373,0.16884968,0.75591135,-0.45540476,-0.447923,0.485404,0.35295308,0.06584105,-0.28903353,1.6054174,-0.028923243,0.12684691,-0.27389055,-0.4645518,-1.0179015,0.433385,-0.5803672,0.72836655,0.7569795,-0.30305874,-0.21533304,-0.38239735,-0.077627674,-0.4170748,1.2156639,0.3374383,-1.4612572,0.9822698,-0.44542122,-0.27893046,-0.4548433,1.2156372,0.50364906,-1.939515,0.3516946,0.16529055,-0.48960745,0.9156059,-0.010944307,-0.50430155,0.7968933,0.21082404,0.3320709,-0.19115405,0.41525754,-0.6361292,-0.6234507,2.2511935,-0.5431914,1.0512688,1.7060131,-0.37735572,-1.3174081,-0.38522166,-0.7100905,0.7750347,1.4294986,1.2989211,-0.13341413,0.111329794,-0.5389185,0.82036966,0.11950815,0.6312971,0.058765292,1.1321237,-1.7237153,-0.19994861,0.781957,0.53400517,0.098975465,0.5381893,0.2686624,1.133476,-0.43273133,-1.2765273,-0.95128,0.60062015,1.4951297,-1.4110668,-1.2954255,0.191239,-0.12280724,-1.0660815,-0.9153318,-0.19204395,0.5545353,-0.32587737,-0.7345548,-1.0060687,-0.1324125,-0.28211436,-1.7938138,1.1129172,-0.32323593,-1.7782705,0.021054514,-0.6992404,-0.43745035,0.23330551,0.30344713,-0.88833725,-0.59731334,0.82252955,-0.93903166,0.49570376,-0.5721036,0.73374546,0.4005384,-0.64670277,-0.97371083,1.3996065,2.024945,-0.5979132,-1.1307616,-0.40405542,1.8705635,-0.3501939,0.1630831,0.75501895,-1.083936,1.0405833,0.22478957,-0.3048783,-1.5629706,-0.82236445
-1.3195732,-1.0219862,-1.0885892,0.802605,0.2316309,-2.434814,-2.4050293,1.579698,0.28509176,1.3484766,-2.1535826,2.3819478,1.9566829,-0.99697196,1.4329454,2.1966681,2.8724034,0.79029346,0.32383084,-0.18286963,1.9562736,-1.263641,0.47845125,1.1483686,0.111219645,-1.9133694,0.1329543,-2.3625746,-0.68733954,1.7659847,-0.9900657,0.1978428,1.1203477,-0.849921,1.2508575,-1.425549,-0.26742595,-1.5582509,-0.8433254,0.6392336,0.18278632,-1.9471345,1.8258661,-0.67519855,2.7426355,-1.6162701,0.07486833,1.2262431,-3.67732,2.9663646,-0.73154503,1.5138968,1.9300574,1.4669049,-0.66091263,-0.31055766,-0.8709235,-0.2814765,1.3581175,1.3862063,1.4102653,3.116254,0.057398528,3.0903592,-0.07755044,1.0767808,-1.310075,1.8311956,-2.6631105,1.1085206,-0.7813602,0.49004072,-0.99732226,-0.7730899,2.102385,0.29964754,-0.369622,1.451179,-1.1360166,-0.6531552,0.44129694,0.6580676,-0.8627253,0.63876045,-1.4721973,0.35817873,-0.39496785,-0.722949,-0.176818,1.1635519,-2.8667307,-1.8675668,0.16370255,-1.0356855,0.19201219,0.030165747,2.0830317,-0.5198374,-1.3243237,-1.1979477,-0.466949,-0.86347955,-1.185427,-0.30560398,-0.91696846,-0.04781352,-0.6635032,-1.5781927,1.418529,-1.9036305,-0.9511314,0.8392259,-1.0181484,-0.09191629,0.7196994,1.164202,-3.0423722,-0.6909052,1.2974265,-2.7300339,0.4647439,-1.0521628,-3.6435366,3.0552454,-1.4225651,-1.1831888,-0.22053705,-1.0998417
-0.09781478,-2.8598166,-0.9356123,-0.12895004,-0.8124568,-2.530166,1.0130035,-0.5868857,-0.75644666,-1.8473053,0.023018688,-1.1982071,-0.70431167,1.5208784,-0.52771175,2.15517,-2.434904,-2.678082,-0.8514043,0.05480382,2.785468,-0.76461434,-0.030648828,-0.25211167,1.4261261,-0.34929988,-0.6259749,4.0200787,1.7291341,-0.5865899,-0.5887662,-0.22298242,-0.79374063,-1.162267,-2.7902033,1.285442,0.70809835,0.9159577,-0.20001006,0.81644875,0.028186377,1.4837046,2.2395942,-1.761852,0.5273525,0.44687593,-1.5936466,-0.023027956,1.8783038,-2.085704,-0.7546853,-0.028038621,0.40814942,-1.179261,2.3667607,0.67460954,0.98416495,0.1256299,1.9458051,-0.9852585,1.5131481,0.16787939,-0.058987975,-4.676898,0.38024846,-0.4153669,-1.2624292,-1.191829,1.086872,-2.11822,-0.21952923,-0.8464822,-1.3319621,0.5342243,-3.8423216,-0.7879584,-0.8056742,1.125974,-2.4534597,-0.06202221,-0.96601045,0.7853175,1.7536874,-0.03335181,1.5222163,-0.24248499,-2.1602218,-1.4780099,0.7513094,2.8565617,4.631609,2.922178,0.6303168,0.5418298,0.18605042,0.15157965,0.5182855,4.415604,2.0814435,2.8443305,1.3337712,0.41536245,0.5294008,-0.7567061,0.5094614,-1.3089799,-0.62551236,-0.49418315,0.31516942,-0.7639977,-0.21639001,0.028033316,-1.3140795,-0.7697772,-4.3805156,-0.89406526,2.8819518,1.1500859,-2.998268,2.0844676,0.40745053,-0.65963733,-1.583374,-2.0061758,-2.8712351,-0.19672799,2.9226942,1.6187991
1.5972576,1.1967156,0.14004815,0.49090412,-0.24806416,1.8321693,0.3887022,-0.7337598,-0.020792186,0.64306265,2.1879678,-0.12956797,0.20715606,0.78763217,-1.435782,-2.3862424,0.8461365,2.2531626,0.972505,-0.19688606,-2.1109285,2.2674541,1.0528512,-0.35687152,-1.0446165,0.7068844,1.212225,-1.7426867,0.2717669,-0.8509021,0.8017456,0.10719114,0.7690491,0.6306133,2.340837,-0.7369836,0.4891847,-0.71277225,-0.089137405,0.8296309,0.8437439,0.9041883,-0.7084998,-0.29723164,-0.1776173,-1.7973046,0.11436194,-1.6476228,0.8941875,0.7921935,0.5397495,-1.0322866,-1.6768306,-0.6905419,0.022853434,0.60669297,-1.4382724,-1.0146908,-1.0943159,-1.3659835,-1.8714612,-0.02112566,-1.7024907,1.3865035,0.7664781,-0.4048136,0.7532058,-1.0632768,-0.8107841,1.5525956,0.266177,0.017172456,0.16608104,-1.5854923,2.574459,-1.2436686,0.70759726,0.8046862,1.093508,-1.4244941,-0.39453414,0.47886097,0.8073821,1.3837961,0.3319469,0.45954153,0.7661475,-1.077311,0.61113656,-2.5908391,-1.106239,-1.5682093,0.7551255,-0.41005793,0.1875093,-0.41171765,-1.6580861,-1.6732211,-1.1966364,0.010955498,-1.1657794,0.26017267,0.77502674,0.13230428,-0.46251866,-0.8041719,-0.46671605,-0.5200777,-1.7033827,1.0158616,0.698208,-0.2711034,0.9037595,0.18927035,1.1473469,-1.1917995,0.539705,0.39001817,-1.2067816,-0.087765425,0.5023599,0.69848406,3.5080733,-0.5157016,2.0261793,0.75133646,-0.6847485,0.36481962
0.6957239,-0.7237318,0.036627844,0.07149035,-0.45405698,-2.8641505,1.0727227,-0.106320865,0.032555073,-1.4905792,1.6783931,1.3206892,0.35570368,0.832269,-0.87608945,-0.30680978,-0.12083858,2.111775,1.9190984,0.48957348,1.6454645,0.9516703,0.5019634,0.61305773,1.2190545,-0.34503353,0.88145816,2.2392304,-1.274491,-1.8849287,0.107662626,0.35746765,1.4239401,-1.905374,0.15657264,-2.5078137,2.9697082,0.025518231,-1.0681736,1.0144104,-0.19200227,0.24966076,0.2543566,-0.47254986,1.6215241,-2.0789735,-2.97915,0.273987,1.9799464,1.5079246,-0.5236821,-0.83582544,-0.63681686,0.0842939,-0.30066273,2.4354877,-0.23235083,-2.1454809,1.2511537,0.47730702,-2.046166,0.8728156,-1.3822538,-0.6111604,0.34152034,0.68615973,-0.07166082,1.0737563,-0.51928496,-0.57324076,-1.2521746,0.6288079,0.09951162,0.15462902,0.08587928,0.619561,-0.5682682,-0.42702413,-1.290565,-0.40549058,-0.60296047,0.8163756,2.2170382,1.5872879,-0.05581051,-1.1804483,1.1305645,-2.27002,-1.1959323,2.3376853,2.7880006,-1.5844271,-0.15184718,0.2861348,-0.83134127,0.2762977,0.14858639,-1.6542363,0.6829205,1.4118531,1.0477116,0.29325622,2.0723338,-0.8751041,0.07826948,-0.40063322,-1.7086883,0.5423709,-1.9941707,-0.21145916,0.90336305,-0.24091583,0.08897384,0.28711957,0.026905954,-2.2624848,-0.3946396,-0.19964072,-1.6173127,2.0547705,-0.89347935,0.6448287,-0.81640005,0.2672344,-0.31742993,-0.89568794,0.7579963,0.39661148
0.3161593,2.0985494,-0.5281594,0.112659365,-0.21739087,3.1393716,1.3678901,-0.8638978,0.8860234,-0.49702302,0.4418956,-2.196362,0.15510201,0.5364081,-0.6930095,-0.29079118,0.34973082,-1.1044655,0.6521722,-0.20667355,-3.0754466,1.1986234,0.11844497,-0.09286845,-1.2335092,-0.18512863,-0.8318697,-0.35391942,1.3247837,-1.4987471,-0.43636286,0.52638245,-0.42182612,1.5536518,0.17143404,2.970975,-2.1787014,-0.30019647,1.0010383,-0.8653698,0.85782784,0.67540014,-1.0976489,0.02885966,-1.369981,1.0105473,0.86448145,-0.42905265,2.599575,-3.6724095,1.3217742,0.90305454,-0.84856915,-0.95902526,1.5280619,-0.22008736,-0.13247162,0.0045892,-1.681244,-1.3762233,-0.54835564,0.21289349,1.4978704,-2.325859,-1.0563773,-1.3536456,-0.37886316,-1.5591671,2.5602312,-0.0005173087,0.5526718,-0.3717653,0.64078295,-0.85454494,0.24365726,-0.41488922,1.3545277,1.2902336,0.8078503,0.015091062,0.14095742,-0.32244837,-0.2318342,-1.072275,1.1639502,0.3596998,0.7090931,0.14086825,-1.313927,-1.1774851,0.030486986,2.0979073,0.34926915,-0.093477294,0.37053156,0.25505626,-0.7476271,0.96587616,-0.34894696,-0.37901706,-0.7095428,-0.075049445,1.5926884,1.4953003,-0.6519108,0.43982434,0.96478295,-1.0602746,0.07946041,0.42004228,-0.5557964,-0.68450546,0.67981136,-0.28506914,-0.88367903,0.30934608,1.588983,0.7544391,-1.2719691,-0.338403,-1.3397824,1.0591594,2.4304116,-2.1861362,1.2692771,0.5860383,0.040269375,0.60068846
0.7512272,0.38463584,0.5233697,-0.022291481,-0.10388073,0.46488976,2.246496,-0.06994054,-1.2419248,0.294767,0.19139075,-0.40401158,-0.39484167,1.5819528,-1.0612528,-0.265046,1.1448951,0.43108916,-0.16226599,0.171179,-2.0849552,1.1860683,-0.7159831,1.4887234,-0.38526577,-0.32672957,-0.38062355,-0.7040683,0.043450356,-0.23461771,-0.0854587,0.19519214,-0.1297141,-0.9709883,0.5048774,1.2810196,0.16898753,-0.86359954,0.90177006,-1.623806,0.77053446,0.9290395,-0.8685696,-0.6608565,0.13357112,-1.1843448,-0.892916,0.30459392,0.94800013,0.6955682,0.39909405,-0.8095037,-0.74213785,-0.7362287,0.9050069,1.5789294,-1.1286876,-0.8553232,-1.0728194,-0.8369751,0.010199249,-0.6475335,0.46256176,0.28523213,-0.90310204,1.4101942,-0.52667296,0.8473841,-0.4693793,1.2859027,0.3345785,-0.15307426,0.34510085,0.46425247,1.5486145,0.47659165,-0.22533636,1.1656239,1.0332432,-0.22998948,0.86541545,-0.23640102,-0.17325154,-0.9987633,1.1263154,-0.9794766,-0.10206193,-0.95979846,-0.62813133,-1.5347865,-0.516564,-0.5549067,-0.57113314,-0.04942918,-1.3620901,0.24258672,-0.5135992,-1.0499301,-1.2337623,-0.4629892,0.71281177,-0.47526854,1.1990032,0.047307447,-0.4184644,-1.9888573,-0.5696524,-0.24710393,-1.0202618,0.84987456,0.6335019,0.92486066,-0.31506917,1.0250511,1.8706701,-0.13881782,-0.21187735,0.7466722,-1.9612956,0.6499404,-0.7714361,1.4603136,1.1871251,-0.8600758,2.0724401,0.19046508,-1.211704,1.2639549
-1.2140001,-1.2661287,0.78917885,-0.34275082,-0.29733706,-2.2863994,0.25966057,0.85554314,-1.4667871,-0.90788317,-0.12838668,1.5294727,-1.335243,0.5952251,-0.75657296,-0.79391557,0.69527656,0.36567643,-0.050422847,0.9082384,1.5197465,0.43810079,0.22235054,0.13052237,0.36715448,1.0866534,1.020573,1.2828864,-1.2771697,-1.0407133,1.3486428,0.95656395,0.7242452,-1.7205238,-0.11994517,-1.429291,2.1306524,0.0020105392,-0.8692671,-1.0979259,-0.8866021,-0.6434649,0.056605726,1.4279695,0.39950144,0.49433187,-1.2553215,0.61428684,-0.36120176,1.9260952,-1.0392731,-1.3274736,0.25369835,0.49736568,-1.1217499,-0.18093312,0.6027869,-0.7745381,0.45685545,0.9748761,-0.08355838,-0.99623454,0.7041173,1.0098965,0.12545386,0.33626425,0.66693497,1.7438331,-0.6514237,-1.0606104,0.44399163,-0.66647345,0.73621845,0.7281203,-1.7364845,1.1432209,-0.9099454,-1.7371557,-1.3120989,1.9277692,0.49147862,-0.44050294,0.022586048,1.1395177,0.5910188,-1.5740522,-0.07978773,-0.8368792,1.2701485,0.66737,0.30448508,-0.802051,-1.3734343,0.24555436,0.35266164,0.49947864,0.2810935,-0.7227625,0.12627363,-0.18662435,0.6341139,-0.46755064,0.9796673,0.933946,-0.17208338,-0.93585485,-0.9298663,1.1975211,0.44047645,0.7646299,1.5182092,0.59918976,-1.7095785,-0.76443124,0.9383372,0.042742208,-0.49068418,-0.13628495,0.13855201,0.70781165,0.40114066,-0.758668,-0.51175296,1.0901634,1.2238522,-0.13987333,0.36868602,-0.726157
1.448911,-0.6679935,0.15358177,-0.7213795,0.16764313,0.73369616,0.21780844,-0.11344582,0.14129382,-1.2152526,-0.31626692,0.3308616,0.58375543,0.3194477,-0.26377904,0.5676402,-0.39980823,0.25660217,1.3170424,0.5311691,0.7109563,0.7913989,-0.70801586,0.799891,-0.1313617,-0.38733476,0.1189774,1.8025651,-0.79764,-0.79318726,-0.037989393,-0.23716502,1.1967037,-0.5001482,1.042835,0.10355082,-0.87622756,0.04679197,-0.15375401,-0.4865157,-0.16350238,0.04421422,-0.59652215,-0.49347466,-1.0069668,-0.9967444,-0.21197236,0.71688515,2.295885,0.1891358,0.7828274,1.0021584,0.25741422,-0.54991,-0.42485029,0.71617293,-0.045507416,-1.1109151,0.9693365,0.8744119,-1.1284289,0.3488477,-0.07027151,-1.8692555,-0.52730626,1.4667304,-0.27405345,-0.77071583,0.60024077,-1.1382947,-0.52081645,0.2923849,-0.31551808,0.7796253,-0.19991906,0.45878297,0.95075417,-0.06115438,0.5134589,0.09443298,-0.4624264,-0.46237504,-1.2540313,-0.51487076,1.6493225,-0.6793504,0.3156803,-0.93539834,-0.56391895,0.2849578,0.30196947,-0.7527268,-0.3231281,0.70951086,-0.268505,-0.035696745,-0.4817025,-0.51450634,1.126174,-0.7577393,-0.7708828,-0.15348709,0.93823516,-0.94133925,0.33460772,-0.38663772,-0.38483617,-0.64264643,0.7833191,-0.40121844,-0.06648299,-1.1876123,-0.7481446,0.32568198,-0.54229,-1.8675442,-0.37811103,1.0677954,-0.98311484,0.9433669,0.07254526,0.6700245,-0.3356248,-0.96831053,-0.4842568,-0.24014191,-0.44687316,1.162935
0.30695918,-0.69602185,-1.1036081,-0.6939004,1.201884,-0.5222566,-0.4503793,-0.6387851,0.49060923,0.3851631,-1.1117485,1.7893493,0.9629747,-0.85793716,0.24710685,-0.37538368,-0.9316915,0.35283735,0.36043397,0.5071344,1.4130929,0.8016378,0.14222276,-0.1847384,0.48497945,-0.41663176,-0.44591615,0.6563337,-1.0332572,-0.42139682,0.20373341,0.5372671,0.18524024,-0.62779355,-0.622551,-1.9780276,-0.117497146,-0.01793015,-0.7748357,0.26607963,-1.357785,-0.018170964,-0.38436848,0.112316504,-0.9572083,-0.8927874,0.78768575,-0.21626635,1.9901128,0.8250253,0.46340865,0.47832775,0.36771667,0.42089063,-0.39267278,0.54817003,-0.47361994,-0.85440296,2.040091,1.2664485,0.0005627228,-0.15714154,-0.89608186,-0.5998578,0.93899596,0.66337705,0.854317,0.21688253,-0.58060646,-0.35568362,-0.02401951,0.10391889,-0.6678222,1.0935104,-0.017362915,0.61878973,0.10657138,-0.30647904,-0.022185266,0.4157705,-0.047377914,-0.7046545,-1.1162536,0.7425264,0.46502164,-0.61392856,0.70525795,0.26263303,-0.3140321,1.2993618,0.2265821,-1.0607991,0.40682238,0.52017117,0.8034251,0.15996125,-0.15439425,-0.4289914,0.7013591,-0.88072455,-0.26031247,-0.2773395,-1.1491807,-1.308107,1.5539966,0.3307197,-1.1920956,-0.748781,-0.5771175,-1.3407862,0.5439473,0.16191703,-0.42476517,0.7171785,-0.6805729,-0.552752,-0.988804,1.3287084,0.07388049,0.8235789,1.138367,-0.2897775,-1.5706809,-0.4763903,-0.31504333,-0.039295975,1.2025802,-0.22238249
1.2293577,3.2318563,0.1000773,-0.9259104,0.63817376,4.6542406,-0.62409514,-1.12015,1.5977266,0.5488515,-1.0230675,-1.4713213,-0.030235648,0.48702252,0.007979237,-0.25377727,-1.8229342,-1.2471216,-0.20925465,-0.086866915,-2.0461073,1.299981,0.07207635,0.26160404,-0.26343617,-0.37349576,-0.7574444,-0.17656878,-0.3262363,0.0440083,0.3466096,-0.39455384,-0.31367642,2.7135034,0.23966625,2.258866,-2.6563883,-0.2659159,-0.26459813,-1.111434,0.03642766,0.3082775,-0.52362144,0.15434338,-2.7185745,1.6752863,1.3438995,1.7980382,3.0524487,-3.49417,0.81602997,-0.06902439,1.321502,-1.3314555,-0.5601309,-1.3529785,-0.86535156,0.7829745,-0.7600568,-0.2244016,0.633575,0.81529045,0.77520955,-1.912293,-0.8179962,0.0695802,0.38807943,-0.6726291,2.5839467,-0.34096488,0.56768805,-0.13957092,-0.49180847,1.4334502,0.50570333,0.43330863,0.6257505,0.5053839,1.2630053,0.90387994,0.7286922,-0.3665717,-0.46095926,-1.4666324,0.6380783,-0.41292125,-0.86734366,1.450418,-1.0397489,-0.8038213,-1.0147843,0.6548484,0.67650104,-0.6700889,0.6184121,0.71643174,0.093737885,-1.7346761,-0.21107638,-2.0287275,-1.9356253,-0.6093865,-0.25691527,-0.8120913,-0.33958805,0.8583386,1.0653583,-0.2053796,-0.2280632,0.99862504,-1.1445577,-1.3201854,0.8389712,0.8275872,0.19254005,-1.3637017,0.8661941,0.69606906,2.3145037,0.31420237,-0.52010036,0.68137085,0.51572657,-0.84817684,2.1037703,0.2170866,-0.35903686,-0.8572852
-1.174499,-3.312265,-0.4966893,0.20920783,-0.35680386,-3.3075686,1.0082769,1.2323794,-1.3426065,-1.8971024,-0.5488911,0.57560146,0.2275562,0.3683295,-0.2217511,2.600012,0.29516903,0.4395432,0.823735,0.43020806,1.9335476,-1.4768298,0.20497662,0.86551124,1.4572592,-0.34315208,-0.1986008,2.9068928,0.26140296,-1.4504577,-1.3063897,0.90877897,-0.40082037,-3.6947253,-1.5213463,0.16275236,-0.8852729,-1.0258487,1.3163593,0.76479983,0.029924655,-0.34979367,1.5480245,-2.5010567,1.6541152,-1.3559914,-0.71191955,0.3978674,1.1441318,0.59074205,1.0002785,1.3214709,-1.522714,-0.5737472,2.9912739,1.510963,0.30536604,-1.8675189,1.7184262,0.729008,0.43842027,0.89025736,0.3495558,-2.4361422,0.00962913,-0.043135226,-1.9136379,-0.7853631,0.036771692,-1.6354289,-0.8902638,0.4128654,0.5495558,-0.51869226,-2.9982188,0.13895302,-1.263964,0.95106024,-2.411534,0.5625274,-0.020760775,-0.54400575,1.2760093,0.079442054,2.1247065,-0.39369673,0.054402236,-2.0178924,1.259177,1.6388623,3.1183362,2.5040503,-0.50651485,1.1175965,0.5882525,-0.7938982,0.095768094,3.096924,1.351067,1.5713658,0.5792594,-0.9675527,1.9495829,0.6201071,1.3409878,-0.073148414,-0.2698739,-1.3421521,0.34346515,-2.1643105,-0.7999402,0.35464942,-1.762711,-1.352421,-3.5711403,0.65571487,-0.6646433,-0.27724087,-4.5807767,2.1069198,-0.07695803,-0.3913274,-1.544455,-0.66431224,-2.5845163,-0.0938147,1.9032216,2.4129152
1.1441944,1.8516376,1.3963838,1.2199358,0.81536126,3.6919873,1.0679533,-0.60109913,-0.13397947,1.0152018,-0.2944773,-0.053658545,-0.48715514,0.5392083,-1.2449708,0.3608184,0.40870377,-0.24858502,-0.62155676,1.8307669,-4.154112,-0.87879515,0.641319,-1.7919483,-3.3233347,0.7597004,-1.4594471,-2.8205361,1.8601615,-0.25293654,0.025281727,0.22497627,-2.335137,1.5359224,1.3781618,1.0801556,-1.1650624,-0.84254724,1.7559505,0.38400576,2.5059195,0.76113427,-1.6127492,0.853879,-0.08786172,0.19272222,2.5269606,-3.3057427,-0.36034375,-1.0774162,1.8921148,0.9238179,-0.41553253,-2.4256709,-0.24498305,-0.9765055,-1.6881117,0.860198,-2.8787186,-1.0669833,-1.0645376,-2.551923,-0.61341804,0.64810014,-0.24251974,-1.4832813,-0.63695025,-0.009891689,-0.51076365,0.15370369,0.623129,0.09429306,-1.1432966,-1.8097813,3.2221081,-0.4787515,0.9149767,-0.14170502,1.7113385,-1.743572,-0.006198233,0.6365768,0.429578,1.0204769,0.50072634,0.28826362,0.2625222,0.01206629,0.10296555,-2.727444,-2.147575,1.0684223,1.426724,-2.5006402,0.06175846,0.5921236,-1.1476995,0.6450495,0.40485454,-0.20067231,-0.23864716,0.2583245,1.6978666,0.32853657,-1.1746721,0.055201612,0.7218076,0.15925235,-2.5187297,0.055472374,-1.1158704,0.5541029,0.36187088,1.4360499,1.4146409,2.0893843,0.24852595,-0.03078027,-0.8439801,-1.701853,-0.6633582,0.2505844,2.3305058,-0.47059155,2.8652997,1.9271967,-1.9578875,-1.3981495
0.6565643,2.7245135,-1.1045841,0.80499643,0.5500103,4.0885677,-1.4146727,-1.0816702,0.33221442,1.3435879,0.810356,-2.886512,0.5542901,-0.7472434,0.37657756,0.3588242,0.817962,-0.12099055,-0.9501673,-1.3521739,-2.5202255,0.34327784,0.9928951,1.2940041,-1.3447657,0.10182071,0.50063014,-2.6093106,1.7406065,-0.74321324,-1.2386633,1.04908,-0.43154418,3.1288567,1.0318614,2.3569844,-1.8682778,-0.74277824,1.7055261,0.46851173,1.1034682,0.6602117,-0.89666295,0.24179296,-2.3747554,-0.13503565,2.0850563,0.0171986,1.2263356,-3.9964814,2.2897446,-0.29951274,-0.028606176,-1.1829947,1.5761305,0.19310841,-0.17391491,1.3573519,-2.6620238,-0.1434109,-0.05205822,0.949073,1.7217494,-0.86355007,-0.7263273,-1.3237911,-1.3704422,-1.7131582,1.8972958,1.2863991,-0.6248673,-0.2694637,-0.3490774,-0.96997017,0.83261514,-1.4994156,1.1400312,1.5931419,1.85249,-0.022064,0.67511433,-1.0643319,-0.57667065,-1.4251921,-0.7863878,1.1877904,-0.49684113,0.60503155,-1.7265525,-2.2326534,-1.3227351,2.279004,0.5415421,-0.28204173,-0.94151443,0.0729,-0.2457044,0.114614636,-1.6415439,-0.24129027,-1.4685807,-0.53514594,-0.18881857,0.6985258,-1.919261,0.74459,1.9133928,-1.6626835,1.1971927,1.1946324,-0.74971807,-0.8040365,1.6029187,0.3658758,-0.72635835,-1.1559559,2.0561066,0.80185926,0.60183114,-1.0969579,-0.8347528,1.1373703,2.391034,-1.015124,1.041754,0.06742638,-1.4167482,0.7410529
0.35211244,-0.19391042,1.8431587,1.4855301,-1.413504,-1.1423969,0.10631049,-0.36282134,0.5595061,0.2574533,-1.1407632,2.456438,3.1745124,-1.635881,2.088814,1.9652839,1.6485003,2.140082,1.3721505,0.45263478,1.2555858,-1.2937483,-2.2275498,-0.88541555,-0.18955615,-0.5557766,1.4647094,-1.5543659,-0.4071653,1.7376342,-0.61006093,-1.1015651,0.7148501,-0.52583456,4.2956758,-3.1933131,1.429719,-0.24978693,-1.8895682,1.0628268,2.1042159,0.074376315,-0.39277753,-1.0606825,-0.40945512,-2.942374,0.0700199,-0.7656596,-3.2422426,4.644455,-1.0738965,0.7371206,-0.3234738,0.3383938,-0.97796047,-0.44600117,-1.6508174,-1.3519983,0.9581822,0.6354225,-1.2363385,1.9976879,-0.33367252,1.7456574,0.06420004,1.4937621,-1.30094,1.2741532,-2.0216627,1.982291,-0.30688417,1.0047189,-1.7686156,-3.2872453,3.1452665,-1.3736483,-0.8633013,1.4276398,1.5136275,-1.1555076,0.37464514,0.32064223,-1.483706,1.9070997,-2.225909,2.7978115,-1.1820383,-1.3824077,0.9528917,-0.05590856,-4.277959,-4.445716,-0.41621625,-1.3853683,0.45024252,-1.024077,0.29535842,-2.4236424,-0.88787526,-2.2432432,-1.0765736,0.3105741,-0.8614043,-1.9042675,-1.4329426,0.3785561,0.333677,0.39561915,1.3147035,0.27197415,2.626402,1.2420601,-2.20432,0.74981356,0.8303622,0.15987277,-0.8965161,-1.4937655,2.2748864,-3.2136242,1.8339108,0.08271676,0.08233677,2.29815,-0.65650314,-0.7681386,-0.64191484,-0.8560122
-1.6839054,0.90499014,-1.0231766,1.2202874,0.37380493,0.20981365,-1.296305,0.72330564,-0.3391007,0.6262181,0.8596323,-1.0869339,-1.087872,-0.2735986,0.0067967474,-1.5988257,1.4261882,-0.56864876,-2.228489,-1.2755384,-1.907284,-0.13862708,1.1360773,-0.42221415,-0.31076413,-0.56090987,0.5098217,-2.0933208,1.0175736,0.17862931,0.32787013,-0.4928818,-0.7681848,1.5600026,-0.90924186,0.51567554,-0.021973789,-0.4064765,0.88389885,-0.18691862,-0.12610766,-0.69050044,0.09182191,1.4758761,1.371098,1.953558,0.22671062,-0.2889876,-2.4745007,-0.76515967,-0.6544863,-0.8053327,0.4715577,-0.37225854,0.27746254,-0.5273014,0.42986727,0.82284784,-2.5360904,-0.78101444,0.618477,0.45003957,1.1171069,2.5809748,-0.46441227,-0.32415217,0.5824692,-0.20505361,0.28303677,1.0830084,-0.11211564,-0.553105,0.42417666,-0.07025827,-0.6999287,-0.39434424,-0.5329295,0.29940763,-0.26398927,0.26457882,0.11664206,0.9665753,1.5878808,0.199429,-0.97840536,0.2619666,-0.17070657,1.7622285,0.5890453,-0.7401008,-0.42122597,2.2623463,-0.033582732,-0.77811533,-0.35215947,1.2104429,-0.014017709,0.68524384,-1.5227466,0.09606883,0.2469038,0.8723999,-1.3457445,1.3106382,-0.9289255,0.6411752,0.5564949,0.20279893,0.34398443,1.0619651,-0.59653574,0.073810525,0.4362203,0.79636854,1.3801341,0.8940135,0.787564,-1.6250665,1.1021569,-2.0901985,-0.36904284,-0.8039088,0.8361411,1.4103539,2.069318,-0.9953354,-1.021307,-1.4046055
0.78154755,0.8016988,-0.8654472,-0.25015157,-0.66799206,1.6400957,0.5401305,-1.1982507,0.44573164,0.034744766,-0.6061142,-1.0041254,0.6667554,-0.3595429,0.34297138,-0.29431796,-0.43322492,-2.8702836,-0.04322189,0.25871035,0.32759947,1.1842253,-0.15945384,-0.0007648319,-0.9812646,-0.19630216,-0.523003,0.26476365,-0.46036017,-0.29451907,0.5402113,0.22320333,-0.19920237,0.63190436,-0.92972636,1.012095,-0.4762192,0.04832565,0.28291798,-0.5428464,-0.30347556,1.017745,-1.5757198,-0.11145956,-2.2017026,0.2766835,0.70724505,0.75996643,1.5742059,-2.3103395,0.3280464,0.32353023,0.99962276,0.90862924,-0.021977797,-0.28994322,-0.5134541,0.97319484,-0.0672034,0.7728946,0.90795684,0.4361598,1.2176101,-1.809977,-0.65456605,0.3374371,0.79524636,-0.59792995,1.8620615,-0.12138389,-0.6443346,0.32794243,-0.36714536,1.5123405,0.16802615,0.4747263,0.9990183,0.743684,1.2347941,1.3443592,-0.48153338,0.30371153,-1.0209992,-1.07614,-0.5850154,-0.1881803,0.90736777,1.9824928,-1.3424516,1.0659254,-0.44997263,1.271712,-0.82809484,0.1316569,0.26514813,0.5228913,-0.14215103,-0.41813037,-0.5534782,-0.85635984,-0.3363104,0.28734878,0.24294859,-0.23387334,0.29467458,1.1687733,0.76352125,-0.61595535,-0.23542605,0.15276635,0.54278564,-0.54735297,1.1478796,0.8629664,-0.50973487,-1.4171093,0.8563937,0.31496078,1.9590908,0.01643096,-0.67836136,0.37120962,0.2086845,-1.3476937,0.31371307,0.13380693,-0.47417223,-0.629321
-1.221598,2.0863788,-1.5546196,0.5792947,0.92795897,1.4748946,-0.93118155,0.2967057,-0.40998724,0.99090624,0.9659883,-2.4260635,-0.51776123,-0.06485689,-0.49680516,-1.9182526,1.1954548,-0.7823421,-2.0395827,-1.5595188,-2.104932,-0.013356671,1.1561172,0.47762012,-0.51928914,-0.7072851,0.08311548,-2.349234,1.0958315,-0.4580981,-0.72863567,-0.0698949,0.40851405,2.3463004,-0.4589162,1.8217268,-0.7847081,-1.262867,1.2541492,-0.22656795,-0.46173972,-0.21105248,-0.36201644,1.8188506,0.33551207,2.3806558,0.5914245,0.121516004,-0.94091356,-2.3918583,0.082775146,-1.3682954,0.37885076,-0.19696848,0.36993802,-0.4731328,0.060489893,1.1557436,-2.5201359,-0.43404523,1.0403664,0.8171439,1.8546636,1.2087181,-0.40009463,-1.0493307,0.72277963,-0.96335405,1.6675478,2.335822,0.65439004,-0.86324835,0.047490492,0.5872239,-0.046987146,-0.42877495,0.014122069,-0.049486816,0.14918989,0.90421784,0.83559597,-0.07293637,0.93919086,-0.7706408,-0.86315626,0.21001911,-0.08204606,2.1952746,-0.45653778,-1.361475,-0.7124013,3.0267358,0.18476471,-0.1778278,-0.532313,1.3093027,-0.1271205,0.97146815,-1.590024,-0.07430568,0.12103374,0.30766967,-1.1428851,1.2549237,-1.5977175,0.9586198,0.9801771,-0.78702414,1.0274863,1.0372753,-0.6396447,0.019972846,0.9836077,0.57171226,0.9811246,0.11289923,1.3581228,-0.61523557,1.3705465,-2.6941311,-0.58546484,-0.4071027,1.3017764,0.41013095,2.3451674,-0.90611255,-1.388077,-0.60800695
-1.1932328,1.8005936,-0.9895468,-0.23242387,1.5075374,2.5039425,-0.8152247,-0.14831391,-0.3746682,0.86242425,0.89047,-2.2623367,-1.2789667,-0.00070798397,0.5526891,-1.8691083,0.821177,-0.5681538,-2.4597507,-1.2391458,-2.6937597,0.7089756,0.76759505,0.4383917,-0.8562723,-1.0944111,0.20081455,-2.5989547,0.3074646,0.96099186,0.06265338,-1.3570645,-0.2394432,2.7343872,-0.3839166,0.49226293,-0.70837927,-0.3468974,1.413308,-0.67938614,-0.30498323,0.029982004,-1.3681443,2.183415,-0.3606376,2.5219364,0.66287297,0.45717585,-1.0780203,-1.2762294,0.08922735,-1.5299188,1.7405281,-0.8591005,-1.2845068,-0.2651266,-0.14182621,1.1304773,-1.9981217,-1.0580071,0.38469222,0.3965515,1.0734855,1.9154441,-0.969516,0.67811453,0.09644708,-0.33260417,0.69601136,1.449373,-0.10180122,-1.3699443,-0.4716084,1.1774826,1.0709711,-0.1740015,0.11405635,0.002865523,2.1845543,0.47181004,0.57418156,0.5047623,-0.08737625,-1.1830662,-1.3667792,-0.3858028,0.5227399,2.6823602,-1.1786464,-1.739084,-1.1266277,2.0115447,-0.1195761,-0.18309215,-0.44958293,1.0248548,0.26937222,-1.187399,-1.6337261,-0.22581235,0.08277605,1.3329202,-2.153305,-0.1513066,-0.5953847,0.50955,1.272366,0.58245194,0.28260344,1.5962877,-0.6387628,0.5906912,0.8139409,1.0640097,2.2541265,-0.09724833,0.68632865,-1.191803,2.5816422,-1.560118,0.18323693,0.67748713,1.0324409,0.30831233,2.695662,-0.48676986,-0.8860462,-1.7102289
0.78486145,-1.0901309,1.4447083,0.1826928,-1.7988318,-3.1139212,1.8454556,2.2847886,-0.70289266,-0.10629544,1.3527188,1.2517207,1.948163,1.0454926,-1.6150224,1.8580201,0.85525846,1.1713841,1.3205408,0.8557186,1.362436,0.24319069,-0.8051392,0.5361221,1.1139381,1.882095,1.4201105,1.8534024,-1.6851425,-1.5334597,-1.0691241,1.1304438,4.403283,-2.164027,1.9177055,-0.5474587,1.573836,0.2885945,-1.9295806,0.5845765,0.40512514,-0.98166716,0.38223678,-2.0625033,0.31567827,-1.568162,-2.9390483,-0.55748606,1.0414203,2.76205,-1.3885427,-0.28468975,-1.3576882,-1.1490638,-0.6753163,1.2873725,1.2573893,-2.9113588,1.0208051,0.25899693,-1.7970984,-0.6095423,-0.3289195,1.846173,0.591456,-2.7658873,-0.041188233,0.7665039,-1.8294824,-0.89041466,0.51562965,-0.18986845,1.0197217,-0.40605804,-0.7944054,1.4915874,0.60591435,-0.19989297,-1.0241561,0.73696506,-1.0980698,-0.08854614,0.6442108,1.1668527,1.1323422,0.15981138,0.09622023,-3.3222868,1.0274482,1.3916398,0.9955416,-3.465561,-1.4127023,0.799878,-0.27563104,-0.4198622,0.072476774,-0.088730514,2.4660912,0.56799406,0.06426091,0.9926123,1.3705716,1.7939022,-0.9063571,-1.8239479,-0.1443604,0.55766517,-0.60770386,0.49663708,0.019813508,-2.1879463,-0.37753934,-0.27059203,0.4221578,-0.34163368,-1.5164591,-0.8993692,-3.1509557,0.8339373,0.7354206,-1.0232933,0.4899608,1.5141047,0.16291586,-0.2446349,-1.1298444,1.1554248
-0.8325784,0.8791971,-0.12643358,0.2846812,0.23342934,1.5453267,-0.78347975,-0.6230927,-0.07978368,-0.5144754,-2.0898175,-0.42930508,-0.021253854,-0.6371787,0.8341148,-1.3187108,-0.32267883,-1.2490902,-2.0963788,-0.4823204,0.0113208,0.060011648,-0.107159,-0.7231685,0.013576269,-0.74576443,0.11469197,-0.642909,-0.7949611,0.54652727,1.1065761,-0.58820957,0.28312534,0.7286475,-0.07434051,0.64526,0.0036734864,-0.7080343,0.7709243,-0.9925037,-0.29433078,-0.16058253,-0.12860507,1.1835687,-0.83009744,0.9988755,0.4042794,1.5412265,-0.44028425,-0.862724,-0.92099917,0.1932264,2.100014,0.018304467,-0.4700038,-0.89902604,-0.008198548,1.5220242,-1.3914301,0.328501,1.2231884,-0.27098626,1.252057,0.40476978,-1.1996456,0.91219056,1.0711135,0.21061853,1.1873556,-0.41296038,-0.07456828,-0.67182195,-0.57672596,0.7088561,0.16930048,0.7901207,-0.40229735,0.7222781,-0.6685422,0.37974632,-0.07970184,-0.07180537,-0.26759762,-0.506022,-0.6191729,-0.48717183,-0.044659853,2.5491872,0.45074368,-0.72839195,-1.2217116,2.0260055,0.11711311,-0.9476584,0.146207,0.45230892,-0.7779932,-0.1747487,-1.2690744,-1.2883232,-0.21094069,0.43067768,-0.6940441,-0.2727285,-0.4540709,0.28489962,0.09528251,0.33747175,0.3003865,1.2066007,0.88379717,0.4035179,-0.35445654,0.3839477,1.2827749,-0.5212182,0.93855286,0.1503042,2.1353822,-0.8028214,0.24871397,-1.2923635,-0.75353974,0.69818723,2.2081394,0.20095092,-1.6675376,-1.4675343
-0.2063538,-1.2872262,0.06907016,-0.23297286,-0.26766327,-0.5446721,-0.99177504,-0.26722485,-0.30746287,-0.16175626,-1.509299,1.0035433,-0.95501447,-0.03548925,-0.9478585,0.107594386,-0.6068969,-2.0917716,-1.4744971,0.7638281,1.8048389,-0.26608628,0.22370687,-0.17616105,-0.08086705,0.39654678,-0.6560672,1.4429342,-1.1805526,-0.33886167,0.27004874,1.1464026,-0.8039255,-0.72822917,-1.6888447,1.107658,-0.6243428,-0.24475452,0.15333727,-0.29703397,-1.2790874,-0.15215535,0.11776882,0.12564959,-1.5502143,0.93057567,0.8556616,1.4308581,1.2455864,-1.7351971,-0.41709763,0.030293707,0.99908954,0.8957255,-0.28521448,0.0833444,0.2590274,1.0909178,0.9116904,0.55039364,1.607024,0.46519274,1.3806294,-2.0897439,0.16226786,-0.7365352,0.48320484,0.3212321,1.1544809,-1.6098828,0.12034905,-0.12410255,0.4278875,1.7989953,-2.0702028,0.8573683,-0.01883883,-0.7104069,-0.89691365,2.1809402,0.11595762,-0.36846307,-0.73427236,-0.42755112,0.44716877,-1.4872379,0.36242777,1.4746099,0.69219625,1.143691,0.62200034,1.8586417,-0.78913677,-0.26321954,-0.073605195,0.57184434,0.19271892,0.34144992,0.35378253,-0.66506517,-0.67002517,-0.06835428,0.44558543,0.5459845,1.2702599,0.3373042,0.07610669,0.09477212,0.46698955,-0.018046647,0.21714936,-0.24520305,-0.91228354,-0.24115857,-0.94911486,-1.0192909,0.3978854,-0.11941525,0.8213076,1.1287975,-0.2681011,-1.2890961,-1.5778351,-0.31235942,-0.39431852,0.54822993,0.95243394,0.30708307
0.30759022,0.089362346,1.2913977,0.044388063,-0.21909228,2.0505075,1.2322253,-0.47239807,0.83235824,-0.13958886,-1.6471641,0.8474883,0.34876972,-0.8031938,-0.25373772,1.0705456,-0.44171822,-0.24042144,-0.38966832,0.56640184,-0.21118927,0.17985962,-2.0876863,-0.6012538,-0.09055723,-0.33155802,-0.11441694,0.6917435,-1.9463627,0.30561495,1.2724061,-0.06657526,-0.66028553,0.15256087,0.7435515,-0.12501091,-0.5444133,-0.31279218,-0.71608126,-0.9433563,0.19864264,0.080704704,-0.21300825,-0.0668233,-1.7273865,-0.031825244,0.8074902,0.82494736,1.1148643,0.1119795,-0.06348507,1.03892,0.33089572,-1.4184844,-0.5770851,-0.13494952,-0.20780616,0.27048445,0.6013273,0.2715744,-0.47101253,-0.030266203,0.43278754,-1.2978783,-0.49425477,0.29651034,-0.3266002,0.26453832,0.2782962,-0.54407454,1.5144687,-0.25179088,-0.67937624,-1.0025463,0.9508733,0.7371983,-0.54696524,0.43436405,-0.7319901,-0.23603073,0.535946,-0.44616547,-1.3528957,-0.36954433,-0.22030205,-0.6303884,-0.18098144,0.7022777,0.7656195,-0.60463494,-1.6178796,-1.0866275,0.24336201,-0.2110151,0.800841,0.108454645,-0.8175965,-2.2727842,0.7122199,-1.8922896,-1.4358069,-0.36159647,0.454713,-0.8482677,1.1622357,0.17021951,-0.04234013,1.1311924,-0.673048,0.5266096,0.6370081,0.12563252,-1.3633833,-0.022061035,0.59279835,-0.339686,-0.11972174,-0.2583049,0.79060876,0.4572904,0.43511996,0.55108607,-0.18346405,0.4141637,1.4545343,1.31661,-0.17642458,-0.88991135
-1.2607064,-1.982347,-0.15165436,1.1092014,0.27347562,-2.3422756,-0.8066751,1.9353087,-1.9935977,0.32225648,0.05218047,2.1983347,0.090274274,1.2173195,-0.4713143,0.6175929,1.5221758,1.7840875,0.22098324,1.2047017,0.9785024,-1.6460497,1.5704582,0.8045268,0.46609098,-0.9264653,1.4263326,-0.14711154,-0.88315976,0.8927926,-0.8061433,0.9363209,-0.33981574,-1.1070421,-0.016913116,-1.219841,0.3878832,-0.67520875,-0.1722033,1.275565,0.4700676,0.59574926,1.9629829,-1.0405971,2.037629,-2.4396408,1.0788741,-2.4419901,-0.8063448,2.9238992,-0.74662304,1.4575121,-0.36038804,-1.5186458,0.5626884,1.4331352,-0.65841675,-0.1175696,1.4093742,0.30879846,0.34460717,1.3246292,-0.44973466,0.51919365,1.0686805,0.4659969,-0.15459102,0.75923383,-2.6380732,-0.6028396,-1.7299011,-0.041305736,1.1313475,-0.7907708,-1.1045977,0.30232763,-0.8975049,-0.38790488,-1.825003,0.3534764,0.82125527,1.1193997,0.8937774,1.2695334,0.53493494,-0.14248459,-0.8066357,-1.35745,1.873204,-0.13242736,1.1876175,0.88246566,-0.8494335,0.2884456,-1.4385685,1.2518063,-1.0446246,-0.047400177,-0.17051846,0.65624136,-0.25216874,-1.2446418,0.86784303,-0.06977576,-0.16679579,0.32569534,-0.68766403,-1.6157864,-0.9632784,-0.63295835,0.6999192,0.24826455,-0.24216184,0.9918654,-0.8485715,0.14119256,-1.5874242,-1.6039011,-1.1105372,0.89013493,0.42918938,0.4426368,-1.5746278,-0.09392203,-1.4234312,-1.6935539,-0.038064763,1.2034897
0.40425974,-2.1659305,-1.5954182,-0.46839,0.06875983,-2.5114985,-0.14516419,-0.6379485,-0.27024737,-0.1563468,0.53509545,0.29013425,0.51147723,1.6546011,-0.8686969,0.51332676,-2.6211097,-1.3082783,-1.8443074,1.0050528,1.5460992,-1.1486559,1.193973,-1.2938492,1.2739451,0.22830597,-1.5432813,2.0489028,1.9649156,0.8164001,-1.3076762,-0.5213119,-0.90520096,-0.29611868,-2.6427348,-0.4350335,-0.5208024,-0.008778453,-0.26919276,0.7666842,0.10785821,0.6609946,0.8686033,-1.495921,0.10299006,-0.5470282,0.06932092,-0.92998326,0.7302767,-0.37400138,-0.019800723,0.49148512,0.47355866,-0.36087745,0.4046876,0.7774553,-0.7984952,0.27839708,2.7418141,-0.6107909,0.24603634,-0.65147686,-2.5892763,-2.1036606,1.3909507,-0.019307792,-0.57162666,-0.7683567,-1.6758685,-1.6270508,-0.04851237,0.7853211,-0.39402837,1.6716404,-1.4524031,0.17235908,-0.18038422,0.34941828,0.5988834,-0.18663172,-1.2630234,-0.15781991,0.1121577,-0.7192928,1.5700866,-1.4828007,1.1559571,-0.20767486,0.084727414,0.51455647,3.7136593,1.9548103,1.1927428,1.7485156,0.103042215,0.47151774,-0.26134533,2.213591,1.274451,1.24916,0.82270885,0.31992692,0.059445083,-0.42892876,1.6581693,-0.4074908,-1.9322278,-1.0364637,-0.65669674,-1.7402796,-0.9326186,-0.39727557,0.43508548,0.7930693,-2.6135798,-1.393202,0.052626967,0.3264007,-2.2036502,2.059068,1.277391,1.2993145,-1.0230119,-1.5787898,-2.746952,0.2892372,1.7696617,0.98823076
-1.5998423,2.3311038,-1.8762233,0.48500782,0.5667255,1.6950839,-1.0610452,-0.17187056,0.23587467,0.37449482,0.5063046,-2.4937112,-1.0614724,-0.3898663,0.5974312,-1.3591249,1.1359727,-1.8844568,-1.4690738,-1.9250517,-1.2862086,0.082587495,0.0042464137,0.5673134,0.1406641,-0.916746,-0.32081237,-1.8835845,1.3063852,-0.6324718,-0.69358087,0.05427839,-0.33840424,2.238018,-1.4376192,2.6175818,-1.1406413,-0.06731516,1.2317104,-1.0162085,-0.76607966,-0.6134984,-0.40314633,1.3620708,-0.58379304,2.6112947,0.37662017,1.842584,-0.8976905,-3.5717201,-0.07053316,-1.2941713,0.92621124,0.8254764,1.2013781,-0.75315785,0.69487035,1.6456572,-2.9450035,-0.41694102,1.383482,1.6269107,3.1426735,0.5500128,-1.3445036,-0.5804971,0.35727927,-1.0543402,2.7685874,1.8883712,0.6230082,-0.9818423,0.09163156,1.1152487,-1.1665678,-0.08292743,0.1600721,0.59014624,0.24223894,1.1915396,0.48039457,-0.2779305,-0.08456422,-1.3171921,-0.8973528,0.50518227,-0.30361617,3.0786533,-0.9618792,-0.5530783,-0.53991336,3.175057,0.050699238,-0.0016153455,-0.105015546,0.6901071,0.664647,1.5848491,-1.5993218,-0.65676063,0.20341411,0.79045975,-1.7400397,1.1577272,-1.3124511,0.95096797,1.8374891,-0.77597344,1.6706111,0.58510846,-0.26258242,0.57203585,1.4426146,-0.18192245,0.06622061,0.39023972,1.5492917,-0.6305421,2.2875066,-2.3731518,-1.3935802,-0.52908254,0.8767183,0.23531026,1.2781522,-1.144022,-0.31854236,-0.6239275
-0.1178664,-0.92868984,1.5647161,0.8834669,-0.39190844,-3.612019,0.32005095,1.80706,-1.0730684,0.84440553,0.16539183,3.0877662,0.25080568,0.34472436,0.53297234,-0.07258841,2.9139628,0.48777878,1.2349796,0.0016177297,1.4702826,0.24319099,-0.16433588,0.20321578,0.7066249,-0.7091092,1.8950313,-1.6241217,-0.8452136,-0.48012403,-0.64183563,0.4330394,2.240571,-2.688824,0.87549055,-3.1572328,2.9350533,0.75180626,-0.7844341,0.9406841,0.14214808,-0.95521426,-0.4861442,-1.5247993,2.624166,-2.505653,-1.8000953,-1.5920134,-4.340248,6.0872197,-1.9456811,-0.6115966,-1.0480659,2.4602542,-0.4975434,0.013640583,-0.41380957,-1.3177378,0.47116995,1.3594646,-0.36277932,0.3514533,-0.9397986,5.698742,0.835309,0.093122244,0.38219205,2.2152157,-4.489444,1.3190019,-0.4394579,0.37943995,0.10628021,-0.5517503,2.060573,0.7689724,-0.094848335,-0.45549506,1.0806469,0.40096706,-1.156919,0.6188682,0.7158425,2.018241,-1.0311053,0.41468257,-0.22205968,-1.8926713,-0.030179512,0.94667196,-1.5259434,-5.5713615,-0.54383147,-1.2545071,-1.8053604,-0.34685203,1.2019076,-1.8545462,0.49783093,0.51192266,0.5624774,0.29999307,-0.97385335,-0.31208944,-1.5786047,-0.64322746,-1.2940197,-0.7578915,-0.6270641,0.056300513,1.5363936,0.76804996,-0.106918916,0.83265555,2.975265,1.7989209,-3.0370233,-0.3709742,1.3679789,-1.4941673,0.058190748,-0.22281969,0.10483958,3.66849,-0.40993837,-1.4003875,0.011087,-0.36934116
-3.1548066,0.8920893,-1.9579759,1.4234507,0.8960788,-1.1965908,-2.2141247,1.1449176,0.09499058,0.26003593,1.1631678,-1.8685806,-1.0584538,-1.1326671,0.94614166,-2.1314569,1.1734976,0.3326035,-2.6922393,-2.7325737,-1.2048793,-0.23316379,1.224373,-0.52910554,1.5132432,-1.4258354,1.220399,-1.6984473,1.0284979,0.83756125,0.022280313,-1.5485392,-0.26695517,1.3108256,-1.6359563,-0.535798,0.37592173,-0.7422073,-0.2927176,-0.39836484,-1.1534498,-1.3845816,1.1812222,1.9730839,2.6986337,2.3850288,-0.6922556,1.251701,-4.102998,0.42908147,-1.6014926,-1.1226804,0.98153234,-0.37997615,0.54040664,-0.4730072,0.92251885,-0.16884977,-2.052477,-0.46146575,0.9749206,1.0883019,0.59607625,4.0661297,-0.39684376,0.31079066,1.2147956,0.15081799,-0.029187724,1.5650117,0.26023942,-1.0116061,0.55027485,0.6483943,-1.4643649,-0.37028992,-2.2025738,0.46903506,-0.7875661,0.13721544,0.7257705,1.1101574,1.9391325,0.32256585,-2.0302198,0.9304812,-0.851186,1.8304284,1.0475498,0.13819687,-0.19341943,2.2825968,0.52857006,-0.014723957,0.43592134,1.0894973,0.6819869,0.8297669,-1.8291916,-0.4301233,1.2719953,0.64868873,-2.8212318,0.41177526,-1.0242236,0.53344697,0.054076992,0.3816854,0.3283684,0.64608276,0.070705205,0.2706323,0.2064759,0.5549421,1.3491836,1.1785189,0.35963473,-1.447864,1.7334563,-3.1706471,0.54895127,-1.7995677,-0.14564076,2.5021877,2.0899162,-1.403513,-0.6468874,-2.037825
-0.9311592,-2.5189407,2.1616328,-0.39507273,-1.0860274,-3.1113315,0.5780642,1.917183,-1.420494,-0.42017755,-0.9938259,3.6521707,1.267668,1.6470022,0.44468486,0.970501,1.9070435,1.9326749,2.1838787,0.47463465,1.739035,-1.679881,0.20641494,0.0856544,0.41098958,1.4935658,-0.31355542,0.4536414,1.3921188,-0.4351569,-0.35097125,0.12255883,0.74164677,-1.812793,1.3488716,-0.790541,1.4634613,0.6351327,-0.58648014,-0.8532078,-0.45700192,-1.6384461,1.544374,-0.72120035,2.8839865,-2.022831,-1.5779259,-1.0064152,-1.422107,4.1435566,-1.8166152,1.4758588,-0.69289446,0.5299959,-0.5916107,-0.3043235,0.45063764,-1.016316,0.67636204,0.021802783,-0.2595618,-1.1759481,-0.17132461,1.5949923,1.3269391,0.34937125,-1.5098388,2.79772,-2.706912,-1.2030387,-0.35302594,0.43158802,0.41587734,-0.93408316,1.8358192,1.0984848,0.32614794,-0.48965555,-0.25065795,-0.10010035,-1.2324469,0.07986322,-1.6482792,0.9225713,1.3163093,0.2320571,-0.4036911,-2.9064145,1.0571609,0.13108572,-1.4627892,-2.296482,-1.1923747,-0.08531806,-0.3547111,0.89974654,1.2074288,0.877509,1.1120759,0.627961,0.5105921,-1.8486176,-0.023734212,1.5965569,-0.81822234,-2.557336,-0.2473062,1.0042565,0.24165913,-1.2614458,1.1255562,0.6905649,-2.0364702,-0.040377915,0.229197,2.2148921,-3.9242601,0.8269584,-1.1988411,0.5026014,-0.72443223,-0.434871,-2.3776803,1.3958669,-1.417906,-0.57949805,0.25576895,0.40686223
0.5599283,-2.0136187,-1.0032785,-0.54693264,-0.03257311,-0.1583662,0.794428,-0.62820774,0.7613739,-1.141243,-1.3463426,0.7807569,0.15000165,-0.9861664,-0.49190763,1.4451666,-2.262163,-0.88274837,0.64230776,0.8886833,3.2381718,0.43450752,-0.88018215,-0.44030887,1.1193814,-0.54655135,-0.17248425,2.8370433,-0.72538894,-0.5739718,0.4550667,-0.0025636554,0.64720756,-1.7462087,-0.24858749,-0.94228685,-0.31229007,-0.12074551,0.15587151,1.0750076,-0.6834222,0.34745592,0.52975774,-1.5344828,-0.95777255,-0.8167318,0.30009308,0.12502778,1.3348953,0.10294908,0.6079215,2.4030678,0.5804019,-0.09414743,0.7954061,-0.1472941,0.24399312,0.704403,2.7407746,0.81284076,0.678989,-0.01441507,-1.0423132,-2.6762147,0.54180884,1.0301578,0.11566317,-1.1404948,0.6323827,-1.4802825,-0.17091061,0.61114216,-0.30449888,0.14087346,-0.6064844,-0.03593278,0.52588737,0.24907771,-1.1062044,0.29008588,-0.23767853,-0.90144205,-0.8808923,-0.9978301,0.25207952,0.8048645,-0.5570227,0.5055714,0.27344498,1.7955899,1.1416309,0.34366465,0.74558944,0.7289218,0.47445613,-0.6132501,-0.61537784,0.7826281,1.1387223,0.4928457,-0.8896045,-0.030513436,0.24571168,-1.2780719,1.9160695,0.7219625,-0.7661884,-0.00918062,0.030222844,-1.3197001,0.59433645,0.24997193,-0.62905276,-0.19966306,-3.2556913,-1.5744362,0.08891891,0.8805817,-0.44233155,0.3817684,0.3417552,-0.41426528,-1.3987823,-0.70182973,-1.988502,0.66363,0.66958064,0.44472253
1.1908839,-3.3139615,0.6905201,-0.5958351,-1.7524977,-1.5831054,2.599971,-0.02310872,-1.8313316,-1.0891688,-0.21664062,1.237914,-0.05540037,1.623494,-1.1101661,1.9735346,-0.6734171,-1.111968,1.4644006,1.7874496,2.1669037,-0.1271463,-0.924068,-0.0799202,0.6030505,0.39795077,-0.4542513,3.393422,0.72466797,-1.2573404,0.3445705,1.0441551,-0.5610256,-2.7176666,-0.51526016,0.5419419,0.4062937,0.08443743,1.4132508,-0.08683288,0.25238934,1.076976,0.76192516,-2.4316282,0.70775014,-2.3270247,-0.7389413,-1.2784588,1.8525229,-0.10035497,0.5754681,2.151575,-2.511099,-0.3893605,2.3073297,1.3053946,0.39887917,-0.6411239,1.4316888,0.9891536,-0.3246535,-1.3684361,-0.7729113,-2.8049612,0.3892116,1.0907533,-0.41816357,-0.5502853,-0.7762617,-2.5115185,-0.29848206,0.47995025,0.006587617,-0.9305784,-1.4270597,0.6077503,-0.04632747,1.2565403,-1.6330276,-0.4661059,-2.0579448,-0.56626475,-0.030596435,0.71561354,2.8286018,-0.49900556,-0.5955642,-1.7938666,1.1453487,0.16354656,2.557438,0.28427345,-0.4302667,0.7267771,-0.9748709,-0.9524874,-0.13900432,2.7473187,1.6953893,1.9305031,0.1876956,-1.3842854,2.2488425,0.52941895,1.3132706,-2.4674377,-1.1451368,-0.9214089,-0.30869636,-1.1770748,0.6485663,0.535361,-0.70676816,-0.42622417,-2.9824286,-0.116407186,0.28582698,0.8582784,-4.371553,2.5997624,-0.9745223,0.090592355,-0.4232005,-2.0512028,-2.2218256,0.81686115,1.6599722,2.592198
1.4172757,-0.26605374,0.76814985,-1.0060306,-1.6845709,-0.7506367,2.1130044,0.6755317,0.74451363,-1.6948552,0.9619552,0.73811543,-0.26145494,0.852021,-1.2354381,-0.4572904,-0.12559077,1.8794625,3.912929,0.93701476,1.1555202,3.182775,-1.5295088,-0.07364166,1.2288674,-0.3116497,1.7070472,2.4819684,-1.1277493,-0.34027243,1.5079806,0.21946564,2.6430507,-2.2555037,1.9473181,-1.1771954,0.66069335,0.07803345,-1.8048921,0.05977699,0.09381132,-0.0374088,-0.7848674,-0.7247748,0.050502896,-0.59749365,-2.5083523,0.5344154,1.471045,2.4526682,-0.8538201,0.7516559,-1.0454435,-0.23234156,-0.56919116,1.012954,0.23856649,-2.4399056,1.5283345,0.6892275,-3.4211485,0.42973313,-0.8375997,0.6854373,-1.0435946,1.0293276,0.3312568,-0.11902043,-0.038834482,-0.9338762,-0.7089406,0.044003263,1.229146,-0.7133684,-0.3458937,0.5686532,1.0338149,-0.80408925,0.2987818,-0.3769312,-0.10458044,0.57058966,-0.49209172,1.9504944,1.6118286,-0.4290178,1.3744462,-2.4936666,0.6753732,0.26607412,0.4325754,-4.462542,-0.95297855,1.2512857,1.2799401,-1.4738356,-1.2090807,-1.3077965,0.67292005,0.16426426,0.37933257,1.5614929,1.8469933,-0.16975181,0.38942355,-1.4686602,-0.70510566,0.22274289,-0.7962441,-0.4189889,0.6538388,-0.7396209,-0.40844095,-0.79263115,-0.6020289,-0.42232093,-0.8934536,0.03790328,-2.033606,0.9832223,-0.26022208,-0.055631667,1.2344081,0.0029503256,-0.3606484,-1.0418942,0.065820456,-0.23501997
0.8757849,-1.2534395,-0.32110262,-1.3313236,-0.47872293,-0.3769879,1.3662955,0.018186003,0.58858454,-2.0120327,-1.0342726,0.4691234,0.52721447,-0.47694883,-0.44587606,-0.5451687,-1.5409087,-0.11551382,2.376838,-0.05206698,2.6901245,1.865664,-1.1570132,-0.7972152,1.9753599,-0.48331112,0.52969974,1.903913,-2.1099358,-0.64284605,0.07584599,0.859627,1.8772187,-1.3209199,0.22639376,-2.1641116,0.335633,0.44443104,-1.467464,-0.42830777,-1.427814,-0.13619563,-0.11505705,0.66779286,-1.3226961,-0.049472302,-0.8877821,0.89379936,2.3434453,0.54052603,-0.5122331,-0.03168896,0.08982828,1.111989,-1.2866232,0.03688255,0.42948365,-2.0713978,1.821336,1.1730292,-0.8922963,-0.18196145,0.54100674,-0.5798253,-0.5967987,-0.8942535,0.50845075,-1.0167524,0.8710333,-0.9149785,0.944423,0.27239007,0.2080423,0.3048514,-0.45199993,1.4895109,0.24518068,-0.69988704,-0.542251,0.81748915,-0.3281896,-0.5908705,-1.7074413,1.1292586,-0.21598403,-0.83389395,1.8399165,0.5726697,0.07776965,1.6361079,0.12201041,-1.5907762,-0.37759775,1.052765,1.8499408,-1.051755,-0.67720914,-0.40408945,1.4920955,-1.3929062,0.23136514,0.3959185,-0.54504716,-0.56774175,0.6959588,0.5238146,-0.31549892,0.021539137,-0.0034772456,-0.20544668,0.38422364,-0.10268335,-0.26219943,-0.3784398,-1.2744354,-0.94656575,-0.48759094,0.96474296,0.1761505,0.813014,1.1219443,-0.982187,-0.6119789,0.22992806,0.05904807,1.0066447,1.0886894,-0.20644356
2.0534701,-0.61863303,1.5633487,-0.26686618,-0.013354883,1.827039,-0.2658635,-0.50955224,-0.0070017874,-0.5172242,-0.77875555,0.14947267,0.56872874,-0.41915098,-0.06354459,0.94113433,-1.0815022,-0.9306273,0.061796248,1.3931963,0.9687284,-0.5160568,-0.7685031,-1.061867,-0.3351996,0.7625835,-0.23876043,0.74844897,-0.15123504,-0.24748434,-0.24915996,-0.59334,-0.037346765,-0.52497506,0.46238235,1.7245073,-1.32235,0.12540853,0.75147295,0.3030553,0.9100759,0.79338944,0.19682808,0.3210622,-1.9603322,-0.47089756,1.1555461,-0.4556428,1.9696765,-0.7000296,1.1079434,2.2018101,0.3034181,-0.0957493,-0.6004042,-0.25367707,-0.56446064,1.2904505,0.099080086,0.8135524,-0.52141696,0.02370087,-0.69883144,-2.076635,-0.23507537,0.5382143,-0.6664031,-0.75817543,0.66791093,-1.2823298,0.03511858,0.29275757,-0.466882,0.3151477,0.11067587,0.12438542,0.17027828,-0.4707748,0.5319205,0.14537898,-0.459553,-0.9954759,-1.4673712,-0.04124838,1.1710122,-0.7518815,0.103823364,0.7615135,-0.06442973,-0.84891176,-0.8687336,0.020975083,0.095266566,-0.53909665,-0.43331444,-0.18946907,-0.7315004,-0.31229436,0.5349459,-0.74370545,-1.7406026,-0.50523937,1.0181239,-0.5664019,0.19657448,0.46943048,0.58986914,0.8006157,-0.7300328,0.35073757,0.18676622,-0.17131591,-0.5297245,0.39156133,-0.51052827,-2.0588942,0.40244615,0.15458009,0.15410477,1.6579034,-0.50121653,-0.34194437,-0.81628954,-0.28798732,0.27235258,1.66848,-1.1979628,0.7812475
-0.36056787,-2.7261658,0.057784542,0.6677395,-1.5647962,-3.5635235,0.3378118,0.3467874,-1.1179211,-0.8410268,0.63832605,1.312885,-0.0846259,0.7443547,-0.40277177,2.9516904,-0.7166425,0.0047932565,-0.14438558,1.090542,1.7716846,-2.6717358,0.8408065,-0.7358028,0.5715861,1.6688592,-0.9656546,1.8742102,2.5551953,-0.32421792,-0.6965896,-1.128017,-0.38885462,-2.109229,-0.35391167,-1.0282048,1.0700614,0.96204805,-0.090777576,1.9839514,1.5974797,0.93046653,1.2641462,-1.9655483,0.7947762,-1.6295167,-0.48206404,-1.6753213,-1.2422988,1.4056315,-0.13965309,1.1068094,-0.07680461,-1.4793451,1.3076224,1.9241512,1.3081986,-0.7553363,1.6429327,-1.2204375,-0.20692289,-0.70899034,-1.3047571,-1.9975768,1.298197,-0.8469722,-1.853443,0.3371267,-1.5853484,-2.3368545,-1.4538938,0.5475751,-1.2969568,-0.3253108,-1.1521717,-1.0727117,-1.2235768,1.1320748,0.26638508,-1.4709837,-2.6858697,0.50929093,0.8637837,0.2523478,1.8945117,0.8456952,-1.8520631,-2.6660607,1.8633828,0.7477013,2.419197,0.8814336,-0.4239267,0.07052952,-0.24262607,0.42643848,0.30261657,3.2878761,0.5996357,2.583443,1.144846,-0.53657883,0.315686,0.19846672,0.13894597,-1.5156724,-1.1618172,0.57753825,-0.51312536,-2.3455694,0.09908031,2.0440357,-1.486504,-0.2190911,-3.1761742,0.7135358,0.34147078,-0.020216629,-3.8508043,1.4961295,1.047498,0.0053050667,-2.9786582,-1.2981772,-4.9127254,0.69230616,2.2121935,1.6066892
-0.3211158,2.0947301,-1.1293113,-0.5185677,0.96077865,2.7401032,-1.2815214,-0.12309981,1.1181526,0.75025606,-1.3204294,-1.327574,-1.6531208,-0.59462285,1.4344983,-0.7882767,-1.6847026,-2.384925,-2.312843,-0.5720639,-0.82047224,0.20778705,0.82770514,-0.7013188,0.023955062,-0.7697125,-1.785777,-1.3798711,0.13711023,0.48655665,0.38832656,-0.6819346,-1.0878898,2.4099727,-1.4109709,1.1684461,-2.3974333,-0.8577683,0.40216923,-1.0425931,-0.2806661,-0.14135814,0.1695373,1.299062,-1.3403614,2.743692,1.6315093,1.4648862,-0.2381564,-3.1112096,-0.10419858,-0.054915555,2.068482,0.9628714,-0.8006095,-2.5462284,-0.1906943,2.0842495,-0.83463347,-0.025666922,2.018865,0.5445988,0.93817174,-0.3632298,-0.76034915,0.4031368,2.2010264,-0.26483688,1.877845,0.3377173,0.86927515,-0.5779978,-0.4561382,1.9141381,-0.44325343,-0.082472734,-0.26214063,-0.50450045,0.6755298,1.2313308,0.13464648,-0.043060854,-0.42590564,-1.5660691,-0.12770313,0.464306,-0.33673653,3.622047,-0.5904615,0.25439674,-1.3778164,2.48885,0.4249279,-1.0526156,0.3420179,1.4760147,0.5931566,-0.3690893,-0.600218,-2.0387967,-0.89669573,-0.035769522,-1.8740178,-0.090737075,-0.17648661,2.3779151,1.1359583,-0.20254372,0.374318,0.25277337,-1.3756839,0.26542777,1.1152157,0.78162634,0.14452931,0.142002,0.5360403,0.024330784,3.5561237,-1.2800283,-0.101387896,-0.45999038,-0.7018356,-0.07292737,1.3590351,0.15707591,-0.39258078,-2.060333
-0.1942561,1.3294132,-0.82149065,0.5570354,0.21382953,2.3911252,-0.34162015,-1.1874108,-0.6224593,0.3268001,0.90547574,-2.340289,-0.58891714,0.553658,0.33818415,-1.3362494,1.2417356,-0.66109914,-0.9802667,-0.67036504,-2.1227207,0.4487422,1.3049072,0.40431586,-1.3905507,-0.2697335,-0.022847094,-1.7433095,1.0046597,-1.0270131,0.0047228485,-0.29574174,-0.3886867,1.1874759,-0.0349212,1.7291689,-0.62858117,-1.1567839,1.3236763,-0.80051476,0.8701966,0.65289605,-1.1042325,0.4706775,-0.51463485,0.7159596,0.6080317,0.53673035,0.5793295,-2.5401716,0.14472668,-0.44526374,0.16463241,-0.076172814,0.8008674,0.056011163,0.20730168,0.8787,-2.5789623,-1.1497221,0.20872697,0.23427118,1.3072011,-0.12181245,-0.3975382,0.6567106,-0.13772213,-1.1790566,1.311631,1.1666048,-0.48978904,-0.21651515,0.56336623,0.54567134,0.6648832,-0.560442,0.85902095,1.5516132,1.4570637,-0.05530239,-0.07161088,0.28950587,0.19562747,-1.027133,-0.40590197,0.26180872,0.4449106,1.049363,-1.1298296,-1.845257,-0.44623864,2.5833206,-0.36282223,0.30621213,-0.8908079,0.61998856,-0.07455202,0.32363772,-1.3199371,0.01807189,-0.28431422,0.26439363,0.054213315,0.9842204,-1.0670953,-0.36675718,0.9664609,-0.9069493,-0.02715497,1.1679559,0.09214054,0.42098224,1.0483937,0.32047948,0.29612657,-0.5438447,1.5453018,-0.21404606,0.56979686,-0.48897976,-1.1295244,0.71134865,1.756969,-0.77501744,1.8321942,-0.50313294,-1.4396008,-0.35016465
-0.030716747,1.4504881,1.1703244,2.1667483,-1.4807445,-1.2046363,-0.9750652,0.24331236,0.7326005,1.5349343,-1.1499374,2.4364014,0.82666737,-0.97398263,1.0662467,0.53260034,2.6381624,0.646093,1.4175205,-0.77701294,-1.1134362,1.0546546,0.91179484,1.8835723,-0.531542,-1.6316922,2.134355,-2.480976,-1.3735027,0.597334,0.48620522,2.2689273,2.3628511,-1.5659597,2.6657546,-1.5927082,1.3311715,-2.2857685,-0.44053346,1.4407567,-0.27023387,-0.8750691,-1.1317246,-2.3874884,1.4242207,-3.0108654,0.023813114,1.130614,-1.0525539,2.321188,-1.4462185,-1.1345239,-0.31675103,-0.9245475,1.1081003,0.31073254,-2.646759,-0.4464227,0.6047318,1.4971417,0.072719514,0.8050842,-0.30966976,4.857893,1.2082223,-0.19033045,-0.10258272,1.6394745,-1.1088742,0.774722,-2.574974,0.63325524,-0.4521203,-0.2759324,2.218238,1.6905121,1.6691451,0.6036027,0.30684507,1.5364032,0.05407092,1.578271,1.1143641,-0.025042266,-1.704479,0.5397282,-0.5072545,-0.74909997,-1.0421082,0.47808465,-1.8477485,-3.4425585,1.3676343,-0.8087603,-0.18647633,0.42988223,-0.8043638,-3.2426872,-0.32895768,-0.7990743,-0.40020093,-1.2076079,-0.27885023,-0.8080045,-1.392009,0.6506479,-0.5205405,-2.4298754,0.59597844,-0.28480324,0.107544325,-1.430945,0.90564466,-0.65389705,0.9942048,-0.08058286,-1.8202655,-0.13720386,0.9459474,-2.181202,0.90627575,1.9232414,1.343671,2.646301,1.0402149,-3.2034624,-1.6849716,-0.09524542
-0.040202722,0.20668975,0.78226995,-0.6547982,0.36532807,1.703758,0.056141883,-0.5423587,-0.18843757,-1.4899957,-1.6348679,1.2169831,0.09380236,-0.37092218,0.0052360594,-0.8603508,-0.83872867,-0.28411347,0.44084615,0.48049915,0.6841792,0.40712062,-0.34904444,-0.39143702,-0.47022235,0.697954,-0.4764561,0.63111913,-0.73386604,0.08841127,1.0106047,0.6522246,-1.5496285,-0.11945984,0.27190503,-0.5663036,0.2058055,-0.06227394,-0.31495467,-1.1258614,-0.19581193,-0.54357237,0.3836975,1.39144,-1.7091384,-0.4956472,0.76011735,0.40305245,1.7735543,-0.50457984,0.3962493,0.55170053,0.3538756,0.90513116,-0.69253975,-1.2047713,-0.21593079,-0.35461134,0.6772957,0.66814685,-0.123465195,0.38480315,0.78369033,-2.1355217,-0.12531205,0.17661895,-0.34546432,0.38669413,0.17509077,-0.7190993,1.3091657,-0.2235965,0.14321367,-0.62208986,0.6870954,0.4607699,0.5322438,-0.74120367,-0.36009327,0.40783876,-0.19409809,-0.66334534,-1.0382638,0.5023804,1.322865,-0.78851575,0.65778434,0.37681532,0.64058113,-0.17695424,-1.0157033,-0.08657967,0.51312083,-1.0908546,1.5502133,0.6473557,-0.4832138,-0.89214253,-0.09305054,-1.943708,-0.7588477,-1.1299212,1.112802,-0.14168043,0.4290147,1.0460643,-0.36007544,-0.02165252,0.23102975,-0.07409593,0.7910671,0.4136419,-1.0532084,-0.40475926,-0.42730057,-0.679226,-0.42625478,0.10972809,0.9505333,0.09956184,0.5810602,0.020959198,-0.18412316,-0.36975986,0.5042126,0.70094585,0.49376893,-0.21663982
-1.1907284,-1.1521595,0.29840243,-1.1662166,0.9748585,-1.5638483,0.07435715,-0.27653426,-0.13402393,0.075042225,0.87274194,1.5455111,-1.2519091,-0.35376817,-0.72404194,0.64700544,-1.7269017,1.0987469,-1.573044,-0.48378778,2.0639722,-0.96426827,-0.29962176,0.2294527,1.8140488,-0.8485403,0.72027636,2.7292433,-0.20512938,1.4104571,1.4301018,-1.9295864,-0.80674565,0.26052842,-0.7884483,-1.6544464,1.1757689,0.9973531,-0.1050007,0.102144614,-0.1028754,-0.20042117,0.890162,0.38995835,0.9790295,0.025877807,-0.7911084,0.56903136,-2.0996566,1.2088753,-0.23782206,-0.74365896,1.2064915,-0.56131256,-0.2248916,0.6388402,-0.002230227,-0.40425134,3.3649096,-0.3394447,0.29777485,-0.9239385,-2.5348506,-0.58955073,0.85386366,2.3676798,-1.3691974,0.78461754,-1.9392185,-0.5833709,-0.7699375,0.8102287,-0.7372818,1.1536138,-0.8049154,1.4507221,-1.9501106,-0.7136336,0.28846967,-0.84316313,-1.0992683,0.63535094,0.42608202,0.81137717,0.39849427,-0.94877833,-0.66669524,-0.7622088,-0.2818117,0.48000813,1.9905136,-1.2155195,-0.16115814,1.2521898,1.0645617,0.38087147,1.2060047,-0.21792161,1.0774653,2.0414562,1.3049315,0.8091817,-0.96208394,-1.5453111,1.2939768,-1.6624482,-1.6192186,2.4632502,-1.1114851,-1.6095695,0.038157493,1.0960569,-0.71064365,-0.38183028,-1.1320215,-0.7724026,-0.8274859,-0.50385463,-0.30457944,1.7131691,0.46471223,1.7282014,-2.0259478,0.5730825,-3.3779986,-0.18756965,2.408084,-1.3341343
1.506459,0.3134635,-1.0305816,-1.7557398,-0.50508845,-2.5983455,1.330726,1.156085,0.90550417,-1.4473054,2.4834867,0.52402323,0.861482,0.7331902,-1.4865029,-0.91312146,-1.5426029,2.6854398,2.3604112,0.34800935,1.2816964,2.1144602,0.12877694,-0.7429124,1.7263908,-0.7842406,1.321875,1.9818461,0.32771024,-0.15000427,0.45893252,-0.7905328,2.003465,-0.18086192,1.1704562,-2.3757882,1.7180078,1.6497445,-1.4980881,0.19233882,-0.12703146,-0.6296079,0.45584303,-0.06713138,0.94167584,-1.1770163,-2.5007231,-1.7641315,-0.40858072,2.336398,-0.38418183,0.06294355,-2.124628,1.4398502,-0.74913627,1.439637,0.946934,-1.8752646,3.0801668,-0.86486006,-2.2175012,-1.683822,-3.4516222,-0.31966472,0.35478222,0.68589866,0.2824875,-0.5104346,-2.213818,0.03285408,0.13263184,0.5057105,1.0900863,-0.77640903,-0.83208853,0.20212053,-0.3969227,-0.81805634,0.9176321,-0.83483726,-0.82252926,1.00267,0.8702546,2.2253346,0.15976453,0.5488674,1.5703087,-2.5360584,-0.5423564,1.9833165,1.9165801,-3.9590924,-0.51222384,2.80731,0.46931836,-0.10336465,0.0903345,-0.3109068,1.6309104,2.3202255,1.4140667,0.15320009,-0.30797258,-0.17583852,1.3103268,-0.43046954,-1.8270354,1.1295209,-1.2297713,-0.7047989,-0.7746536,0.6784425,1.0231371,-0.069889456,-0.38897872,-0.851487,-0.6739589,1.4190539,-2.0101557,2.2159882,1.0642607,1.1118151,1.5289595,0.11156258,-3.232397,-0.8177619,0.406306,0.10591613
-0.28596693,0.5940201,0.23922238,-0.19365992,0.76055515,0.15518206,-0.45563465,1.2753742,0.0024897456,1.9000548,-0.010843366,1.4389664,0.1109907,-0.7565648,-0.8172929,-0.034043994,0.363514,-0.028652906,0.06672019,1.0657907,0.02666212,0.9700669,0.19134092,1.0546836,-0.78223705,-0.18375623,-0.09157316,-0.8352479,-1.0184113,-0.15068893,0.6402383,1.6356821,0.69762576,0.23928921,0.73469394,-0.753882,-0.08375988,-1.2509756,-0.5253359,0.15403952,-0.91494906,-0.8216698,-1.7308968,0.7134241,-0.6696138,-0.21232027,0.5356515,-1.0407361,-0.10150263,0.66653943,0.36543766,-0.037855,-0.15659852,0.5454451,-1.5327774,0.40888566,-0.53946936,0.48473996,0.329192,1.1001695,-0.6333605,0.4996559,0.060681567,1.7759845,0.22064467,0.97647023,1.069574,1.0485017,-0.52180207,0.34596854,-0.15934595,-0.82037675,-0.09744246,0.3070257,-0.24693748,0.7519152,1.3592939,-1.525052,0.3519648,1.6676366,-0.2981234,0.21672127,0.49855864,-0.23516539,0.49012616,-0.50758386,0.8900081,0.6273796,-0.744025,0.8453448,-1.0440398,-1.7573628,-0.1654326,0.5427614,0.22203815,0.71816504,-0.46251327,-2.4291358,0.5743751,-0.39881375,-0.99561024,-0.65584975,-0.21243131,0.7848594,1.0634748,1.3177375,0.061472423,-0.38465616,1.3455566,0.3642727,-1.1581681,0.15901452,-0.16040096,0.08696063,1.690809,-0.011459321,-1.1666594,0.3051136,1.3121622,-0.45844772,0.066250354,0.96782666,0.5350467,0.6640789,0.88805616,-1.2568192,-0.52425075,-0.5150826
1.8340292,-1.0044765,0.079339296,0.38564372,-0.1898204,-2.4618964,-0.10686224,0.11034012,0.14420749,0.832407,0.13133934,1.7885982,0.80209184,-0.2200701,-0.3501804,0.46072018,0.5881374,0.10083416,-0.27272296,0.89472246,1.2802576,-1.293544,0.6755049,-1.9141443,-1.2247363,0.12355605,-0.35028023,0.9171931,-0.42256537,0.44042957,-1.1094917,0.92892754,-1.0158192,0.009838723,0.020031024,-0.05029469,-0.2689314,0.018666476,0.053674486,1.0992438,-0.06900066,0.7372782,0.9395859,-1.6501501,0.81969965,-2.5973077,0.81128466,-1.6995888,0.14092326,0.36148995,0.100699246,1.9653943,-1.1335415,0.22632694,0.81077766,1.2168989,-0.6046204,1.1475571,2.187655,0.45254952,0.0530594,-0.24080154,-1.9604099,-0.8036024,0.9021006,-0.9679059,-0.15743896,-0.32278645,-1.9462408,-1.3165627,0.35145786,1.1263207,0.88825786,-0.16185483,-0.71219313,0.13939358,-0.602593,0.42435092,-1.7508076,-0.24773309,0.045012727,-0.28272182,-0.86339813,1.1727641,0.4104745,0.39854908,0.4601115,-0.3019558,1.8370708,0.31300682,0.44163817,0.93491614,-0.6683632,-0.19358343,-1.2405399,0.16172516,-0.93753225,2.130402,0.8870976,0.83522856,0.11909088,-1.0443444,2.062598,0.86853,1.0859612,0.10563946,-1.259566,-1.0770658,-0.88078094,-2.172976,-0.09741408,-0.27308005,-0.060607314,-0.20607723,-0.45342475,-0.34170958,-0.7810758,0.91751957,-1.0444962,1.5033053,0.34715143,-0.5304024,-0.24285537,-0.8871,-2.7130237,0.6090871,-0.834496,1.5573995
-1.4247398,2.34832,-1.2781081,0.5780288,1.1847541,1.6412358,-1.1775558,0.124838255,-0.0054827332,1.0863533,0.5997225,-1.8187203,-1.7305262,0.17578775,-0.24320447,-1.6275301,-0.1841518,-2.6425142,-2.2450233,-1.0147125,-1.8601093,0.5432917,1.328436,-0.11345464,-0.7719643,-0.6044692,-1.0502163,-2.261884,0.75427544,0.4108106,-0.11174408,-0.42624792,-0.65622663,2.7681665,-1.7967215,1.9201345,-0.95993644,-0.30006462,0.5902672,-0.88869786,-0.6830231,-0.5907633,-0.26706994,1.7129256,0.8779607,4.343639,-0.10258442,0.54740405,-2.0861952,-2.548461,-1.2572197,-1.8748455,1.1118523,-0.009178847,-0.41873038,-2.4035048,0.23265713,1.3223907,-2.4381456,-0.81450284,1.5541469,-0.0906412,1.4328704,2.3429427,-0.5218275,0.08372113,1.3525594,-0.35194996,1.5782733,1.2418356,0.73997235,-0.63590086,-1.0470973,1.2792393,-0.5627092,0.20134681,0.1555781,-1.1948199,0.066773534,0.8318256,0.720816,0.94583696,0.8768904,-0.9690426,-0.7771224,0.2627669,-0.77980185,2.5958617,-0.78300536,0.24106961,-0.5930883,2.2718928,0.3344297,-1.1065872,0.40447995,1.1725274,0.84155715,0.8311184,-0.7377003,-0.29157203,0.44734022,1.8066864,-2.0464566,1.0009811,-1.205608,1.2460567,0.9725009,-0.046047404,0.48528385,1.1674085,-1.2261982,-0.5829315,0.89744306,0.87599456,1.3903769,1.0100273,1.4995688,-1.5413797,2.38679,-3.0116026,-0.9093032,-1.2206345,0.977173,0.9926722,3.3028283,-0.80889684,-0.94056225,-2.3459435
-1.4347006,1.3781168,-0.9641733,0.33574533,0.8298987,1.3350362,-0.50201285,0.12920885,0.25493097,-0.091533065,0.74779505,-2.289793,-0.43690658,-0.20522055,0.29321975,-1.6919875,1.0327036,-0.09396973,-1.8290598,-1.483556,-2.022181,0.3428359,0.44014084,-0.73753375,0.15089086,-0.81683064,0.39690202,-1.5652233,1.1088309,-0.10541435,0.4119404,-0.993251,-0.69556725,1.67447,-0.69659805,1.4140041,-0.7555976,-0.68124247,1.0100498,-0.5898758,-0.3984016,-0.115209036,-0.1354875,1.8233411,0.53663844,1.9513288,0.3918534,0.45714825,-1.4948461,-1.299889,0.309549,-0.2684154,-0.06464531,0.003137648,0.93166125,-0.83295923,0.24582422,0.53182113,-2.4899244,-0.82810915,0.17442796,0.29366744,0.8477597,1.1137812,-0.67120534,-0.39844817,0.61763215,-0.7993252,1.2736677,1.3439116,0.4724741,-0.99869895,0.6024938,-0.33141458,-0.09229219,-0.8225994,-0.63676834,0.5174929,0.6380009,-0.1355766,0.2362277,0.17419013,0.9160313,-0.1276187,-1.1473905,0.7488819,0.129664,1.986218,-0.056760907,-1.1760519,-0.6326558,2.3841047,0.7670856,-0.11514008,0.1690149,0.24022344,-0.031188414,0.7675899,-1.2652178,-0.40415943,0.121561274,0.46577582,-0.85784173,0.7615939,-0.65687513,0.64472437,0.5276052,0.2458072,0.09004132,1.0288789,0.0635837,0.19650438,0.4709996,0.45724216,0.5148577,0.5030997,1.0382855,-0.874715,0.91355526,-2.019671,-0.6325035,-0.5099297,1.4111754,0.41076794,2.1210158,0.048872605,-0.30341184,-1.0438163
-0.04007066,0.7542689,-0.5668383,-0.046358228,-0.7494664,3.0923336,-0.4289063,-1.9180751,-0.03233838,0.43128213,-0.094372004,-1.6318691,-1.475913,0.8617979,-0.29164723,-0.7001309,-0.49029046,-2.635538,-2.1075363,1.048541,-1.4525049,0.07203037,0.29551733,-0.9859396,-1.1640484,0.19740045,-2.3670306,0.47300884,0.3683167,-0.70886594,-0.22266302,0.2634458,-1.526526,1.4069877,-2.927311,3.3684363,-2.6174273,0.4664582,0.74208117,-1.059049,0.35408533,0.9235409,-1.846991,1.1126595,-2.8314419,2.7631426,2.1102993,0.7019057,2.3138902,-3.974465,1.8761914,-0.036891103,1.3390208,-0.5163819,0.099318214,-0.6338195,-0.2378324,1.9659725,-2.1250918,-1.0556141,0.7003403,0.6171252,1.8210375,-2.6729589,-0.4025123,0.5219712,0.42414287,-1.1391832,3.2450347,-1.2779753,0.2783301,-0.6368436,0.35102865,1.9897836,-1.8217015,-0.28689593,0.11689067,0.55561084,1.1486031,1.4661226,0.13358557,0.0045254603,0.19633648,-0.8169121,0.9967173,-2.015963,0.7148906,2.6827233,-1.0101044,-0.45695704,0.9820396,3.5287256,-0.9834923,-0.5250759,0.7937516,0.009554476,-0.5722559,1.4113454,-0.4857551,-0.17674828,-0.44989455,0.6379076,0.34778327,0.3383445,0.8826387,0.2660515,1.5179657,0.31802225,-0.52027833,0.19717118,-0.003704965,0.8625427,0.12596264,-0.37664676,-1.3955976,-0.45326552,1.9006565,-0.7492081,0.70261264,0.6872093,-1.105932,0.7351608,-0.011803769,-2.6037865,0.33216035,0.9538907,1.215323,-0.37144357
0.8066573,-1.1141796,0.62571317,-0.9417945,0.09918216,-0.4205502,0.3034122,-0.5804021,-0.53825355,0.9272854,-0.72205037,1.8337626,-0.49141127,0.9363755,-0.54525274,-0.49188808,0.035123788,-0.7591388,0.20659082,0.76338464,-0.059231177,1.4728663,0.513665,-0.19460589,-0.39628214,-0.12164383,-0.18573408,-0.65903497,-0.116764486,0.35247076,0.2357441,0.40898454,0.20604214,-1.066351,-0.039482214,-0.6468371,0.2803909,-0.7178257,0.63937056,-0.9910041,-0.43314013,0.6245997,-0.7142974,-1.3520513,0.02460393,-1.8369536,0.7664964,-0.48938477,0.7129463,1.2287219,0.47603017,0.1962048,-0.25203755,0.5507735,-0.6458585,0.30303806,-0.75260663,-0.32705912,0.82567406,-0.09450139,0.2625358,-0.82688165,-1.2559532,0.5540478,0.421265,1.5598667,0.12114206,0.8925712,-1.8543842,0.05830542,-0.21974072,0.19515115,0.058586672,0.46901876,1.8994198,0.5618182,0.9055102,-0.81058186,1.177238,-0.3102133,-0.9680271,0.06900212,-1.263211,-0.32128668,0.51672643,-1.1476645,1.1332994,0.3526315,-0.5705359,-0.6859401,-0.73877054,-1.7932935,-0.48582086,-0.79676354,-1.2719667,0.75311124,0.33658576,-1.146528,0.3051748,-0.34127814,-0.6288271,-0.61930513,-0.47470436,-0.12857065,0.71670985,-0.6575686,-1.3556864,-0.10658319,-0.24745804,0.04355157,0.2758192,0.5942045,-0.32569078,1.0354346,0.43962103,-0.54917115,-1.8012288,1.481085,-0.41196707,1.2562158,-0.12978543,1.2453866,0.102023065,-0.072975464,0.34551385,0.7204126,0.36159033,0.665511
-0.8185196,-3.6074243,-0.5491023,-0.40026224,-1.2117474,-5.2063484,-0.18234524,2.2397456,-0.9768661,-1.6627088,1.9943831,0.17979643,-0.1898725,1.0758727,-1.1060395,0.62191427,0.28475243,2.9442382,-0.31764627,-0.33856153,2.3853197,-0.60982585,1.2862792,-0.27112132,2.2633383,0.16878127,1.7208657,2.689652,0.39066175,0.42819667,-0.52937424,0.11633402,0.44475102,-2.5067935,-0.344926,-2.0893648,2.0348437,-0.46682283,-0.95156586,0.87124604,-0.2567133,-0.23183468,2.2350972,-0.9211812,2.9965625,-2.0250344,-1.55163,-0.6475143,-1.0800058,2.9875858,-0.67790425,0.61964613,-2.3687263,-0.28344136,1.3733013,2.525788,1.0665629,-2.492709,2.8371887,-1.1910447,-1.0887532,0.30424115,-2.357776,0.7146592,0.104252756,-0.156885,-0.47027612,-0.30755943,-2.935648,-1.785881,-0.37778056,-0.6841532,1.5134894,-0.7749805,-3.4241529,0.30884603,-2.099768,0.4584941,-1.9374253,-0.7367633,-1.7569788,1.1944623,3.168608,0.642646,0.57136256,0.5201582,0.8204274,-2.408345,2.2112207,1.3965261,4.2059884,0.31066948,-0.43793988,2.3585846,0.1549144,0.0026525855,0.12691927,2.3157833,0.4946755,3.089645,1.5877857,-1.7300855,1.1045243,1.5270556,1.2280495,-0.715889,-1.8399653,0.49848515,-0.55555534,-0.94158703,-0.7606174,-0.014359593,-0.31361708,-1.2129157,-2.4661047,0.64465964,-0.72268313,-0.2711159,-4.367304,2.5257509,1.331474,-0.39098957,-1.3265171,0.5161308,-3.6412182,-0.45767698,2.5889094,1.8164811
-2.2721899,0.54330814,-1.5271972,0.18918228,0.114493385,-0.87272966,-1.2831844,1.5803369,-0.42703015,-0.3698212,0.998928,-2.0853224,-1.4036794,-0.100448996,1.1558288,-1.4817386,3.1088,0.26657534,-1.2428199,-3.0770712,-1.5800431,-0.1796491,0.76552963,1.1119142,-0.20398085,-0.93865407,-0.09705341,-2.1859436,0.92821646,0.004996419,0.22331148,-0.8256044,-0.34477884,1.126428,-1.6905081,1.7376914,-0.69036865,-0.3007125,0.65542704,-1.2235627,-1.3162595,-1.2685364,1.0524827,2.0826123,2.8465312,3.2285156,-0.9916766,1.7033287,-2.4457252,-1.1878172,-1.2543354,-0.6452075,1.144274,0.2186994,1.1120536,0.053034388,1.3302126,0.024956882,-2.0383751,-0.25022885,1.8431396,1.2757388,3.1253529,2.6717415,-0.892735,-0.63113755,-1.0037272,0.7844136,0.8578142,1.1157852,-0.015645593,-1.4468787,1.0118482,0.8590312,-0.9947203,0.6077498,-0.60675395,0.92159915,-0.7690765,0.522577,0.7967098,1.1507647,-0.27141157,-0.16280967,-0.9923547,-0.32107496,-0.9071516,0.76715606,0.65516484,-0.5489422,-0.8211751,3.315319,-1.151199,0.21004653,-0.040880304,1.0331059,1.3568995,2.4308534,-1.8738155,-0.17695214,1.7652936,0.41190845,-1.811121,1.9685152,-1.5093293,-0.78106755,0.87504816,0.13720718,0.81307316,-0.16282676,-0.5222202,0.34766227,-0.23525718,-0.7290976,1.5095457,2.0304914,-0.1307562,-1.0488429,0.58185846,-2.0542996,-1.1220255,-2.0456197,-0.72107786,1.4915404,1.08858,-1.4595336,-0.8681861,-0.5530303
2.3064733,-2.1203861,0.5572293,-0.81613415,-1.2647579,-1.5195379,1.7626591,0.051583394,-1.355781,-0.9162805,-0.11511974,1.7074088,0.43820086,2.3233662,-2.2105272,-0.021672096,-0.5367602,0.23065877,2.3588693,0.839012,1.6093622,1.3123951,0.4150361,-0.29593772,0.8924686,-0.49313736,-0.44057855,1.0741326,-0.05041936,-0.4922188,-0.45845544,1.4701664,2.2085128,-3.5159616,0.44815958,-0.91211885,0.9671647,-0.49064702,0.5507155,1.0152421,0.06892973,0.1342529,0.2256315,-2.0600653,0.5456043,-2.572124,-1.2023759,-1.0039963,2.2539535,1.6269838,0.007200122,0.15202016,-1.167326,0.7751996,0.092419684,1.0902985,-1.0072439,-2.1237001,2.1608434,0.76648045,-0.9625485,-0.9881973,-1.8755124,-0.37091732,0.99381137,-1.1526613,-0.22206777,-0.70653486,-1.8147093,-0.9537238,-0.80097824,1.0137985,-0.14395726,-0.4954177,1.6573902,1.6920128,0.43938667,-0.0059646964,-0.7580814,-0.4574194,-1.2537398,0.5371889,-0.034207128,1.0025272,1.5446233,-1.8856202,1.7083755,-1.8093426,-0.018026084,-0.16605723,1.1110978,-2.2202497,-0.22851557,0.15283051,0.83836854,-0.8765523,-1.1930289,1.1616689,0.92713755,1.3142422,0.33431357,-0.10229921,2.0225043,0.57313645,0.65222526,-1.5538466,-1.7966473,-0.43224877,-1.2141372,-1.1452153,0.11408371,-0.39443684,0.8157464,-0.48771656,0.11967647,-0.98671913,-1.6299522,1.0799079,-3.8047795,1.7632476,-0.4824655,-0.0068270266,0.29933083,-0.20722994,-0.747702,0.80037177,0.7456996,1.7075111
-0.71553636,1.961201,-0.6305591,0.522899,0.5952059,3.228167,-0.8227377,-1.4018157,-0.4951741,1.1557479,0.027238699,-2.110734,-0.2958633,-0.25334424,0.60228384,-0.24039623,1.4973352,-1.197047,-1.7215092,-0.7543036,-2.3230073,0.22233711,0.4242756,0.27233863,-1.54721,-0.15218025,-0.4347291,-2.4073837,1.2941141,-0.5956181,-0.23826797,0.5498794,-0.35629216,2.7161787,0.07863766,2.0958953,-1.3907115,-0.42804348,2.020533,-1.0760777,0.5302547,0.33138797,-1.2267967,0.8433788,-1.7166638,1.00638,1.5510255,0.4495304,0.39231676,-3.2536666,1.1675011,-0.90309507,0.40406767,-0.32814822,0.47422653,-0.6268524,0.25199342,1.6005135,-3.3856454,-0.6303228,0.46439797,0.34498602,2.0907302,-0.19532037,-0.66741896,-0.15686715,-0.47121096,-1.0687432,1.7667823,1.2207632,0.080889225,-0.5402874,-0.4292602,-0.17758593,0.73172534,-0.560397,1.2174928,1.1244811,1.8116877,0.11918241,-0.14939573,-0.31932083,-0.5226412,-1.0842849,-0.5527605,0.21198149,0.19502881,2.3211882,-1.5995612,-2.1388001,-1.3826219,2.7301233,0.18101518,-1.1615889,-1.0277175,0.7117701,-0.22475024,0.27341232,-1.4242263,-0.49463242,-0.8967958,0.39969313,-1.0136861,1.3220392,-1.303476,0.24433443,1.3834641,-0.909305,1.5633743,1.4808694,-0.3528468,0.3944841,1.098427,0.45638257,0.26350233,-0.3555193,1.9684695,-0.0127432905,1.4068656,-1.3881022,-1.1101826,0.9248098,1.7624047,-0.64465785,2.0050545,-0.13119674,-0.7834949,-0.44275457
1.6570692,-0.19124523,0.042097174,0.5813587,0.4393124,1.7002276,-0.7981275,-1.1795315,-0.38642126,0.31470314,0.055877298,-1.0271664,-0.035060972,-0.97301245,-0.5461952,0.59518504,-0.25990456,-1.3506746,-0.27519107,0.04568702,-0.016272068,-0.7881817,-0.2705521,0.8888369,-1.7826641,0.91573715,-0.59227014,-0.7777298,1.0089726,-0.7778451,-0.33533153,1.10392,-1.182526,0.6933521,-1.1782856,-0.010593586,-0.4189239,-0.26880312,1.6640073,1.2217641,0.0084706545,1.5498595,-0.78173995,0.29024187,-2.2698421,-1.4090896,2.1729825,-0.74768406,2.0954113,-2.5180664,2.0750482,0.37457716,1.267737,-1.3006614,-0.033185273,1.0553544,-0.5177449,1.699312,-0.86553127,0.888378,0.79266083,-0.03351438,0.85354924,-2.6002567,0.5595304,-0.7226903,-1.4849474,-0.99504125,0.3783068,-0.20011728,-0.44233483,-0.7773057,-0.50495577,0.325811,0.713243,-0.496455,1.6706917,0.028884709,0.56644976,0.9146966,0.033183813,-0.8068036,-1.8504856,-1.1438562,0.12805349,-0.5644165,-0.3109456,0.53597254,-1.0525835,-1.2317591,0.011829421,3.320405,0.13485499,-0.94617814,-0.9258828,0.075243264,-0.51962584,0.23694941,0.20580709,0.45963183,-1.2002299,0.13776478,0.049415514,-0.38191915,0.68110037,0.16311729,0.46816292,-0.84541774,0.69412977,-0.33953235,0.07604219,0.7432742,-0.017590038,0.2935989,-0.34242612,-2.075786,0.49911153,1.4436924,1.047871,1.2194723,0.03223455,0.13124374,-0.6715987,-1.0950406,0.5877744,1.6738532,-0.465929,1.3256981
0.6620266,1.7754211,-1.4547486,-1.9499236,1.3161321,2.5807383,-0.42100066,0.9729314,2.9520154,0.46831834,-0.53568244,-1.8599126,-0.07402095,-0.59211624,-0.21593684,-0.3812208,-3.132084,-0.58668447,-0.7513168,-0.8840221,-0.85205734,0.7585391,0.11582187,-0.4021715,-0.15412587,-0.47287625,-0.72770447,-0.3721642,0.5361514,0.89046854,-0.0747401,-1.062414,-2.28791,2.677486,-0.6558398,0.7889485,-2.5722044,-0.7592699,-1.1830738,-0.93307596,-0.91187996,-0.7993264,-0.14630729,1.5325953,-1.4130208,2.9502428,1.3142309,0.6323706,-0.086122304,-2.2390528,0.8556804,2.2450905,0.4067071,0.5579184,-0.8135756,-1.5614889,-0.1810693,0.96151274,1.3843248,0.03156382,1.1858605,0.3777349,-0.95405596,-0.9662694,-1.4241748,0.12515035,0.656978,-0.5491866,0.49892023,0.7599458,1.4168283,0.26900983,0.26244387,0.55818576,-0.5856376,0.07172647,0.5567399,-1.8195915,1.5013616,0.17633045,1.5059712,-0.9516331,-1.1266568,-1.9976866,0.24570878,0.67969847,0.12958214,0.3823627,-0.99760115,0.29955485,-1.0273203,1.5963242,1.6299222,1.3898342,0.596098,0.8176078,0.23313892,-0.8161746,1.0612376,-2.3935397,0.27133512,-0.44280878,-0.93792117,-0.0097538745,0.8678098,2.4087338,0.4096453,-0.27125055,-0.039690167,-0.63832265,-2.5373673,-0.663099,-0.35953388,1.128238,-0.56056994,0.21151346,-0.33915573,1.30679,2.142657,-0.3387385,-0.25387365,0.5066692,-0.39065516,-0.33962286,0.82297945,0.81390524,0.25313592,-1.7250919
-0.11213172,-0.31861776,-0.5347356,0.76918805,-0.94150084,-0.8450278,0.08312976,-1.0392783,1.0635324,0.22206032,-1.6642361,1.9891183,1.4060532,-2.3765187,0.8963989,1.9460393,0.2888478,-0.32827863,1.2645183,0.69413674,2.1102247,-0.06579805,-2.1544356,-1.145021,0.55204123,-1.2196516,0.5766866,0.41916108,-1.8068733,1.3092887,0.21118814,0.77930194,-0.26855657,-0.42594603,0.9030888,-1.6218781,0.5015187,-0.26346254,-0.9498789,0.47905868,0.11372596,0.207498,0.502655,-0.36291197,-0.80929804,-1.5447826,0.30055737,0.5461011,-1.3242626,0.90944076,0.33220696,0.98713857,-0.66421163,1.5627869,0.39224905,-0.50168324,-1.0374086,0.2388883,1.6143408,0.83836627,0.23886359,2.4079523,0.63938487,-0.54542303,-0.20038229,0.25643426,0.012472417,-0.3272497,0.59981424,0.5170489,0.8557384,0.43550044,-2.032106,-2.4749992,-0.3421957,-1.2478052,-1.2480025,0.94772846,-1.5060577,-0.10687001,1.1830487,0.18264347,-1.3998702,2.3218832,-1.3689988,1.4277383,-0.5980771,1.1518011,1.3638952,1.608018,-2.3099988,-1.2232232,0.34112296,-0.89690584,1.8510237,-0.7392487,-0.044843704,-0.20702243,0.15263635,-2.017212,-1.3065863,-0.05133757,-0.58225036,-1.2951889,0.8899236,1.4545208,-0.06917775,-0.8472915,1.4074779,-1.1114535,2.0184083,1.1465948,-1.176084,-0.5926823,-1.7770844,0.4725781,1.001169,-0.91585827,1.3776547,-2.0841005,1.2150555,-0.937982,-0.88547885,0.87028646,-1.2778455,0.35041252,1.7779901,-0.5650529
0.48779446,-0.27169317,1.3347828,-0.74908614,0.704401,-0.5761442,-0.25543052,0.24597934,0.8372656,-0.3603167,-0.83541524,1.1406751,-1.4129336,-0.15713839,-0.21149987,-1.1491907,-2.1221132,-0.47009107,-1.4603328,-0.056298286,1.072012,-1.0089054,0.21970218,-0.77810943,0.7548724,-0.088808686,-0.4938103,0.5705565,-1.2397497,0.92596495,0.9282477,0.16468523,-2.0176973,0.33239892,-0.22392434,-1.7008419,0.04104179,0.013250172,-1.361756,-1.0144134,-1.0675149,0.53022534,-0.11715326,0.46080416,-0.97352564,-0.2288564,0.9994361,1.2656839,-0.5111085,1.1673009,-0.88799095,-0.010304749,1.2495668,-0.12039853,-1.4936415,-0.18997341,-0.60772586,0.89331704,1.6714565,-0.0053504407,0.57336146,-1.4281605,-1.0483835,-0.45081112,0.149926,0.48793876,1.6282859,0.32413393,-0.88478374,-1.2031106,0.3093034,0.5936791,0.21219407,1.7609982,0.028464705,1.4164137,-1.3626269,-1.1714075,-0.053351194,0.7657793,-0.8089391,0.030190295,-0.75328714,-1.2165208,-0.5260522,-0.5954462,0.09942487,0.8239689,0.48393542,0.8339354,0.5153849,-0.85292196,0.0735338,0.57686937,-0.0067115426,0.59184563,0.55375445,-2.1850097,1.3851838,-0.99735904,-0.032527618,-0.99451244,0.65233296,-1.7325315,0.9426044,1.0999928,-1.4649453,1.3758531,-1.3372395,-0.2079784,0.22901496,0.4189014,-0.92724526,0.23386693,1.2097591,-0.13056006,-1.7724372,0.9440572,2.595584,1.2418544,0.6471754,0.7771319,-0.7293619,-0.44757056,-0.7594188,1.2314897,0.8923213,-1.798519
0.5014046,-0.222127,-0.49293387,-0.66799784,-0.1927998,0.21720807,-0.56269467,-0.4167518,0.7203155,0.46538204,-0.6811739,0.2635833,0.0012018979,0.20639303,-0.0671376,-1.9605062,-1.0590961,-0.1855732,-0.7327996,0.17507021,0.5358048,0.9400079,1.3241168,-1.1845366,0.26145455,0.3758376,0.048375368,0.49692392,-0.6506598,0.48982158,0.7496263,0.50255466,0.57186466,1.1341664,-0.07554038,-1.560864,0.008595854,0.22308078,-0.84367085,-0.72686255,-0.9646339,0.8192028,-0.4145611,0.045326352,-1.4296496,-0.5918739,0.82163584,-0.37519562,2.0129473,0.3653381,-0.85418296,-0.11877784,0.1314705,-0.7942311,-1.2069244,-0.2103363,-0.21688388,-0.29711866,0.44427848,-0.65874445,-0.2699762,-0.670131,-0.7484157,0.291003,0.54046834,-0.60232615,1.9276459,-1.0393426,0.14735132,-1.2080622,-0.12517168,0.42096412,0.5584544,0.89069104,-0.10333076,0.27880132,0.6356803,0.039199755,0.36760637,0.7095492,-1.8098176,0.52771443,-0.089568585,0.09767446,0.30464926,-0.43555477,1.018557,1.421701,0.86343306,-0.11400911,0.4823261,0.4694102,-0.19796726,-0.025245726,-0.20726287,0.7081323,-1.2285933,-0.97629684,0.11792675,-0.6029971,-0.8491447,0.1769946,-0.97658217,-0.5639359,0.042873167,0.38298815,-0.09631547,-0.15976277,-0.61863637,0.4048997,-0.35397324,-0.19191456,0.35126424,0.8698813,-0.37454796,-0.99614334,-0.33372962,1.4504957,0.76307863,1.4965959,1.9815555,-0.3306631,0.1381804,-1.2978928,0.1099962,0.5386573,0.13685516,-0.82776916
0.45655233,2.64299,0.030256994,0.0150594115,0.7350302,4.3923736,0.55404186,-1.645595,0.16995153,0.89686155,0.65231293,-2.7638385,0.43251574,0.29891908,-0.067763135,0.84325546,1.0241762,-1.1703472,-0.3572138,-0.15677401,-3.2188253,0.1482966,0.29064953,0.8437561,-1.8084471,0.23630178,-1.3477426,-1.7185547,1.4748011,-1.5158267,-0.56306976,0.5404777,-1.1176413,2.224092,0.37213045,3.0837283,-2.4364233,-0.45594585,1.8754447,-0.32385358,1.5269586,0.91096187,-1.3548291,0.3583686,-2.326939,0.67777574,1.4886659,0.07642622,2.3267102,-4.698931,1.9400356,0.24487406,-0.45020747,-1.2361748,0.6932696,0.1399123,0.22157562,1.3552458,-2.7254217,-1.0976207,-0.104872495,0.37936753,1.880306,-2.4981115,-0.586124,-1.0639324,-1.2936866,-1.4591863,2.1243896,0.714008,0.08328831,-0.24671051,-0.32289943,-1.0840017,1.5010691,-1.2683425,1.7658432,1.5731182,2.008849,-0.47901884,0.23588696,-0.053875882,-0.92166317,-1.4143279,0.6290831,0.5225671,0.02233854,0.8703111,-2.0676775,-2.425681,-1.2102169,2.5769076,0.3031855,-0.94073546,-0.37091735,0.055942774,-0.10264711,0.37821805,-0.410956,0.21724056,-1.479073,0.38663298,0.85127056,1.1148131,-0.6807083,-0.30844587,1.5982578,-0.8765768,0.1501325,0.55865747,-0.7953012,-0.06735206,1.0661817,-0.3344855,-0.17178386,-0.6001983,2.036379,-0.0026093088,0.13258329,-0.4227201,-1.4859369,0.9384748,2.5626721,-1.8549294,1.1461616,0.5866414,-0.5120886,0.58629113
-0.84167016,-2.0492578,1.5743091,-0.18042499,-0.06963579,-3.7678695,0.54344493,1.1845146,-0.65545624,-2.6839795,-0.12149069,2.4906285,-0.12819391,0.8723465,-0.80322695,0.16077295,0.8648868,3.1956692,1.3594611,0.376382,2.2791219,-0.75916696,0.20267715,0.7270677,1.4182128,0.2390904,1.9621705,1.5022722,-2.0624769,-0.47269875,0.09822472,-0.40421206,0.80993485,-3.3160691,2.2019243,-3.836958,2.7599692,-0.11273965,-1.8455727,-0.34489357,-0.44714028,-1.2645586,0.8969405,0.078000024,3.106092,-1.8948685,-2.0751572,0.7070519,-1.2170622,4.8124104,-1.3445529,-0.28991097,0.124071606,-0.26934016,-0.5326184,1.0460943,0.1949017,-3.0621202,1.808238,0.8506611,-0.87933046,-0.63996446,-1.1418436,1.6116389,0.167959,-0.15588957,-1.0292726,1.415121,-2.679313,-0.79624414,-1.1394851,0.84251255,0.51711255,-0.5390953,0.59510237,2.1111054,-1.0226748,-0.54531866,-1.2959094,-0.86065334,-0.48885754,-0.16355059,0.38562405,0.9815707,-0.049557865,-1.157143,0.5428295,-3.5466373,1.1064937,0.89532745,0.7725266,-2.935674,0.058712482,0.86535084,-0.16121204,-0.34522745,0.6113179,-1.3591065,1.4832243,0.03347543,1.1075089,0.6184664,2.226818,-0.987008,-0.6359354,-1.4907588,-1.9929135,1.3441308,-1.1496708,-0.41261658,1.0888085,-0.66123855,-1.7824781,0.08930606,0.9343106,-0.15915313,-2.5190072,-0.20393232,-1.3888572,0.16016518,-0.07310514,-0.040176436,-0.8063165,2.450928,0.09374924,-0.58634484,-0.093107104,-0.23340029
1.555126,0.81568897,0.8780351,-1.5215747,0.029100016,2.0381904,-1.0937958,-0.59568155,1.7209824,-0.15789962,-0.75621486,-0.47250468,-0.94958806,-0.010721147,-0.21724826,-1.59816,-1.6830724,0.244605,0.053085625,-0.6024401,0.2989099,1.3129437,-0.53488684,-0.7221358,0.5571572,1.1858003,-0.19625941,0.7341385,-0.6139042,-0.13649905,0.5814903,-0.71936625,-0.5119092,1.4531541,-0.28886718,-0.81678617,-0.8568953,0.79378664,-1.2058084,-0.6544982,-1.0689962,-0.001676321,-0.30148542,1.2469971,-1.9191446,0.113051504,0.9132358,1.5744432,1.7740178,-0.88324463,0.6965704,0.9735299,0.4949184,0.39065102,-1.7986023,-0.53128594,-0.20238887,-0.22506891,-0.16870442,0.24489975,0.14418903,0.5887772,-0.4355483,-0.8552441,-0.9351294,0.12484139,1.8289449,-0.9054968,0.7530438,-0.71046174,1.2933666,0.6786256,0.7694756,1.4051774,0.11825669,0.28742445,0.50492954,-0.6812863,1.4182215,0.32181084,-0.78962266,-0.68463904,-1.1683407,-0.10327658,0.6138375,-0.6279655,0.57907647,1.2879078,0.14544338,-0.8856237,-0.7940257,-0.54278445,0.1785464,-0.30556327,0.20250708,0.45444775,0.007205818,-1.4574816,0.9181298,-1.9500691,-1.0486577,-0.20889395,-0.31824613,-0.8274237,0.3911788,0.6219506,-0.034474447,0.86490345,-0.7332867,-0.07793794,-0.34703004,-0.33196205,0.20330356,0.826832,0.3099066,-1.4369879,-0.66830385,0.9410442,2.3912592,1.2938349,-0.006603837,-0.24727717,-0.62888455,-0.32976055,0.8176005,1.7960968,0.578464,-1.1135691
0.19665074,0.22096258,0.7953687,-0.48475003,-0.73362696,-0.06622772,0.570122,0.6994754,0.070728496,-1.1526172,-0.7686034,0.65345836,-0.8091632,0.44982818,-0.018417865,-0.20269856,-0.58911985,-1.2724024,-0.17740706,0.009215862,0.06809579,-0.93327725,-0.085903645,0.6056547,-0.4198476,-0.25370178,-0.20627168,1.4771203,-0.67827755,0.65738523,0.18216807,-1.1641818,-0.8911569,-0.05547481,-0.67615414,0.67434305,-0.46939462,-0.029991284,-0.008212268,-0.64877325,-0.27140176,0.07169981,0.13639535,0.4479794,0.05998029,0.64035046,-0.31089202,1.2648814,0.568704,-0.39170173,-1.2662241,0.4844477,1.3606018,-0.20564339,-0.4111415,-0.6750468,-0.7809229,0.6828199,0.6670206,0.62234586,0.6414319,0.36812824,1.1175991,-1.0649515,-1.2614703,0.6066648,0.001458353,0.44504845,0.7695476,-1.458524,-0.17177556,-0.035829604,1.1648444,1.4831891,-1.2823625,1.0573837,-0.2889638,-0.5296089,-1.2279446,1.7130713,0.41350672,0.17274949,0.47260708,-0.7695337,0.72402406,0.2770829,-0.65293205,0.07360199,0.84681696,1.1312873,0.33460027,1.0025781,-0.92024076,-0.33311692,-0.4581232,0.97043025,0.86574197,-0.2854479,-0.046891898,-0.61248934,-0.029166624,-0.49435592,1.811055,-0.26169717,-0.86827457,1.0416396,0.5221585,-0.17978019,-0.6452443,-0.06819916,-0.412619,-0.16356012,-0.7278364,0.307979,-0.0533652,0.13291909,-0.58408237,-0.8393229,1.742784,0.52701837,-0.5364219,-0.62947696,-1.5600882,-0.29656875,-0.3237616,-0.6430322,-1.1858907,0.13408071
-0.6063471,1.0416416,-0.10841669,0.114313096,0.18915138,0.3574386,-0.05966896,0.526925,-0.093854755,0.5072706,0.6572699,-0.43498012,-0.4249547,-0.39525688,-0.00801231,-2.2334073,1.3132807,0.23212655,-0.5815869,-0.8059504,-1.319365,1.1941863,0.4990285,-1.275512,-0.58478266,0.13866392,0.8297719,-1.2944643,0.6264359,-0.016604811,1.2982501,0.23380873,0.29674798,0.9165641,0.117491744,-0.32871744,0.55251676,-0.47307512,-0.43956393,-0.859554,-0.57344353,-0.29243734,-0.71789044,1.1453303,0.07145882,-0.15338664,-0.027298797,-0.49536365,-1.294626,1.1185982,-0.7268585,-0.80831903,-0.66990197,0.25909746,-0.58061355,-0.8454273,-0.038449645,-0.05985269,-1.9003379,-0.29911602,-0.62067986,-0.40177113,-0.42960683,2.875256,0.010991499,-0.32552367,2.015593,-0.2947633,-0.4490497,0.7309329,0.30058882,-0.324927,0.73719513,-0.14632583,-0.25180942,0.12686779,0.51809895,0.029614836,1.1481932,0.16438164,-0.9296539,0.5623716,0.5780769,1.2291406,0.22615616,0.5803851,0.7026069,0.598454,0.29318956,-1.0819743,-1.3400264,-0.24143791,0.4235282,-0.5394283,-0.25043797,0.81054235,-0.6846155,-1.1878567,-0.445231,-0.9017357,0.19726731,0.112389445,-0.9887848,0.74163985,-0.9347668,0.29788187,0.23825333,-0.3967678,-0.4710285,1.1449417,0.5346769,0.3253821,0.3721609,0.5096922,1.2540686,1.1280819,-0.12545998,1.1020281,1.0651561,-0.8691824,0.6922123,-0.007879123,1.65717,0.7864827,2.1475766,-0.038716495,-0.74173456,-1.5191569
-0.20504636,2.3003192,-0.08218846,0.79461485,0.4318146,1.8800346,-0.48978162,0.26542622,-0.027164698,0.4337223,0.71759033,-1.1191576,-0.5465385,0.4782325,0.03596428,-1.5519953,1.5111147,-0.44829226,-1.542783,-0.41756493,-3.004054,-0.012914764,0.85062516,-0.8332713,-1.7084019,-0.019389547,-0.4600147,-2.893203,1.532911,0.22780769,0.6255073,-0.15709665,-1.0426846,2.2848635,0.23807347,1.4603105,-0.6711699,-0.05702433,0.71174824,-0.34013158,0.46609637,0.14279424,-0.9019352,1.482789,0.4915516,1.6417214,0.97269106,-0.7230255,-1.4921055,-1.0817981,-0.114555866,-0.71813494,0.24815193,-0.47696298,-0.020466834,-1.1047987,-0.61416477,0.860409,-2.9742136,-0.61509097,0.12256228,-0.3393328,0.67213196,1.7329917,-0.78587794,-1.1291759,0.36160374,-0.083303005,0.3865779,1.024351,0.0069435835,-0.40906382,0.0648494,-0.46480417,1.2121542,-0.12906992,0.15863791,0.6020997,1.1742027,-0.2943223,-0.43340364,0.7879237,0.4978665,0.008833826,-0.5142324,0.18972799,0.43696526,1.1232524,0.06798273,-1.6888082,-1.5194812,1.2799604,0.23921242,-1.1990566,-0.17509992,1.1090184,-0.10567708,0.5803139,-1.0244658,-0.27023917,0.20825991,0.7923105,-0.1795818,1.1092334,-1.633193,0.53102106,0.8303302,-0.023583248,-0.50617945,0.9670309,-0.80123013,0.07789711,0.9536893,0.9700532,2.0277505,1.5702181,0.42072552,-0.7097107,1.0212761,-2.2171838,-0.6536627,-0.34691447,1.563191,0.24182168,2.8055472,-0.18008539,-1.5280163,-1.4008999
-0.041120067,-0.2084299,-0.31221148,0.3090716,-0.029304594,-1.7967447,0.3107639,-0.8852335,-0.0012858808,-1.2685869,0.24018115,0.65479004,0.46285588,-0.34631106,0.20911872,-0.557714,-0.3728514,-0.34510133,1.4580224,0.018629625,2.6905384,1.4863677,0.084873274,0.6959795,0.6688483,-0.15762793,0.9832798,1.7781019,-2.1746554,-0.76881003,0.45715943,0.39501578,2.008501,-1.201199,0.19175099,-1.3409407,2.9642248,0.08350443,-2.114345,0.038600206,-0.8897852,0.02462674,0.19904065,-0.5700232,-0.016424067,-1.0395128,-2.4873414,1.5291655,0.4297821,1.2919371,-1.5960191,-1.5012649,1.4327046,0.96234024,-0.30326,-0.4231609,0.087997496,-1.3955109,1.8772244,0.8582461,-0.5626749,0.3433603,0.16298541,-0.16947514,0.73146546,1.389386,0.45556256,0.4570951,0.25636923,-0.039944053,-0.45655286,0.17722517,-0.86350936,1.7032413,-0.41670004,0.6781658,0.79997,-0.5814588,-0.43352577,1.0045477,0.16764188,-0.18370858,-0.6619828,0.57633376,-0.61102915,-0.46510613,0.3633805,-1.5569035,-1.6628942,2.6458569,1.42861,-1.7856665,0.2794197,0.94801605,-0.19362235,-0.21682112,0.48567694,-1.2915968,0.44624516,-0.06441063,0.73347914,1.7348304,0.14183632,-1.2675214,-0.39661372,-0.19293992,-0.95746964,-0.124093145,-0.37877935,0.12707211,1.9851416,-1.3244121,-0.16359442,0.27378875,-0.09407379,-2.2730765,0.21293747,0.71576715,1.1457877,0.0683088,-0.13612217,0.10226032,-0.13186987,0.9027807,0.32828373,-1.4606459,-0.34619677,-1.1150872
1.6084793,3.4096725,1.0774227,-0.7953581,2.631142,4.6171017,0.49404663,-1.2280009,0.78525996,3.5576744,1.1130316,-1.4505364,0.6979381,-0.27210334,-1.0799677,3.4687777,-1.8763514,0.14211644,-0.6166587,0.7243944,-2.8783243,-1.6987262,0.6833157,1.9366403,-1.052867,-0.06623076,-2.5735097,-0.5228808,0.15676653,-1.6270325,-1.9448249,-2.1918824,0.23494454,2.5149162,2.2321525,0.8733044,-3.7640352,-0.9697505,0.22476786,1.7181115,2.9244747,1.7103689,-1.0882794,-0.9916338,-2.6366885,0.83453095,1.5069218,-0.798693,1.9639403,-3.5923252,2.305094,1.4189998,-0.116568856,-3.424441,-1.177829,0.6265049,-0.30160165,-0.15102836,0.6504177,-1.0190002,0.5332695,0.97291476,-0.36132252,-2.3611727,-0.016407833,0.5618614,-1.1305386,-0.4228214,0.84286714,0.4756889,-0.075657964,0.46418795,-1.8538573,-0.44444394,4.4425154,-1.7625923,1.0670148,1.4742813,2.958671,-1.4536932,0.028401375,0.33222044,0.61699116,-1.177872,-0.27068835,1.5948149,-2.7695417,-0.33490336,-1.5082566,-2.2036977,-1.7135379,0.5132142,0.18023229,-1.2699289,-0.50286555,0.9442948,0.95884675,-2.3270555,0.19582167,1.1669014,-3.220319,-1.0945568,-1.2701749,-1.842532,0.56184524,0.48184198,0.75751275,0.9943193,0.21764158,0.58928174,-2.2718253,0.3680741,-0.39441946,0.714569,0.09676939,-1.8443412,0.7549691,-1.060713,1.0085763,-0.28662142,-0.060773015,1.6489537,0.30820718,-1.2248466,-1.7486627,0.9563825,-0.54277396,-2.0327954
-1.0478387,-4.21425,-0.575944,-1.2423975,-0.7938962,-2.9759371,1.0805998,-0.6388643,-1.0138822,-0.44684505,0.4296316,-0.4650947,0.38663244,1.0709376,-0.5477424,1.6150424,-1.0237786,-1.5079664,-1.6297292,1.7024947,2.2102942,0.51996493,0.90856767,-2.1509593,1.303928,-1.0709543,-0.20061404,2.698772,0.7104191,-0.04214862,-0.3362119,-0.6584815,-0.33942893,-1.7348129,-2.6186538,1.1527777,-0.27343374,-0.20213199,1.3876917,0.5077318,-1.0348489,1.595221,0.73204494,-1.9181931,0.47412038,0.72544897,-0.30219698,-0.7552982,0.33223188,-0.453451,0.8223175,1.6187515,-1.6275672,0.92808104,2.5919828,0.15223071,0.112822294,0.35018805,1.5905498,-1.2444946,-0.021710709,-1.0927279,-2.0872724,-1.7011645,0.6181225,1.7927059,-0.79553473,-1.6397575,0.6218933,-2.2786994,-0.933013,0.12781543,-0.22715366,-0.64962924,-2.6854386,-2.0470328,-1.6438415,0.093012854,-0.113063395,-0.5228154,-1.2639291,0.51304954,0.48188436,0.09764281,0.409967,-0.74498796,0.37671027,-0.579877,0.073782116,0.7219799,3.7367182,2.1304414,0.9730558,2.7222757,0.96153677,-0.81790614,0.8042315,4.6314993,2.0422904,3.7292411,0.6039387,0.77262276,-0.18994538,0.12531315,2.8034215,-1.3106816,-1.4408731,-0.62534094,-0.93443924,-0.7571434,0.020459602,1.4703289,-1.5516993,-1.0277367,-3.7911842,0.28550854,1.3925741,0.5422667,-3.459909,2.870972,0.30153078,-0.18298931,-0.058622196,-2.4967375,-2.8660262,1.1138128,3.4212637,1.2953434
-1.126311,1.7926987,-1.9386955,0.76812327,1.1823343,2.2938454,-1.2857172,-0.55709445,0.49537936,1.0533187,0.48455822,-2.3121653,-0.18927783,-0.19778258,0.1397117,-1.915474,0.22971307,-1.1780996,-2.5018556,-1.087205,-2.673603,-0.2774545,1.3223755,-0.61338145,-1.3135625,-0.3284274,-0.7301626,-2.4360347,1.677726,0.65767944,0.2743631,-0.8020423,-1.3765213,2.5610647,-1.6437763,1.4640034,-1.3797221,-0.43263602,1.2762246,0.021801233,-0.7753826,0.77809227,-0.56761396,1.0634599,-0.2873714,1.7431054,1.5633621,0.15544532,-0.47774297,-2.6700644,0.62149477,-0.59952664,1.4740863,-1.556173,0.44283164,-0.74619424,-0.28772473,1.2122165,-2.606245,-0.9004139,1.2613083,0.6413998,0.8654645,0.53176785,-0.71120656,0.18982655,0.6263583,-1.7118609,1.64888,0.7372061,-0.39039117,-0.58975565,-0.14516895,0.75417095,-0.14498436,-0.8908067,0.27986938,0.8527137,0.4973113,0.26044762,-0.0060786605,0.71179,0.44055903,-0.6435555,-0.7388718,0.19524077,-0.36240718,2.1522293,-0.35849082,-1.7092571,-0.2794507,4.165103,0.5223917,-0.7211618,-0.117970526,0.5795341,-0.31231728,0.91090155,-1.4711473,-0.60030913,-0.6005666,0.76512915,-1.2745821,0.04148849,-0.6072903,1.1098045,1.019776,-0.84175086,-0.1063239,0.4744367,-0.56645215,0.27551854,0.8104385,0.4830649,0.5470661,0.10168816,1.556,-0.07250062,1.6032435,-1.3162218,-0.013181776,-0.3129215,0.43682408,-0.5978554,2.0947125,0.2573554,-0.8956063,-1.1792283
-1.0522887,1.8552301,-0.9271983,0.5173856,0.98923993,1.9568598,-1.1548855,0.12722787,-0.4192315,1.3910854,0.9405334,-2.7454615,0.25676084,-0.28156227,0.9275593,-0.9686668,2.9399357,0.30189762,-1.6141117,-2.1154075,-3.1073222,-0.22544736,1.465961,0.96289605,-1.552359,-0.8081577,0.44376206,-3.8667538,1.9085927,-0.27325085,-0.24009815,0.6771441,-0.4100181,2.4012184,0.611154,2.108962,-1.186286,-1.1918949,1.7269293,0.09004247,0.36926985,-0.006813596,-0.47995263,1.2907869,-0.004567817,0.9201877,1.0749271,0.054258376,-0.77519476,-2.3702822,0.4651841,-0.43150324,0.114271134,-0.25336725,0.84844345,0.560141,0.19744551,1.3097688,-2.7079136,-0.31616357,0.43283954,1.087788,2.0975776,1.5427403,-0.509186,-1.7534878,-1.5936992,-0.24326062,0.6812065,2.2191706,-0.2670824,-0.87696934,0.08238509,-0.93683106,1.4774451,-0.9578942,0.61029017,1.4529314,1.4352258,-0.03853245,0.5441121,0.36172098,-0.40111685,-0.8422337,-0.887001,0.5586838,0.23289177,1.1958745,-0.82346535,-2.6371121,-2.1481934,2.919702,0.0050855875,-0.3136819,-0.83948153,0.8561302,0.0469051,1.0637985,-1.774086,0.23109138,0.11101928,-0.29000658,-0.7949308,1.8706605,-1.8458833,-0.18064496,1.5642207,-1.5154574,0.96136403,0.906336,-0.5900546,0.008219242,0.98065037,-0.18553804,1.4712846,0.9363549,0.8286072,0.21303698,0.8633698,-2.0687013,-0.61818033,-0.36771232,2.2425737,0.60341156,1.6478252,-0.7137115,-1.8053948,-0.15140319
-0.46346813,0.88076234,2.0274515,0.3348295,-0.35796708,0.7372164,0.64626914,-0.31608886,0.5598826,-0.008378148,-0.36513028,0.601495,-1.4369359,0.016875595,-0.20493221,-1.4124365,0.9934685,-0.02708444,-1.1555147,-0.4160843,-1.237153,0.49098417,-0.16794342,-1.0123075,-0.8092318,0.24362749,0.5080246,-0.6459728,-0.44451323,-0.2752313,1.0281715,-0.8967334,-0.9334705,-0.09893489,0.22041455,0.79866,-0.11060977,-0.83975255,0.65261924,-0.69498026,0.30324048,-0.35310084,-0.8669791,0.76177174,-0.19689462,0.8238346,0.30672926,1.0207475,-0.8881913,0.14937407,-0.5631386,-0.42928764,-0.5916921,0.6900431,-0.028177083,-0.42418975,-0.2730119,0.67838275,-1.406208,-0.32234156,-0.34235397,-1.093656,0.8449962,1.2981229,-1.3148184,0.39439607,0.70754576,0.8177724,0.18470366,0.049578592,0.81901693,0.3945263,0.5919208,0.2986884,0.67526984,0.519548,-0.7159935,-0.35639745,0.043955013,-0.082704246,-0.049678236,0.237935,0.29229844,0.09851219,-1.1459756,-0.5397471,0.4782796,0.52629715,0.60019195,-0.8548696,-1.1686175,-0.8290503,-0.37775767,-0.48392516,-0.5514272,0.8210393,0.5998719,-0.9217327,-0.7276099,-1.0566952,-0.4861188,-0.37482098,1.1338614,0.6737606,-0.5285561,-0.11104268,0.10605565,0.88126993,-1.4244564,1.3693632,0.26960698,0.7199651,-0.9241195,-0.3144513,1.622529,1.3657954,-0.22092026,-0.6519503,1.1203676,-0.36630493,-0.78940594,-0.1982983,1.362628,1.1356311,2.4540882,0.39570573,-1.4261909,-0.844341
1.0706651,-1.234727,1.7097347,-0.67584705,-0.8205321,-2.4213018,0.6236049,1.6735362,-0.54620165,-1.1826068,-0.66345346,1.5956734,0.101168215,0.18728235,0.7379722,3.0875216,0.6531795,0.8224765,0.4531331,0.92829764,0.66294324,-1.4270707,0.49618644,0.9081309,-0.4637174,1.0391488,-0.10067636,1.2886157,0.19092505,-0.15340868,0.20257491,-0.89178854,-1.1872816,-1.3114356,1.0689164,0.5205112,-0.15014076,-0.14208171,0.97206104,-1.0086111,0.04815063,-0.60727346,1.757991,-1.5223625,1.57183,-1.2569221,-0.8111572,0.22360712,-0.6099755,1.0986099,-1.1251371,1.9927495,-1.1738459,-0.3780052,1.4404862,0.6640462,0.94221795,-0.75041455,1.2640681,0.39598992,0.3814397,-0.6657196,-1.1916726,-1.1448778,-0.65453476,0.8272345,-2.7086573,1.3033975,-1.7177134,-1.5803246,-0.39595446,1.5417829,1.1501951,-1.0079148,-0.32896984,0.39619002,-0.056643307,1.1480722,0.41520417,-1.8182837,-1.2287613,-0.1826091,-0.18016163,-1.0326173,0.9640787,0.8117416,-1.1349999,-2.590115,1.1411211,0.035633713,-0.12125102,0.08345482,-1.8610454,0.40118635,-2.2920048,-0.10790738,1.5804665,1.0348034,1.0767263,0.21226487,-0.4554333,-1.6985435,2.1860356,0.23711105,-0.5978658,-1.23084,-0.9387994,0.4603804,-0.57449085,-1.5636692,-1.07808,-0.78909,-1.6175135,0.4224217,-0.9987091,0.3850327,-1.6089338,0.21420157,-2.2924013,2.4448004,-0.912082,-0.06798515,-0.9656321,-0.507712,-3.1970005,0.1377556,-0.53122425,1.3611839
1.0914195,-0.7824165,1.6788476,-1.5744117,-0.69781506,-1.9558065,2.1561415,1.051496,0.053136744,-1.4100829,0.67624414,0.8865357,1.1464787,2.5668728,-0.4701063,-1.5507684,-0.6303891,1.876604,2.0877676,0.0092561245,-0.07787216,0.40937224,-0.033447236,-0.45272952,1.0243634,0.74585545,0.38035664,1.1825016,-1.0255709,-0.0075055957,0.37783584,-0.4660565,0.99787474,-0.75011814,0.83815837,-2.3998692,1.2585961,1.0802065,-1.3782525,-1.4767812,-0.9735111,0.5238722,-0.41722423,-1.3799764,1.0108511,-0.9240188,-1.7303513,-0.03446704,0.9466929,3.4274287,-1.5819821,-0.5665656,-0.7650522,-1.019808,-0.9580597,0.3121548,-0.7528702,-3.150938,1.7413372,-0.1665743,-2.3394237,-0.9482627,-2.0139117,0.90039015,-0.6269496,0.21647893,0.02304993,0.5821564,-1.7914901,-1.412945,0.31476337,0.41130868,0.87053907,0.031021304,1.6588988,1.2970053,0.38836923,-0.8629175,0.87118816,-0.4055665,-1.672708,0.5175053,-1.0468166,0.21735652,0.558108,-0.77256,1.5962546,-2.6855767,-0.058961798,0.11034478,0.9462654,-3.2500494,-0.03656271,1.3879791,0.3474978,-0.11752632,-0.5024929,-0.71000475,2.4514499,0.44841325,0.957438,0.4934382,1.0700814,-0.75807244,-0.67365223,-1.3351738,-1.5516272,0.7072992,-1.4209578,0.16227798,-0.30072224,-1.2972772,-0.6607509,0.33832917,0.62719834,0.4700992,-2.5253491,0.6771375,-1.4342322,1.9331707,0.7156018,1.0896661,0.99515057,-0.84399015,-0.28531906,0.4120411,0.18595803,0.028421804
-0.38773745,-0.42249548,0.3314858,0.79115784,-0.59457976,-0.5184507,0.96959513,0.0824598,-0.29518992,-0.57454795,0.17345828,0.46475443,-1.5351207,0.55331576,-1.5674145,-0.079225466,-0.08223796,-0.6324853,0.50875545,1.0661056,0.74998677,0.37069947,-0.7882801,-0.15957993,0.45291975,0.296871,1.050353,1.8041711,-0.6386127,-0.6538273,0.99191123,-0.0013759648,-0.08413916,-0.245354,-0.3685176,-0.61980665,1.3083825,-0.36206833,-0.270418,-0.13223791,-0.6395777,-0.073070616,0.3631506,-0.85988724,0.8728792,-0.94610363,-1.9127659,0.60353065,-0.3756863,0.691263,-1.4306874,0.07835078,-0.13104725,-1.0483344,0.25330538,0.1580407,0.2906258,-0.45556766,-0.28600433,0.41550612,-0.37100396,0.56137514,0.6555323,-0.3393879,-0.24444968,2.6674576,1.4579285,-0.22413096,-0.14239088,-1.0235797,0.15219134,-0.27308202,0.94274235,0.046952084,-1.1539807,0.18897651,0.15761526,-0.24852511,-2.0631495,0.7264689,0.5417811,-0.6213822,0.5761947,0.79796255,0.6643961,-0.043048233,-1.812696,-1.0344548,0.13014333,0.41371548,1.564666,-0.044953525,-0.23076358,-0.81119204,-0.901432,0.44796297,-0.36338252,-0.9227361,-0.2391006,-0.14657757,-0.65419286,0.4711028,1.6199303,0.47835016,0.19416292,0.3610415,-0.45181352,-0.34652072,0.8408927,0.3963781,1.5100791,-0.34626845,-0.85999286,0.07019368,-0.00020243227,-0.6990057,0.3164027,-0.43123662,0.15586165,0.6492124,-1.428273,0.5902876,0.12390572,0.060998894,1.1860743,-0.37836805,-0.14497618,-0.5309073
-0.2705291,-1.5074078,-1.8282475,-1.1684122,1.0927424,-2.1452618,0.09721112,0.26706824,-0.04918742,0.57400864,0.3447717,0.5357476,-0.20525157,0.1137802,0.17328946,0.06777409,-2.282615,0.8200668,-1.7867854,0.41905156,0.7083714,-0.6665429,1.0294617,-1.1633112,1.143581,-1.2023575,-0.28013816,0.88137084,2.0405662,1.6123897,0.051619135,-2.2134447,-0.40991345,-0.9267933,-1.1917516,-2.7288158,0.585128,-0.49750826,0.39983493,1.2117572,-0.10122326,0.05765684,0.1047433,0.20101127,0.53761494,-0.47008675,0.05837167,-0.92617416,-1.8769109,2.0299902,-0.09585717,0.6903593,0.3839121,0.21143538,-0.57307124,1.146225,-0.9469905,-0.13431063,2.1359181,-0.62674606,-0.6393443,-0.7105378,-3.163218,0.83623594,-0.09725769,2.65656,-0.0060665533,0.3825598,-2.7218714,0.24059272,-0.48443574,0.58061403,0.223064,1.2190074,-0.29219124,-0.09090808,-0.75642246,-0.076782286,1.8105643,-0.8965161,-0.85964817,-0.0054223537,0.2854025,0.272838,-0.031122506,-0.10890436,1.0746992,-0.08362615,-0.3193105,-0.27021474,1.1826396,-0.5601281,0.33262405,1.1941278,0.15970689,0.045903563,1.1081457,-0.048069194,-0.38132575,2.079563,0.935056,0.79703534,-1.6570246,-1.6700478,0.97759515,0.0183537,-1.5235379,0.85723627,-1.0484624,-0.8334726,-1.0835004,2.2329385,-0.13062492,0.33905965,-0.1898075,0.3639872,-0.82411265,0.3467856,-0.51903784,1.0127094,1.633906,0.9038376,-1.2332271,0.69283694,-2.0109448,0.32398823,0.7360227,-1.2426603
1.4442018,0.454746,2.8352714,0.48716936,-1.1120117,-0.66639674,1.608002,1.4490414,-0.11525151,-0.27167746,-0.53607535,2.9428425,0.16552961,0.14225158,-0.6499488,1.1458066,0.1506567,1.3529505,0.8971035,1.7557116,0.2914064,-1.1034135,-1.5179706,-0.8951105,0.30962414,1.5416887,-0.580214,0.14558777,0.57355726,-0.36127678,0.42254966,0.3993172,0.05724016,-1.0216889,3.0226226,-0.75282234,1.3740895,0.7938317,-1.0785711,-0.4506554,2.2197373,-0.030255487,0.12979245,-0.82309556,-0.07572777,-2.0576591,-0.09830499,-2.1291296,-1.1531832,3.4674015,-1.0692765,1.7529175,-0.6353842,-0.58539766,-1.097178,-0.12304455,0.5229664,0.050483048,0.4815947,0.3206728,-1.062971,-1.8547394,-1.2857248,-0.005000353,0.12561703,-1.3343004,0.8402248,2.0808394,-2.8990378,-0.70297146,0.46541503,-0.10786727,0.030067954,-2.232309,1.6847856,0.36489984,-0.50909925,-0.45688835,0.31878698,-0.55282927,-0.837238,0.24826953,-0.6218556,0.9067386,0.651041,1.6440198,-0.3907353,-1.3879445,1.2074493,0.5942215,-1.8065878,-3.9132261,-1.0884302,-1.3414598,-1.0513449,0.97255033,-0.57805693,-1.6350892,0.83022034,-0.72429794,-0.57352823,-1.9299078,1.2651248,0.120823786,-1.1085833,-0.4036947,-0.695879,2.4486012,-0.7933368,0.08754878,1.1630342,0.30495048,-0.7787497,1.6434695,1.4223425,0.1825226,-1.7675552,0.83418274,-0.4504773,-0.0387777,0.06610553,0.280367,0.015395552,0.9969605,-0.62192255,0.6115865,-1.3417965,0.08806945
-1.6178544,1.2911491,-0.84508216,0.3374977,1.4554565,1.0154158,-0.49985844,0.6202996,0.21954949,-0.09501326,0.42484757,-2.2434623,0.15747325,-0.5037958,-0.07744819,-1.7510593,0.798872,-0.12091383,-1.5537459,-1.7308263,-1.3223264,0.78295034,0.63279957,-0.2557072,-0.13183092,-0.34411886,0.42686522,-1.7678784,1.3479321,-0.5671912,0.56700426,-0.50685877,-0.38009906,1.5468168,-0.4187242,0.58473706,-0.2940356,-1.0514207,0.66589624,-1.2132504,-0.84592843,-0.9894885,0.3364181,1.8634667,0.9508829,1.8922688,-0.6513453,0.6134467,-1.7319522,-1.3242712,-0.2886784,-0.3600884,-0.33645302,0.33009297,-0.007844374,-0.8827949,0.6192608,-0.25325787,-2.3762517,-0.55829424,0.8055411,0.019807562,0.44282842,1.7749338,-0.4256534,0.20418388,0.16028072,-0.48317352,0.6810755,1.6393986,1.1669662,-1.093219,0.102671534,-0.939963,0.23686251,-0.57329464,0.6099577,0.09939459,0.49906868,-0.120836094,-0.570928,0.27464458,1.0428505,0.10994416,-0.54464823,0.4667466,-0.010875165,1.3443491,-0.019797742,-1.1748757,-0.9076725,1.7688844,1.728659,-0.38876855,0.27636328,0.3498582,0.27386025,0.18814299,-0.7022569,-0.9630761,-0.11798395,0.5704137,-1.6355543,1.2615974,-0.4635588,0.5540322,0.24724527,-0.36202088,1.014174,1.631683,-0.49440542,-0.061226517,0.15193564,0.19197291,0.7105863,0.031458743,0.8989489,-0.2437756,0.7585841,-1.6318607,-0.45218623,-1.2696888,1.320781,1.4175158,2.9059234,0.092087775,-0.4115958,-1.3779514
-1.3473694,-0.5878467,-1.6024978,0.98984265,1.2562867,-2.8542314,-2.279002,1.7600981,0.11440557,0.71308124,-1.594163,2.2094326,0.19849023,-0.9064202,1.5952253,-1.416674,0.42188716,-0.261771,-0.9108985,-0.5538974,1.9149723,-0.6778431,0.8135651,-1.1308677,0.5169784,-1.7547052,1.1192167,-1.2964141,-0.9149287,1.9198234,-0.5220808,0.52976376,-0.3129402,-0.14534995,-1.2939172,-2.458225,0.9708806,0.43908003,-0.86511064,0.46211907,-2.232443,-1.0894989,0.22437066,0.8495902,0.9849477,0.3114586,0.1675008,-0.12469481,-2.649221,3.1428087,-1.4692167,-0.27920973,1.2943211,2.2382274,-1.9994833,0.20112187,-0.9499163,0.39764038,0.9413965,0.6985854,0.74649024,1.3078389,-0.30445835,3.9401565,-0.64375025,0.41131133,0.2462572,1.05548,-2.0335474,1.0894167,0.5318271,0.40539268,0.3132566,1.8316151,-0.8069832,1.1974218,-0.030973509,-1.7069557,0.38090718,1.4121823,0.27957392,-0.7246236,-0.8905057,1.018583,-1.4364334,0.019552886,1.8396952,1.448593,0.5809273,1.1312115,-1.0191895,-0.89135885,0.25624686,0.37043068,-0.27468956,0.65568703,0.29722348,-1.4393425,-1.0665004,-1.4388434,0.15447934,1.6820999,-2.9422436,-0.05982086,-0.4749539,1.8464565,-0.13015705,-1.1035854,0.99840045,-0.6798303,-0.09494424,0.84995747,0.2061953,0.3600529,1.8964827,1.2843289,-2.163516,-0.8183634,3.653778,-1.3418598,0.8971245,-0.8600191,-1.7984848,2.5920112,-0.15967964,-1.6547871,0.6716673,-1.5033722
0.43732768,-1.0753098,0.9457652,-1.1141334,-0.51296246,-3.4300508,1.683164,1.8813522,-0.14129652,-1.8423665,1.0672971,1.8450391,-0.34304553,1.2546605,-0.7788783,-1.2090424,1.2332828,3.4857388,3.9800267,-0.39518988,2.1241071,3.083197,-0.23045664,-0.029508203,2.2233846,-0.77283,2.5843253,0.90806,-0.7361556,-1.1496435,-0.22172083,0.6190327,3.3073363,-3.0573516,2.1237476,-3.726231,2.5664487,0.4625184,-1.7927406,-0.49007714,-0.7621892,-1.6104153,0.7789986,-0.088133104,2.9937682,-1.3884559,-3.4336905,-0.44716334,-1.098271,5.1185102,-1.7864671,-0.27667254,-2.2178974,1.6111312,-1.4414895,0.57303095,1.3513939,-3.6575737,1.8391039,0.37371016,-1.69157,-1.4401002,-1.9224207,3.5913434,0.1620284,-0.30564204,-0.19201812,1.1983757,-3.442281,0.42838618,1.1530095,0.627024,1.0339113,-1.7674226,0.6906965,1.5206804,0.34284088,-1.3199,0.0965714,-0.4061942,0.28476298,0.1406918,-0.2684857,2.7577734,0.45163912,-1.0518271,1.0998398,-4.2142363,0.74738353,0.59013593,-0.5645223,-5.657687,-0.73215014,1.4709908,-0.40095586,-0.38664854,-0.005381599,-1.2125242,1.8477774,0.7530097,1.8360283,0.106189966,-0.34640583,0.9834418,-0.7146046,-2.489832,-1.683503,0.8375416,-0.97298133,0.065054476,0.5830743,0.16955546,-1.0111217,-0.2855991,1.691232,0.5855369,-2.6545064,1.4190226,-2.2445707,1.057016,0.03124775,-0.33559602,0.7633331,2.7844112,0.5740968,-1.1423695,-0.45272875,-0.28309757
-0.69908816,1.2325523,-0.42028224,0.9409508,0.0068368465,1.1726173,-0.37233013,0.1552698,-0.36874,0.012350038,1.3589293,-1.4767851,-0.52060056,-0.3588211,-0.030582353,-1.8165158,0.75492513,0.8403246,-0.9450903,-1.0179058,-2.6337533,1.1737394,1.5045135,-0.06565325,-0.37646878,-0.24314648,0.794356,-1.8960618,1.1145993,-0.24687316,0.9229007,-0.2867275,-0.6656427,0.5367447,0.6896758,0.6061994,-0.031547815,-1.2838391,0.7551353,0.04338309,0.6032049,0.14460826,-0.42465484,1.2479918,0.57598925,-0.20461816,0.64623153,-0.8534547,-1.0067741,-0.45724612,0.53769726,-0.025397494,-0.53907704,-0.4555323,1.2363508,-0.041899182,-0.49704573,-0.2711742,-1.7033033,-0.64329493,-0.509444,-0.10587096,-0.45399243,1.6848943,-0.011377849,-0.40115207,0.5669142,-0.062013432,-0.16864598,0.85727143,-0.6814348,-1.120036,0.8812295,-0.40617362,0.35629362,-0.7888258,-0.73942864,1.0797981,0.79110813,-0.5683044,0.2672211,0.20043994,1.4345438,-0.03944269,-0.20416638,0.5329714,0.39303422,0.46421295,0.30633944,-1.3776305,-0.75175416,1.060107,0.40095645,0.026862502,0.0033639073,0.90537333,-0.9781369,-0.36135986,-2.156931,0.15816642,0.25347078,-0.9971094,-0.012979105,0.86078036,-0.75830424,0.5012602,-0.15649,0.0953608,-0.9048716,0.75979924,0.45525804,-0.3470533,0.8929144,0.6768775,0.668828,0.055836067,0.4412341,0.013930619,-0.5652962,-1.1224204,-0.036453813,0.30823225,1.8604391,0.40633655,2.052551,-0.24663576,-0.5794958,-0.19773509
-0.81385386,2.5949192,-0.8657495,1.3572402,0.46237564,1.8672781,-0.96880674,0.25471386,-0.2374395,0.6126234,0.33055434,-1.0588114,-0.6601494,0.08603948,0.33376017,-1.5588498,1.5438539,-0.54525226,-1.5140928,-0.35047004,-3.2199638,-0.35870022,1.3724737,-0.7779689,-1.474841,-0.7477064,-0.55535656,-3.361093,2.3042774,0.35117397,-0.04430157,-0.2641544,-1.1542346,2.3141425,0.17146438,1.4768472,-1.3257195,-0.21424031,0.8982487,-0.48301345,0.6670522,-0.34804323,-0.4541679,1.4099774,1.1741072,1.9344702,1.2660353,-0.88091266,-2.399691,-0.977307,-0.12710986,-0.276696,0.23859262,-0.6850948,0.4758188,-1.4519073,-0.86178994,0.76643354,-2.856347,-0.6262462,0.32491672,-0.43734798,0.60145664,2.303358,-0.35516584,-0.8807995,0.5011616,-0.29713574,0.43062887,1.3491915,0.09306437,-0.5773476,0.15048394,-0.18589744,0.7014861,-0.20032214,-0.4038494,0.9700313,1.0566291,0.079572365,0.43229777,0.47330403,0.9420054,0.2128563,-0.34929535,0.6518575,-0.09929949,1.3495079,0.13802883,-1.3236399,-1.6551719,1.6000941,0.19994172,-1.2123235,-0.090500236,1.2424887,-0.23866168,0.86694354,-1.8462522,-0.49737927,0.45421478,0.33276653,-0.75752056,1.1510473,-1.7553355,0.9698922,0.92760545,-0.37599134,-0.39869615,0.39504212,-0.7858128,0.06514639,1.4706279,1.1826165,1.7616963,1.828511,0.2366243,-0.97320986,1.0497236,-3.0145745,-0.8094218,-0.25388074,1.3918197,0.37519717,2.2087162,-0.9408728,-1.3908559,-1.2584107
1.4312817,-0.5671564,1.0049031,0.21732458,-0.525793,1.0174192,1.3931776,-0.34087685,-0.26907527,-0.05982341,-0.94831777,1.9416045,0.56294006,-0.8316038,-0.60937154,1.6565913,-0.19404529,-0.34385282,0.856436,1.5607941,-0.02878216,0.48961908,-1.1868776,0.9462035,-1.0385396,0.60055846,-0.35089743,-0.046483494,-0.7447974,-0.70905787,1.5725005,0.91001195,1.1512202,-1.5232313,1.729854,-0.1844072,1.0306475,-0.8685888,0.61814225,0.8951582,1.0835284,-0.2667379,0.10785459,-1.4317741,-0.6692709,-2.3767722,-0.6450174,-0.02767038,0.93584484,0.6072152,-0.19039568,0.9102422,0.9917683,-0.30215728,0.4891482,-0.39788598,-0.27146244,-0.35391468,1.1790853,1.3338057,0.043133467,-0.28139126,-0.66765773,-1.6876795,0.5117509,0.6692808,-0.52520245,1.7096269,-1.4662747,-0.6262341,-0.2550718,-0.87377465,-1.1537879,-1.4941232,2.8990278,0.33854803,1.6429073,0.70735836,-0.3525501,-0.40680194,-0.5843607,-0.52173793,-0.9896632,-0.15239993,-0.029016241,-0.92981035,-0.696711,-0.8650676,-0.9238006,-0.2901165,-1.3567392,-1.8574286,0.5624902,-1.5746891,0.57504225,0.01252459,-0.41570544,-1.9008118,0.67023134,0.17970432,-1.7542174,0.08844038,0.8397769,-0.3161346,0.6042958,-0.6467252,-1.3317516,0.71252805,0.94029415,0.08866758,0.6222391,-0.7772302,-0.62356097,0.19170833,1.2790623,-1.817319,-0.27197272,1.3307022,-0.82013834,0.5234662,0.16706753,0.5360264,-0.14216873,1.2738825,1.0513381,0.7211827,-0.5971307,-0.46147645
-0.88334113,-1.9051522,-1.6882088,0.0926117,-0.6915823,-2.2681751,-1.4894811,0.40747616,0.42655584,0.08807418,0.072300225,0.050779432,-0.22272697,-0.027337164,-1.4426713,0.9373051,-1.4167421,0.5690872,-1.7760842,-0.42861903,2.0381317,-0.5084241,0.8695092,-0.51626664,2.11945,1.2291629,-0.4256034,2.487136,0.6127876,-0.7014686,-1.5211104,0.50761807,-0.63793314,-0.8452159,-1.4513173,-0.54861194,-0.39510515,0.791361,-0.20376809,0.23342595,0.122614995,-0.4058212,1.0745935,-0.9106628,-0.55230355,-0.39175847,0.6919342,0.097425364,0.76052034,-0.7108655,0.55125564,0.32249206,-1.0144321,-0.7147968,1.1685197,2.2078853,1.513729,0.0170566,1.0191208,-0.68458104,0.34902608,-0.5139004,-0.28980416,-1.5580766,0.53562623,-1.4942864,0.5521894,-1.1650318,0.28853536,-1.7887449,0.4491558,0.71010435,1.2812936,1.4596299,-3.6986392,-0.079375,-1.0865517,0.71482575,-1.0092427,0.6370512,0.12669043,0.06840992,0.584724,0.714046,0.4495172,0.35835654,1.1313148,0.55832845,1.4623054,1.9244221,2.5204976,2.3168912,-1.0349281,1.9181321,-0.20740962,0.5829508,-0.23923437,2.398753,0.41996777,0.6167764,0.14547822,-1.2442403,-0.22224319,0.42889664,0.68575835,0.27870065,0.10533871,0.03735994,-0.57041013,-0.8027833,-0.90494263,0.6711606,0.5291369,-0.11895518,-3.0431652,-0.70942426,0.031591658,0.6710447,-1.5497694,1.7606329,1.4205607,-0.74859,-1.0550382,-0.86581254,-2.8581688,-0.21955332,0.9689073,1.1235523
-0.017058104,-2.115354,-0.782798,0.34771663,-1.264838,-1.2973003,1.4636785,-0.12453574,0.046845842,-1.6833129,-1.6105213,0.65941787,-0.42575935,-0.8180905,0.6721495,2.1366835,-1.0822194,-1.8379201,-0.08588576,1.1214055,2.7825222,-0.21300012,-1.002852,-0.6122432,0.9079764,-1.0955005,-0.31075668,2.5261703,-1.4039792,-0.2172066,-1.0267739,1.3544725,-1.0888325,-3.1432295,-1.5697817,-0.1197626,-0.48646748,0.49771369,0.95836806,0.26507398,-0.0010261238,0.045551613,-0.24501127,-1.0942686,-0.9167944,0.27900225,0.8576764,-0.14470017,1.5409157,-0.4615544,1.1807741,1.0813708,-0.7650237,0.7494615,2.467566,-0.22916403,0.0192585,0.88522357,1.0047174,0.7436658,0.46251068,0.51236725,1.0189998,-2.6707382,-0.55785984,-0.18021548,-0.40471518,-0.34970948,1.4020557,-1.2093276,-0.26764908,0.62997496,0.6713541,-0.2203209,-3.2667065,0.7209573,-0.15054318,-0.07125175,-1.7586777,1.2808717,0.24408229,-0.94711643,-0.036619794,-0.060850516,-0.61627626,-0.5300295,0.78639555,1.3341904,0.8067771,2.664927,1.468221,0.9269693,-0.718688,0.39265817,0.65292215,-1.2986684,-0.9364893,1.7319936,1.0366127,-0.55053604,0.2427336,0.24999365,1.070168,-0.3515808,1.2525613,1.597044,0.6708261,-0.9817317,0.017189324,-0.9462399,0.68628085,0.7460066,-0.83859193,-0.87463975,-3.4878974,-0.08907232,0.44485372,-1.0282228,-0.9760349,0.58490777,-0.13739127,0.033658072,-0.6118988,-0.413896,-1.6859715,0.37060022,1.631187,1.6150329
0.26157224,2.1297925,-0.89973223,-1.0453998,0.64914924,3.40036,0.2850541,-1.2894645,0.50954914,0.2573326,0.43222964,-1.6878893,-0.73765296,1.0247728,-0.64037097,-2.2362642,-0.45221508,-0.0066223517,-0.6633376,-0.39258185,-2.2942214,1.2540202,0.8910401,-1.1288743,-0.56156254,-0.39987057,-1.5052325,-0.788503,1.3967978,-0.38142878,0.7355708,-0.29965734,-1.2002249,2.3390112,-0.5097538,1.1464398,-1.892322,-0.4311613,0.5045887,-1.5742261,-0.29913986,1.1044946,-1.0324231,0.8902434,-1.4383066,1.2387328,1.0229374,0.8642304,1.7654303,-2.608831,0.9270443,-0.64607906,-0.39827064,-0.74156404,-0.13451478,-0.2634547,-0.19449824,-0.38270748,-1.930267,-1.4448149,-0.23156108,-0.6915905,0.12214875,-1.4117653,-0.7330551,0.37620923,1.5352616,-1.7167714,2.1394203,0.2134237,0.99466085,-0.2168966,0.34173298,0.6010887,0.6819284,-0.67128915,-0.16035885,0.8729403,1.5767202,-0.36459905,-0.52261084,0.62634516,0.16887712,-0.19644043,0.41242966,0.15363586,1.0018659,1.4076154,-0.7551241,-1.4429072,0.0107122995,1.6282203,0.4061795,-0.42476833,0.9509463,0.78095764,-0.13426697,-0.5572832,-1.2240368,-0.9446141,-0.532417,-0.395552,-0.2968462,0.26606065,0.11399931,0.08148539,0.052424937,0.2574256,-0.743646,0.8550172,-0.48194057,0.55915993,0.9423118,0.52465886,0.020400196,0.0063672513,1.1534396,0.4163792,-0.010743284,0.050182894,-0.5560043,0.79990095,1.473412,-2.3879924,1.1658536,0.5955764,0.52297974,-0.7462859
0.5128105,1.1934452,-0.16794878,-0.20330924,0.46516883,-0.3846388,-1.1740181,0.7278725,0.3185088,1.4040548,-0.766719,1.1836349,0.24832882,-0.6401589,0.9556716,-1.1136281,-0.54199064,-1.08258,-0.29323453,-1.0567992,0.91789955,-0.28708377,-0.6875905,0.2266531,-0.15416288,0.03343723,0.17259559,-1.1502563,-0.29286844,0.77211046,0.06125483,0.23662116,0.21850601,1.8393021,-0.8592124,-0.8846628,0.7510209,0.3554021,-1.3302453,-0.50293213,-1.7304848,-0.34302077,0.06818858,0.725417,-0.3298202,0.20818934,-0.08984229,1.0822653,-2.3038,0.9621713,-1.5122461,-0.7390292,1.3341162,0.67594355,-1.980104,-0.90438426,-1.3694807,0.031267732,0.124135815,1.3433466,1.8146043,1.2015686,0.105679184,2.6331992,-0.5590831,1.1336176,1.2215133,1.2313044,-0.7557164,0.9106183,0.9916922,0.29381675,-1.4536976,1.5714984,0.6919497,0.5181433,0.30875713,-0.58545256,0.38306534,1.5834152,-0.8036527,-0.58615863,-1.1975381,0.57536936,-0.84004843,0.37485647,-0.88435596,0.7685652,-0.074205905,0.34605563,-2.003139,-1.7210081,0.26245648,-1.0553261,-0.21415532,0.7662612,1.2036098,-1.4972022,-0.03508985,-1.9571007,-0.32026732,0.48086664,-2.2645557,-0.85863924,-1.4666396,0.09328365,-0.38281667,-0.19226924,1.2985028,0.38280135,0.1761916,-0.2113286,0.20840994,0.9577816,1.4047318,-0.38869753,-0.71106434,0.8392744,3.6648314,-1.2510424,0.80507827,-1.1134176,-1.5226724,1.3193091,0.6540267,0.020475835,-0.32927373,-2.0393252
0.271542,-2.1737082,-0.4390878,-1.0157928,-0.2660082,-2.1711571,-0.50683236,0.24820174,-0.18508105,-0.07551916,1.4976921,0.38935682,0.44647136,-0.22781146,0.989686,1.3273649,-1.7737733,1.1961441,-0.44411138,0.92216873,1.4636719,-0.7304073,0.4048401,-0.9157859,0.98316824,-0.32299337,-0.17139235,2.317119,1.1422559,1.3121462,-0.54426414,-1.422211,-0.3389329,-0.11788573,-1.3075535,-0.7299146,0.56908906,0.4123606,0.8063586,0.4253356,-0.40885067,0.6748121,1.405581,-1.0028834,0.52678293,-1.8796273,0.22872895,-1.0540411,-0.44404435,0.84578896,0.8395703,1.7546821,-0.8423041,-0.26267007,1.4433649,0.046897143,0.44172266,-0.22925258,1.8067815,-0.46375588,-0.42746803,0.1898273,-3.047214,-1.0711063,-0.72757393,3.3906174,-0.3357008,-0.08309415,-2.1232624,-1.9298404,-0.98030883,0.63006425,1.1699433,-0.18441112,-2.1933713,-0.30515736,-1.0755138,0.46083224,0.40596783,-0.92721874,-1.4988384,-0.08185364,0.082505524,0.7376961,-0.2214747,-0.048841424,-0.2269972,-1.0575595,-0.2172828,0.59453845,2.5604377,0.016297802,-1.1782117,1.8036451,-0.27272227,-0.7024018,0.8531398,1.212582,1.2449449,2.152487,0.07256782,-0.37890112,-1.0728854,-1.0295707,1.5010886,-0.38030297,-0.8710811,0.7746986,-0.43097565,-1.1015894,0.2727187,1.4329894,0.17179585,0.42470974,-2.754206,-0.8560962,0.044942647,0.35519472,-1.1852945,3.2489448,1.0995318,1.4248513,-1.7297635,-0.914309,-3.1638803,0.27280962,1.9769177,0.6157836
1.4076653,-0.074117094,1.0002702,-0.80992687,0.4722281,0.04977651,0.29362738,0.14808974,0.482947,1.0405548,-0.22610629,1.3117307,0.07946186,0.53717196,0.08010855,0.9286045,1.9701366,0.37751165,0.68648875,0.6230626,-0.8524877,-0.24326967,0.22599405,0.94293714,-2.1316214,-0.09728637,-1.6852195,-1.6175873,-0.3432313,-0.2219868,-0.6724503,-0.34943444,-0.46812427,1.0099062,0.6087295,1.2104976,-2.0983543,0.98174185,0.49655437,0.1371919,-0.10097213,0.31671834,-0.2419456,-0.28961438,0.21570429,0.5788866,0.6363001,-0.097159244,1.4706371,-0.26362815,-0.04418706,1.2725824,1.3075686,-0.19025597,-1.1434222,1.2621275,-0.31407723,1.0564826,1.0739603,-0.19945683,0.39525494,-0.5153816,0.7621393,-0.26354772,-0.19858079,-0.9945316,-2.9392352,0.83655816,-0.23154223,-0.15472889,0.053794365,0.18014476,-0.69733727,0.4649614,2.2502778,1.0396446,0.71533513,0.45766294,-0.002286315,-0.6078682,1.0659417,0.7610322,-2.8962374,-0.6069519,0.17184305,-1.1356289,0.1050238,-0.528558,-0.26779073,-0.6113685,-1.8011796,0.38262302,-1.7505713,-0.41033775,-0.7557507,0.72259665,1.0434216,0.6681329,0.35354024,0.50194174,-0.24908894,0.5847012,0.26231703,0.7467451,0.25932592,-1.4491763,0.40222088,0.4878283,-0.231812,-0.6232742,-1.0483403,-0.13200146,-0.77870256,-0.57107735,2.0057023,1.0624697,-1.5149038,0.38287473,-0.29597205,0.44301015,-1.3501993,-0.50211036,-1.1170801,-0.13398886,-0.99453133,0.124648064,-0.8123088,0.8885602
-0.15128885,-0.29449132,-2.236949,-0.31738827,1.6248794,-1.1599896,-1.497514,0.22096461,1.8519297,1.436719,-0.24912685,0.4934148,1.0385263,-0.53491133,-0.06977761,0.7645211,-2.757778,-0.0545488,-3.5320053,-0.045840338,0.99342036,-0.7340981,1.1449184,-0.7368342,1.3725218,-1.0956869,-0.53878796,0.36818266,0.7191874,2.6261783,-1.5377624,-1.0444126,-1.248159,1.4813753,-1.5989748,-1.1404419,-0.8171246,-0.6610115,0.17431481,1.3870841,-0.61273634,0.45754033,1.6276437,-1.0510764,0.09545758,-0.12037979,1.4001162,0.25819364,-0.791271,-0.29113483,-0.14140648,0.84555644,1.9605225,-0.7355958,-0.6839255,0.58105016,-0.18102108,1.1197741,2.554296,-0.7821149,1.3508784,0.89084184,-2.529251,-0.49120432,0.75337934,0.035668284,-0.2701754,-0.9650023,-2.0750003,-0.068134844,0.2051069,1.2478843,-0.27130207,1.1503388,-0.9096019,0.24052317,-0.89314723,0.6202004,1.0202906,-0.68521786,-0.9810347,-0.5152216,-0.3694216,-1.9053601,-0.5028652,0.33481014,1.0892406,2.165031,0.5433493,0.62695616,0.5714694,1.7104045,0.46454707,1.8761426,-1.0949806,0.9522154,0.19022936,-0.27067932,0.56851006,0.046441764,-0.56364596,0.20206723,-2.190121,-1.489783,1.3204355,1.0319057,-0.54116887,-0.646547,-0.2530211,-1.109015,-2.4141397,-0.24661702,1.0560821,1.3242741,-1.4310455,-1.8566251,-0.5679172,0.0024863314,0.57330644,0.9330742,1.9614615,0.40330678,-2.4795218,-0.00832516,-2.3794627,0.54649776,0.8597383,-0.48454034
-1.2287147,0.23196629,1.4511223,1.2299457,0.6654819,0.17859147,-0.54984015,1.3161658,-0.91679084,2.0736628,-1.6239746,2.7182212,0.21243316,-0.8741174,0.13800734,0.9552999,0.9611443,-0.81600696,-0.5163325,0.51639426,0.6710346,-0.43145397,-0.30706424,0.6632761,-0.33878762,-0.055369433,0.074677706,-1.5087283,-0.58517545,0.18060246,0.61346686,1.9607695,0.47503415,-0.09069474,0.96174395,-0.24528283,0.20672391,-0.7314372,-0.19813716,-0.25762594,-0.23505569,-1.1028311,0.04743381,-0.40633973,-0.2526392,-1.4837565,0.68113935,-0.027740344,-2.3670552,1.2526147,-1.193077,0.15320626,0.26049468,0.2655656,-0.7276342,-0.8123587,-0.36518258,1.0979251,-0.60118055,1.3850495,0.6055948,-0.6649522,0.879436,2.2355826,0.6411165,1.2578846,0.89222205,1.6396198,-1.2327102,0.061814826,-0.2206413,-0.56152976,-0.5235899,-0.9181198,0.6432934,0.024060577,0.39460376,-0.03421323,-0.96328366,1.7154851,0.23855129,0.21415547,-0.60747653,-0.02370128,-0.35220638,0.6381364,-1.2162973,0.31909192,0.112875,0.15426897,-2.4247444,-1.7938734,0.07465881,-1.178464,-0.35276034,0.8871222,0.50259256,-2.369944,-0.12106246,-0.69923824,-1.4714916,-1.2589444,-0.6189325,0.48659587,-0.009147823,0.43888813,0.03713102,-0.48924053,1.7540866,0.6076621,0.5195269,0.8794106,-0.82821876,-0.11520146,2.4363346,0.69149303,-1.6486603,0.7196818,2.7052886,-1.5118662,0.1786325,0.09300551,0.19310296,2.0789294,0.9172096,-1.5749002,-1.2656767,-1.3739238
1.2150791,-0.9614184,-1.4103756,-1.8325896,-1.0496218,-1.0318964,1.8120126,-0.22679466,1.0252885,-1.9438503,0.31886163,-1.295557,1.2018836,0.5673672,-0.13358104,1.0994917,-2.2562752,0.43286574,1.6726804,-0.61108243,1.0055261,2.193761,1.0369916,-0.5927359,1.5772059,-1.2004838,0.07267724,4.694599,-0.13226363,-0.49105737,0.18687582,-0.65983504,1.5385842,-0.76348627,-0.047206104,-1.0301995,-1.1130724,0.6169183,-0.27264518,-0.41348448,0.18212804,0.27102023,0.9614406,-1.4053581,-0.4839504,0.54646003,-1.6635814,0.22301221,3.1860785,-0.47672597,0.09928346,1.2456458,-2.4772754,-0.74765253,1.4327849,0.84314674,0.8612071,-2.809547,2.7795963,-0.6566528,-1.3230606,-0.3441339,-1.4124955,-2.5851073,-0.72189534,0.6074122,-1.2774737,-2.19313,1.0176762,-1.7460666,0.023059368,1.6503077,0.44278064,-0.33186704,-1.5320327,0.70737386,0.47853327,1.6454555,0.2447617,-1.3513696,-1.2904218,-0.20717327,0.17957993,0.16658632,1.8644003,-0.36698246,0.085609704,-1.4711944,-0.17410912,0.4847036,2.5499454,0.018965676,-0.20499349,2.2542138,0.1578657,-0.9753368,0.04572141,0.90242136,1.1349037,1.335166,0.44125634,-0.100960284,-0.1685448,-0.25105083,0.20264614,-0.17161536,-0.6351416,-0.9305331,-0.713367,-0.046709865,-1.5675733,-0.8911293,-0.24874413,-0.19910342,-3.5050282,-0.62249,1.4093637,0.6464139,-3.9456844,3.049173,1.2908351,0.63833684,-0.16922224,-1.8283709,-2.249834,0.46712208,1.5669115,1.4027553
0.42551273,-2.4645143,-0.59945387,-0.36251932,0.46084577,-3.3506608,0.770019,0.73412883,-1.4735281,0.8536335,2.5737004,0.7170068,1.2339065,-1.8893371,-0.916327,1.1430247,1.7543026,4.332817,0.915563,1.764756,1.4705851,0.8787391,0.8219681,-0.21312857,-0.82874966,0.5516851,1.0517048,-0.42342615,-0.22726667,-1.484694,0.06266406,0.3885795,1.7060077,-2.1374626,2.0261276,-3.8857112,2.5286872,-0.328366,0.17112327,2.4620786,0.9108685,-0.35764423,-0.3760473,2.3310933,1.7416215,-3.2527506,-0.09389794,-3.5568047,-2.2487643,3.358422,2.1812582,1.6074896,-1.9806496,0.77845967,-0.10417095,2.8251066,0.31650865,-0.5732266,1.8885264,0.8581128,-2.3554525,-2.2274194,-3.4725842,2.7788467,1.596412,1.5245857,-2.030116,0.39674392,-5.0113935,-0.35799775,-2.1298065,-0.70390195,0.17395033,-1.093098,0.5677013,-0.3355659,-1.4501466,0.041787803,-0.1694322,-1.9231083,-0.15780535,-0.53879935,0.3334529,2.640195,-0.690098,-0.09942669,0.8908097,-2.723136,-0.12812708,-0.82673323,-0.46539372,-2.0254252,-0.39877522,1.6513925,0.025102168,-1.3766875,-0.4186645,0.8653667,0.17861313,3.774162,1.7451692,-0.76860833,-0.36144415,0.9772724,1.4551831,-1.1768192,-2.1135263,0.64027935,-1.6410505,-1.510894,0.45819178,1.720473,-0.1057342,-0.95498985,0.057751656,-0.52141404,-1.0919297,0.8633294,-3.4431622,-0.21334434,1.9891236,0.28848067,0.5689181,1.7374618,-1.1478115,-0.19885108,-0.7231984,0.36310428
0.25092632,0.9189453,1.1304114,0.39704168,-0.62634325,-0.6245499,0.056660682,0.7686909,-0.47029006,0.13642597,-0.7020174,0.9622611,-0.7315706,-0.011164308,0.011340931,-0.871452,0.4865492,-1.4084834,-0.13330644,-0.006275475,0.40551743,-0.7833257,-1.1301733,0.7489728,-0.06926505,-0.44742692,-0.3412682,0.2844018,-0.7116171,0.60915285,0.19598764,0.0886094,-0.5199219,-0.008644886,-0.98508143,-0.017286964,0.4874398,-0.33736694,-0.7673831,-0.9599223,-0.92327833,0.096267805,-0.31664553,0.41996914,-0.38133967,-0.3907438,-0.5722781,1.3756759,0.36820304,0.46673936,-1.7656289,-0.6779096,0.74554026,-0.21100336,-1.3295445,0.049101487,-0.81798613,0.36657658,-0.40863228,0.7636282,-0.01546663,0.971972,1.3066652,0.66962147,-0.8832464,1.1254464,0.74981797,0.7433317,-0.05023265,-0.5372664,0.49701434,-0.5957608,1.1538386,0.93287516,-1.1381531,0.24324663,-0.18968396,-0.65537256,-1.2393274,2.1022637,0.9675307,0.35832798,0.4579378,0.5818574,0.53827643,0.17837855,-0.65603423,0.40346068,1.0172645,0.33698034,-0.19632778,0.56136537,-1.3001087,-1.3922098,-0.30475438,0.9116106,0.58148944,-1.207493,0.11988622,-1.421587,-0.6009427,0.18947075,1.0601528,-0.44900763,0.11823267,1.0000186,0.94454646,-0.10588162,0.43999797,0.17505825,0.9587616,0.67893064,-0.33922997,-0.05189394,1.3718386,0.054259785,-1.1002995,-0.51389337,2.3692493,0.09023988,-0.11721325,-0.41625106,-0.5749651,-0.07956058,0.22472039,-0.5509975,-0.57307893,-0.03526801
1.0402398,-2.5376523,1.5950531,-1.1654521,-1.1909854,-4.1990523,2.6846914,1.82764,-0.50528383,-2.6662674,0.66822124,1.5554779,0.6016879,2.4639342,-0.4425956,2.974324,0.6961283,3.048689,2.70316,0.82214546,0.523378,-0.6232881,-0.10538998,-0.71510357,1.7819479,-0.55524683,1.8051733,1.8174438,-0.050467193,-0.45092982,-0.84828305,-1.4656168,-0.26731068,-3.2220302,2.969723,-0.06458637,0.9285728,0.60333776,-1.0451463,0.43860427,1.3703221,0.56892693,1.9662465,-3.257183,3.403573,-1.2066666,-2.0818608,-0.3736598,-1.2818379,4.4111977,-1.8891323,1.6441104,-1.9546269,-0.13595575,2.1797953,1.2985421,-0.89220345,-2.5595837,3.1142564,-0.51907754,-1.3564043,-1.6366408,-2.50494,-0.34333724,0.037388325,-2.4158726,-3.2755952,1.2652359,-1.5028706,-0.86982083,0.3317853,0.45492262,0.8116225,-2.4539475,0.61609435,0.26528162,-2.0927534,0.65004766,-0.51918024,-2.6839972,1.3800809,0.89447576,-0.14423057,1.1732421,0.36211592,1.52895,-0.7220762,-5.820388,2.7252107,0.9593181,0.80770034,-3.5236487,0.478023,2.2846088,0.08557373,-0.8497958,1.0124209,3.1549602,1.9428551,1.1167771,1.6472678,-0.33772576,2.7444458,-0.22745757,-0.7223267,-3.1231575,-1.9832861,0.34431067,-2.318286,-1.6660872,0.5347908,-0.6234286,-2.420966,-1.3387679,-0.90017605,2.705661,-1.7665918,0.37167415,-4.3185997,1.5375366,-0.17271864,-0.8612752,0.9575963,0.008893371,-3.221744,0.51804507,0.70251936,2.0270867
-0.8905881,-0.04231967,0.71265763,0.170454,1.9198182,1.0202606,-1.6919084,-0.85579085,-0.9887636,1.840184,-0.12595654,0.93571424,-1.8481061,0.123607635,0.10709036,-1.9221034,0.013109235,-0.08459093,-2.1757107,0.19233674,-0.4761653,-0.6406167,0.6501241,-0.03144876,-0.87645376,0.38145337,-0.35959,-1.3885226,-0.5365607,0.5836258,-0.0349243,0.48727155,-0.778187,1.1999319,-1.2400132,-0.9620163,0.30114877,-0.5400763,0.38692772,0.034993157,-0.83959234,0.16151625,-1.2551293,1.7295077,-0.79323554,0.00378865,1.9558438,0.37845325,-0.5707419,0.15715845,0.59542435,-1.3833207,2.3323052,-0.20040654,-2.0191288,-0.19618961,-0.8314893,1.2978666,-0.65464073,0.5158072,0.94599307,0.655864,0.8620415,0.90217257,0.017451793,1.3921262,1.3111494,0.8506322,-0.7468821,0.36731815,-0.20922135,-0.09758702,-0.55659604,1.6947062,0.4860838,0.5523775,-0.5443169,-0.9052305,-0.29259324,1.7058516,0.28864506,-0.36322516,-0.5207817,-0.14908439,-0.14959097,-2.0511672,0.41311163,2.1891196,0.10863708,-1.255627,-0.9712273,0.66512555,-1.1465966,-0.84150696,-0.7840008,1.1776649,-0.22518525,-2.0566864,-0.84177357,-0.55869436,-0.5526073,-0.3998674,-0.11962515,-0.6299552,0.08363804,0.60321385,-0.00800547,0.47314548,0.034017414,0.6495672,0.49951184,1.2095414,-0.57521915,0.24255039,2.2318347,-0.27975535,-0.68395096,-0.2575845,2.8448772,-0.18056822,0.34866157,0.6399127,-1.0377446,0.1406726,1.4137181,0.24079159,-0.23506232,-1.2664346
-0.90881586,-2.2639327,-0.006839156,0.7049554,1.1311512,-0.62366265,-0.19498658,0.057230055,-0.8132253,-0.5010589,-2.1359549,2.3188925,-0.5002875,-0.6729279,0.3496964,0.982754,1.3348426,-0.1538581,-0.94419986,0.75206375,2.2773447,-0.57803094,-0.001712136,0.69021046,-0.55234057,-1.3961332,0.7828635,-0.4815001,-1.2875521,0.5239406,0.5667447,0.0036798343,-0.22646028,-1.2373631,0.5215837,-1.7697476,1.0249597,-0.6704841,1.3286278,0.43313047,-0.29044488,0.037035994,0.388976,-0.2638877,1.1803598,-0.67455614,0.5931521,0.25502023,-0.80701345,1.4178085,-0.8497292,0.4043744,2.2832217,-0.5968418,-0.16371332,0.94367146,0.09822425,0.7377432,1.5852838,0.5140699,0.9023415,-0.008812368,0.39203086,-0.45890817,0.78324586,1.424604,-2.2966638,1.0020832,-0.9276278,0.61193454,-0.9440604,0.23435077,-1.7719545,-0.28641343,1.540441,1.3326269,-0.2836458,-0.038058743,-1.2798109,-0.34033948,-0.7753588,-0.37928042,-0.85728705,-0.72326607,-0.9784796,-0.99004006,0.061294917,0.7586212,0.330619,0.09568335,-0.028427012,0.33245677,-0.29158852,-0.4475196,-0.72216207,0.15331428,-0.7373909,-0.39253843,-0.41377068,-0.17675358,-0.0795892,0.7377895,-0.060084045,-0.62364596,0.81641674,-0.56272686,-0.37575692,0.27391267,0.47588208,-0.5055536,0.33419675,0.61205286,-1.4980643,0.16016588,0.2369568,-0.42052507,-0.6944142,-0.654083,-0.41665095,0.066585824,-0.32025173,-0.21661209,-2.4795723,1.2006403,0.1494779,-0.40422553,-0.41735685,-0.2867679
0.099003054,-2.215549,0.34750664,-0.37255326,-1.9386941,-1.8283021,0.5436342,-0.44299006,-1.5327996,-1.4855869,0.47451645,0.87563056,-1.6237273,0.8578209,-0.873293,-0.4406956,-0.7812219,0.24553815,2.0552464,0.37275547,1.8607215,1.3956916,0.19678777,0.8348485,0.92945755,1.6705456,-0.00897032,2.9455462,-1.8451724,-1.8868585,0.40732956,1.7853961,1.2697101,-2.5891862,-0.20621017,-0.9405831,1.507792,-0.57994246,-0.9383014,-0.1663537,-1.0202329,-0.0074297935,0.2937864,-1.3469391,0.2049954,-1.294215,-1.4954797,0.80461377,2.9471407,0.22089978,-0.13550876,-0.65782684,-1.0042998,0.6115675,1.3779224,-0.003651753,0.04655516,-2.3098671,1.6517684,0.78004795,-0.45115134,0.17734483,0.20957749,-0.7283142,0.39715603,0.3661791,1.0489104,-0.8907764,0.17788748,-1.9753954,-0.6578405,-0.19426422,0.89258945,1.278146,-2.053575,1.0482155,-0.08535665,0.011051536,-2.74758,1.6173902,0.17149134,-0.49082482,-0.49319476,1.3582711,1.9186614,-1.3009207,0.45909476,-1.2799547,1.1057589,0.7668185,2.060026,0.08258334,-1.6039627,1.1745622,0.697379,-0.42567557,-0.43571582,1.1456074,0.47177315,0.6600915,0.5720912,-0.46000755,1.6648624,0.87205964,0.41022748,-0.5383694,-0.32854927,-0.19368994,-0.5704656,-0.17836533,1.2003049,-0.80959773,-0.316782,-1.4343082,-1.8946574,-0.8023732,-0.006663561,0.71822244,-2.608893,1.6526985,0.21680138,-0.20591515,-0.102975495,-0.5342866,0.3441231,0.6899424,1.5843164,1.3464148
-0.9078603,-0.6502527,0.6639311,0.24341175,0.19124387,-0.69833183,-0.883035,1.0529944,0.31595027,0.14281803,-1.7340027,1.4018748,-0.14571601,0.16561168,-0.15223175,0.83469874,-0.07937366,-0.19871984,-1.036556,0.43068403,1.4588054,-0.7007539,0.06949508,0.24315721,0.45480257,-0.8115052,0.762359,-0.40001386,-1.6340965,1.0924284,0.037932307,0.717447,0.5729811,-0.3505527,0.68885636,-1.2096066,0.8012395,-0.9513791,-0.20705688,0.045875065,-0.44190353,-0.865657,0.29574537,0.49411553,-0.117847085,0.5649502,0.33884177,0.8977637,-0.9519807,1.0622985,-0.93000185,-0.7490781,1.9652297,-0.20832896,-1.63378,-0.38109112,-0.44876295,0.0797424,1.0424044,0.73366433,0.9176548,0.99174225,0.7352334,0.5818025,-0.7574287,-0.14109212,-0.0876421,1.2894226,-0.18717916,0.13527848,0.3295316,0.56409705,-0.73771995,-0.328525,0.5187468,1.4076033,-0.06819886,-1.1921861,-1.236232,0.8221873,0.27329913,-0.111495644,0.02551616,0.043999612,-0.99383116,-1.9160894,-0.018286392,0.7983793,0.9980195,0.13361521,-0.65303636,-0.14358562,-0.5782432,-0.3734175,0.008004457,0.51587856,-0.47030735,-1.4089963,0.37784642,-1.5072855,-0.6751994,0.74357146,0.1485292,-0.05683811,-0.63147634,0.4357738,-0.29163736,0.33805746,1.2192729,0.7494381,-0.4902911,-0.7493763,-1.2804308,0.30048138,0.9756702,-0.92867076,-0.17123191,-1.0685813,1.2347417,-0.6266364,0.2976097,-1.0326389,-1.4327577,1.4986048,0.6769301,-0.16940564,-0.4521715,-1.6701667
0.684975,0.36811158,1.2586707,-0.77869296,-0.7513505,0.11387485,1.1422869,-0.4353588,0.8231676,-1.5739614,0.8158345,1.3622196,-0.7406107,1.2707839,-1.0663232,-0.22501956,-1.8632252,0.89987195,0.8594983,1.3431578,0.40941504,1.3403552,0.14535242,0.05094984,0.67797494,0.6273272,-0.48550117,2.217529,-2.4922926,-0.85106105,0.5333588,-0.5182025,0.9706441,-0.40347305,1.1767372,-0.47409162,1.2524,-0.27456808,-2.268239,0.02618426,-0.025658071,0.19084294,-0.57172894,-0.37450114,-0.2871762,-0.060305912,-1.8402452,0.41022336,2.2984452,0.4089079,-1.1027246,-1.5434344,0.9115158,0.14004667,-0.75129855,-0.25432718,-0.7642304,-1.472977,1.7423708,0.0375574,-2.048665,0.16088767,-0.88140357,-1.2442284,0.32636717,0.16067068,1.5578187,0.5701186,0.23902857,-1.2003405,0.075784184,0.16662338,0.45300582,1.0046501,-0.06758353,1.5523229,-0.6723691,-1.4405385,-0.18563256,0.4830677,-0.489961,0.3350143,1.5099521,-0.018103093,1.0092325,-0.5625231,1.489804,-1.2588663,-0.410222,2.3373475,1.2047045,-3.14107,-0.46088535,0.94682443,1.749268,-0.25161153,0.16574147,-1.7595065,1.3063699,0.24161318,0.75733733,0.28589824,2.6943173,-0.5424019,-0.1597937,0.26571885,-0.7908782,1.2935468,-2.286355,-0.18745694,0.63986266,-1.0976077,0.5922492,0.48901886,-0.061767124,-0.59481674,-0.28366935,-0.92561275,-0.2979452,0.95343786,-0.88882875,0.8020351,0.5002197,-0.5365646,0.8506895,-0.011319049,0.69785094,-0.8231553
0.23383982,1.2258853,2.5955205,-0.5471826,0.36465305,1.8564079,1.3355479,0.45178676,1.1276722,-0.254048,-0.5438458,1.0325444,0.106696546,0.08189544,-0.13165048,-0.60884523,1.6361091,1.4492338,0.3905403,-0.11334509,-0.87311006,1.3067328,-0.8373474,-0.43317306,-0.6582549,0.83199245,0.537379,-0.46383154,0.3546676,-0.6896539,0.84477615,-0.16548555,0.19497871,-0.38292962,1.6426904,-0.6532375,-0.08180484,-0.58155763,-0.6507185,-1.2442234,0.58215684,-0.9490577,-1.116874,0.45960063,-0.24859571,-1.0741031,0.3327953,0.18215343,-0.35759422,1.8224465,0.124985166,0.8176776,-0.6613555,0.63343984,-1.0465878,-0.72730637,0.05189927,-0.29399553,-0.75387216,0.2247529,-1.0371174,-0.8612058,0.27852052,1.6250328,-0.4772948,-0.7084301,-0.29562178,1.1880164,-1.1096168,0.17672263,0.74275863,0.48924866,0.44287616,-0.71454555,2.2763934,0.1494,0.8276453,-0.05657816,2.4733706,-0.22279947,-0.8686232,-0.83439934,-0.65753365,-0.20179304,0.24529965,0.39729252,0.0068725497,-1.4370484,-0.32975155,-1.1197875,-2.1153646,-3.5009766,0.56768763,-0.550467,-0.98129857,0.7907535,0.3627853,-2.7731476,0.4290135,-1.434494,-1.2598877,-1.1180034,1.5119586,-0.08186561,-0.5919846,-0.34193885,0.017631643,0.63331497,-0.7762382,1.0700483,0.46357626,0.11209577,-1.2734782,0.47658062,1.4658002,1.1352892,-1.8849728,0.8162698,1.1164622,-0.21504441,-0.30871758,1.1335177,1.1112132,1.5854471,1.5316149,0.28808427,-1.2619557,-0.59005886
1.7337183,3.0721908,-0.33251157,0.0723086,0.569446,2.855291,-0.6309522,-1.4025674,0.67711866,1.7614455,2.6303215,-1.9864464,1.5889194,-1.631192,0.46849918,1.6850901,0.83045965,1.9233227,2.258599,-0.8492248,-2.41298,0.94117624,0.31393695,2.6494675,-0.66471887,0.31903684,1.0576231,-1.2309606,0.6635165,-2.4402745,-1.2559676,1.3644799,0.6168231,1.8598689,2.9184682,0.38417447,-1.0754415,-0.057678163,0.20538664,2.1588926,1.7379072,1.4405639,-2.0610018,-0.3609564,-3.1895773,-2.3429923,1.0803441,-0.901509,2.9811332,-2.1095078,3.2333517,-0.5564328,-1.380774,-1.3940012,0.9859474,2.19001,0.06648111,-0.4691465,-0.91982687,-0.109052986,-2.0376356,1.8235947,0.72690743,-2.4308352,-0.0024927258,-1.2445014,-1.2831264,-0.6115758,1.1923163,1.4467764,-1.0397589,-0.53367776,-0.42858544,-1.8499811,1.7492526,-2.9134622,0.5545989,1.2934173,2.5295887,-0.9045806,1.2873464,-0.75627464,-0.91075456,-0.10738422,-0.07166177,2.176465,-0.6117261,-1.7771059,-2.3570042,-1.157023,-1.5253532,-0.97360104,-0.5985416,0.26018327,0.38930428,-0.9111735,0.20653054,-1.0335574,-0.033926845,1.0781527,-1.0228958,-1.2781711,0.3794933,-1.1584346,-1.3655496,-0.29423445,0.99302316,-1.1521895,0.8184963,-0.070997566,1.0358189,-0.32056925,0.7080783,-0.38497448,-0.4688809,-1.4020356,1.4575698,1.8980832,-0.40113106,-1.1156365,0.3863346,1.8663073,3.2873197,-2.0042152,-1.4387311,-0.19683704,-0.14098981,1.6871109
0.40683863,-1.0388752,0.27240747,-0.49432546,-1.590871,1.1490237,2.3554552,-0.27424213,0.9777254,-1.7877078,-2.0931878,-0.033994302,-1.0253661,-0.7953234,-0.23990509,1.7342442,-2.955935,-1.6571649,0.65366924,0.56816137,1.5135889,1.1385281,-0.96784663,-0.7218263,1.8875034,0.3745338,-0.65949076,3.9271727,-0.8514142,-1.9430659,1.5728067,0.7639724,0.0009214878,-1.84406,-0.11245814,0.59924614,-0.8256588,-0.38072723,0.59821486,-0.26962888,0.634575,1.2822485,0.0665859,-2.0118146,-2.3024523,-0.14376947,0.17999983,0.15461701,2.3869226,-2.034506,0.9539832,1.6930064,-1.2808533,-0.43313938,2.3023653,-0.6620548,0.7320225,0.49376583,0.76942104,0.015606165,0.42339915,-1.4367299,0.8290061,-4.189097,-0.31763783,-0.5175835,1.6573834,-1.5912018,3.3708322,-2.360012,-0.2885857,-0.1638225,-0.07489424,-0.22373837,-1.8204901,-0.5006662,-0.75975835,1.0435052,-2.1575136,0.38188174,-0.34386885,-0.44754526,0.21602035,-0.13431275,0.932603,1.36824,-1.1906128,0.2314891,0.988315,2.1058755,1.0994204,0.8822957,-0.17832607,0.48294187,0.7261805,-0.99818516,-0.5099689,0.0763001,0.7744454,-0.3492746,-0.8334065,-1.9566262,1.0744448,-0.8312415,1.045224,0.9158877,0.12249753,0.60155445,-1.0251521,-0.114070535,1.048116,0.6497467,-0.6927037,-0.52814543,-3.267493,-0.58688813,1.7823592,1.301681,-1.6060305,1.7503672,-0.110820115,-0.91028035,-0.50497466,-1.4770344,-0.6360144,1.5436767,1.28033,0.46351072
-0.65376127,-0.34765655,0.9186804,-0.6478731,-0.3431658,-0.63444024,1.500901,-0.38393173,0.39827436,0.18039533,-0.41802198,0.31726152,-0.34146672,-0.57050174,-0.46782458,0.4395638,0.055189222,-1.1173687,-0.48503315,0.6867575,1.0655929,0.12594628,-1.9478139,0.4388783,0.27915984,0.32017252,-0.6757353,1.966713,-2.112581,-0.36011583,0.48427892,-0.32809293,0.22335535,-0.73720413,-0.27140662,0.5200496,0.41109285,-0.0022985786,-1.1290833,-1.6101292,-1.1091646,-0.48565465,-0.7312404,0.7730856,-0.83699906,0.8140098,-0.8659571,2.3551052,0.67154527,-0.32926118,-1.1189327,-0.805113,0.29535997,0.010067308,-0.41308594,-0.41023558,0.34706843,-0.37949526,0.71341574,0.42360038,0.7272469,-0.15234831,1.8038367,-0.7590152,-0.2727437,0.85316294,0.8240346,0.91508436,1.2952138,-0.1627447,1.1180447,-0.8339247,-0.33970547,1.0239625,-0.67459667,1.224772,-0.75335366,-0.5122354,-1.4028337,1.5361748,0.78068614,-0.39588466,-0.7304551,-0.35899997,-0.66536874,-0.3735963,-0.98201036,0.7018154,-0.5423417,1.8353754,0.098734014,-1.1066868,-0.9805964,0.31307182,0.66018087,0.2306723,1.820092,-1.4463596,0.7326304,-0.944195,-0.2690252,-0.1752759,0.2484067,-0.5199009,0.9673985,0.59702146,-0.00091186166,1.4081664,0.19276139,0.26229823,1.2843298,0.21426745,-1.651025,-0.6142844,0.09319109,-0.08482168,-0.15911843,-0.22480378,1.4280927,-0.36738694,0.03550087,-0.037941247,-0.8467704,0.8331594,1.2099669,0.0128135085,0.05315712,-0.71888906
0.109210655,-1.5734748,-0.08816834,1.5457122,-0.8378521,-2.8090105,0.5208963,-0.04772061,0.008871734,-0.74766684,-1.6513097,2.9686399,0.47893846,-1.3840288,0.8776489,1.6916816,1.5315837,0.6604077,1.0707675,1.0587759,1.5867524,-1.0717943,-1.0835832,0.84948635,-0.695078,-0.3136586,-0.560516,-1.6763132,-0.7087623,0.6369581,0.043910716,-0.16917837,0.027373664,-2.2311463,1.8004398,-2.802312,2.2148104,-0.05078718,0.43853933,0.42852122,1.2419443,-0.005728543,-0.57175064,-2.39835,2.1174688,-2.7433436,-0.003271401,-0.7862494,-2.455717,3.8576155,-0.19486804,1.0541122,1.574683,-0.31173322,0.54648006,0.8485105,-1.0415179,0.5836519,1.0807759,0.27804187,0.32652175,0.3237515,-0.8722187,0.029270172,-0.0527727,1.4913131,-1.3651075,1.6884618,-2.0618107,0.8289149,-1.5181956,-0.10927077,-2.04679,-2.0560553,2.7283597,-0.3321764,-0.15180726,1.1943066,-1.1995218,-1.6506867,-0.7556766,1.1140307,-1.1883973,0.10008201,-2.1324553,0.7228349,-0.30196023,-1.067166,0.26785392,1.0587022,-1.2943825,-1.9680207,-0.09279108,-1.7203722,-0.83716404,-0.62677217,0.14922233,-0.17472579,-0.7792583,-0.304964,0.5213118,1.019842,-0.13544002,-1.3744794,-0.19433603,-0.14395127,-1.361418,0.44192207,0.48282677,-1.3989983,1.733814,1.7312856,-1.6381097,0.90881217,0.24608117,0.04285489,-1.573398,0.5406399,-0.33733195,-2.2074902,-0.17731953,0.4676727,-1.5323181,1.3601888,-1.7879312,-0.20826647,-0.66898346,0.5205674
-0.0024830252,-1.8407077,-0.00036722422,0.047954537,-1.054528,-0.83067966,0.78969336,0.103424355,0.04546003,-0.50754714,-0.9522338,-0.23697487,-0.19426003,0.40226567,-0.6827508,1.5173736,-1.3266659,-2.3144894,0.3528577,-0.16077514,2.3163054,-0.06199187,-0.7945926,0.15716997,0.6200374,0.6085182,-0.5998647,3.7266443,-0.53184736,-1.5470824,-0.74578017,0.28763002,0.0072945952,-1.0189514,-2.0932083,1.3138796,-1.0407792,0.82044756,-0.001555007,-1.0504096,-1.1483818,0.072659306,0.78000534,-1.2619534,-0.8282322,0.76264626,-0.6807278,1.3392915,2.0208466,-2.1123693,-0.37476322,1.2189963,-0.5578347,-0.933079,1.4033793,0.21897396,1.2409004,-0.95548284,0.5969017,0.5763161,1.3727664,-0.46249378,1.9196544,-2.113768,-0.33864915,0.65005434,-0.5881665,-1.2127695,1.8241007,-1.9476566,0.28369483,0.9854683,0.45801842,1.5912105,-3.1057568,1.3581707,0.9338256,0.17678203,-1.7476242,1.7122407,-0.48825163,-0.5636881,-0.58086646,-0.40985042,0.9606518,-0.38618457,-0.96008086,-0.19307077,-0.14129479,2.0526476,2.5679016,2.2148495,-0.8409163,0.957683,-0.7431653,-0.14664982,1.168875,1.9389234,1.4441419,-0.02746807,-0.3485143,0.09562057,0.12089825,0.6165944,0.7437552,-0.04877083,0.44559216,-0.8045145,0.7560555,-0.083581686,-0.62798405,-0.61639374,-1.0233179,-0.25527132,-2.9636388,-0.54963297,0.81528044,0.016224742,-1.0806166,1.6738536,-0.9735794,-1.0298253,-1.4690222,-0.5271133,-0.87137544,-0.0935739,0.48945537,0.86389536
0.6047255,3.2806365,-1.0904323,0.4076079,1.6683232,4.0547295,-1.5856429,-1.8435918,0.6571695,2.4858155,1.2855388,-3.0387177,0.9434504,-0.45019764,0.93157786,0.90230227,1.0991707,0.5272915,-0.65570754,-0.79928094,-3.207471,-0.4352341,1.3507867,1.6042148,-1.8563087,-0.0143686235,-0.6437208,-3.5437021,1.7784362,-1.1091394,-1.747401,0.7970106,-0.9148483,3.6701407,0.95440817,1.5561206,-2.6813493,-0.7097217,1.5112981,0.905195,1.5491412,1.2351507,-1.9095484,0.4075688,-2.7132058,0.30272818,2.4655116,0.07032697,2.1921797,-4.2825947,3.1227045,-0.6719229,0.62211406,-1.6751112,0.11242902,1.5107454,0.016750574,1.2671231,-2.3398511,-0.36843342,-0.21561307,1.5586972,1.9400942,-1.9005347,-0.6379684,-1.3698224,-1.9226675,-0.9003626,1.9761968,1.8448217,-0.7110349,-0.33664268,-0.7770187,-0.7781553,2.0062034,-2.2558248,0.59345615,1.4259832,2.475161,-0.31102902,1.1979089,-0.2959635,-1.4358628,-1.5141239,-0.891749,1.0482097,-0.29762274,0.5081874,-2.4120445,-2.431165,-1.9616678,2.5378683,-0.4060771,-0.6713108,-0.23334813,0.19788587,0.30675247,-0.09955093,-1.1507354,-0.021618068,-1.3843775,-0.41190737,-0.41327316,0.2667859,-1.3892187,0.11387998,2.189846,-1.3546076,1.2453403,0.29943138,-0.9015066,-0.027602345,1.0543648,0.08580217,0.24357909,-0.68687135,1.8038905,0.6707739,1.0684766,-1.4711185,-0.83388424,1.2813599,2.0633507,-1.7013915,0.44809377,0.1592142,-0.81237847,0.2944624
-0.8315527,0.958778,-0.61569476,0.46337792,-0.6101352,0.9615493,0.6776996,0.29741508,-0.5599815,-0.6324652,0.968471,-1.792085,0.010895103,0.5164077,-0.48813206,-1.8128557,0.9531827,-1.569179,-0.58119875,-1.1781754,-1.3991216,0.51308453,0.49141735,-0.06155622,-0.39993498,0.15538773,-0.141789,-1.1291877,1.2557191,-1.1074486,0.075085744,0.59250724,-0.17125934,0.7386329,-0.39283174,2.4325697,0.044840544,-0.6089915,1.189819,-1.1610662,-0.21963532,-0.29176486,-0.20098871,0.66567767,-0.46946332,1.138998,-0.38525227,0.33432895,0.34796685,-2.2724364,-0.17347482,-1.22421,-0.77300453,0.67013043,1.6668396,-1.0443467,-0.22647554,0.28819093,-1.9211518,-0.63905907,0.3507461,0.14152122,1.6826643,-0.023573667,-0.4566171,-1.3527571,0.3032087,-0.60874575,1.7907331,1.1630492,1.2909827,-0.9794173,0.38474932,-0.19483374,-0.24162242,0.0671147,0.66022235,0.113030165,0.09859151,1.1713002,-0.2729573,-0.2433006,0.5825831,-1.0750278,0.39876187,0.6101701,0.42647728,1.2755203,-0.70644116,-0.5383894,0.13572016,2.4680731,0.68609095,-0.07947025,0.2954231,0.8082404,-0.48982298,1.312663,-1.0759029,-0.30070657,0.3278142,-0.15309995,0.2071711,1.8815114,-0.96254396,1.0685866,0.7591414,-0.78361565,0.89561266,1.286674,0.15927887,-0.60921293,0.8198165,-0.183886,-0.5681653,0.35311726,1.356693,-0.13096744,-0.3890642,-0.97289836,-1.0619732,0.31284383,2.2077215,-0.44107345,1.8599691,-0.087876916,-0.3716945,0.8034115
-1.719551,0.990594,-1.4674189,0.85739285,0.44871128,1.1719828,-1.5595675,0.09119684,-0.30330127,0.6264668,1.3012437,-2.0831814,-1.285315,-0.021624148,0.19123206,-1.3857148,1.2211778,0.013345957,-2.3985329,-1.4471046,-1.9415427,0.33125657,1.1936172,-0.035185456,-0.041459605,-0.60022426,0.016036835,-1.9862785,0.65603536,0.0683268,-0.43392038,-0.81843126,-0.43383026,1.7558542,-0.92056924,1.0022006,-0.5863986,-0.6779721,0.94795823,-0.14857487,0.15166323,-0.22718994,0.08000308,1.4743477,0.86921453,2.1905503,0.47378877,0.45117933,-1.5139465,-1.4908025,-0.07952604,-0.9230132,0.8716591,-0.6499679,0.5163093,-0.2646975,0.4849714,0.85994136,-2.2376819,-1.107891,0.37520093,1.0789416,1.0961139,1.8112531,-0.3264147,0.11005236,0.31192744,-0.6413793,0.61557615,0.9554672,0.19864869,-1.2506213,0.7401203,0.56984746,-0.52549756,-0.56838703,-0.6091603,0.3814475,0.43239254,0.1726791,0.94566816,0.42055887,0.8223761,-0.23244327,-1.0794867,0.1512585,-0.10153583,1.9353166,0.23272756,-1.3126564,-0.43792424,2.9093719,-0.2736206,-0.38437515,0.107912034,0.8064508,-0.18164083,0.6585386,-2.0033562,-0.039773285,0.29999998,0.8525758,-1.5228186,0.9161626,-0.66040283,0.58455384,0.9335937,0.60028476,0.09768571,0.74756646,-0.1423918,0.25291705,0.7315044,0.16868286,0.64071727,0.14053038,0.91152537,-1.7434688,0.8728449,-1.711919,-0.32753557,-0.28857657,0.81798714,0.7264219,1.7738618,-0.4293535,-0.4040237,-0.7836474
0.98449755,-0.35391033,0.674536,0.219439,-0.8857768,1.5006847,0.9848993,0.1373094,0.4841044,-1.1144924,-1.0163372,-0.9552389,0.59572065,0.48078832,-0.39613768,-0.09698975,-1.4513797,-0.5912841,0.19788136,0.102542415,-0.24250914,0.9368555,-0.5976428,-0.6480925,0.42813447,0.38070515,0.89508736,1.1026173,-1.3818858,-0.7056128,0.27161747,-0.8165506,0.5628526,-0.82983506,1.0739245,1.5303082,-0.3315653,-1.0561821,0.006710723,0.26335534,0.049522147,0.7839329,-0.06407815,-1.0960672,-1.69995,-0.4506457,-0.25309324,1.0775175,1.9287705,-0.85067004,0.24580522,0.86961704,0.30123404,-0.46563983,0.8161344,0.028143555,-0.7272468,0.2044675,0.21773149,-0.367092,-0.85830337,-0.2932444,0.070094585,-1.6353984,-1.0762306,-0.44284734,0.015704446,-1.1218898,1.9226288,-0.84504354,0.15170433,-1.0511341,0.2634673,0.5665288,-0.2671471,-0.14644179,0.5048342,0.092233,0.14629161,0.3319391,0.5991759,-1.0022513,-0.5147619,-0.5733328,0.4428017,0.568364,-0.05191444,-0.16640598,0.28975263,-0.33426794,-0.0507664,0.49173528,0.868893,1.0069158,0.22728115,-0.11429631,-1.1348599,-0.31857795,-0.07035515,-0.8657265,-1.1369448,-0.646288,1.0139599,-0.5145019,-0.27180928,0.08723913,0.9599668,0.25424546,-0.77961946,0.5028254,0.20895171,-1.2481056,-0.27581316,-0.0888107,-0.55171466,-0.9655459,0.8788219,1.0073775,-0.6447667,1.4308097,-0.15317944,-0.5248984,0.5449375,-0.32974008,1.1186332,1.1082451,-0.9479243,0.52990603
1.0068129,-0.52268296,1.0790528,-0.2574792,-0.77551913,1.4592555,1.0639442,0.5539759,0.84485495,-0.86042213,-1.2270038,0.65039265,-0.48326918,-1.1487716,0.054626383,1.1472543,-1.7835553,-1.4931474,0.33240017,0.9498173,1.0798982,-0.44744474,-1.9295216,-1.1809942,-0.14234897,0.622632,-0.51241493,1.2537143,-0.10869652,-0.3523218,1.107252,-1.4350665,-1.9884435,-0.028750747,0.51447475,1.2398245,-0.8900064,-0.1529108,0.57494754,0.32830977,-0.8189442,0.564289,0.6297596,0.030822106,-0.6148448,-0.19315585,0.2702772,0.50313514,-0.34687698,-1.5190411,0.116242506,2.8389668,0.19923915,0.45929676,0.3308701,-1.0003515,-0.22694835,2.1341774,0.4210047,0.04330708,0.15018682,-0.50841033,-0.52762485,-2.0544434,-1.1351839,1.9912527,0.90212405,-0.5186256,0.9657239,-1.5757366,1.0766618,-0.96370876,-0.06554946,0.11379808,0.08742556,-0.79576874,0.2597088,-0.70033365,-0.5141853,0.100032,-0.39058384,-0.86801237,-0.57553077,-0.22269863,0.86693466,2.482638,-0.8066921,1.849664,0.8403466,0.83617884,-0.53927433,0.32136986,0.6403065,0.4194953,1.218564,-0.609599,0.55945563,0.6393444,-0.06421274,-0.6555348,-1.3387421,-1.0365177,0.5739256,-0.38388008,1.54652,1.3488538,0.43458578,0.5320065,0.22394745,-1.4829181,0.090112686,1.2485685,-0.18682703,-0.75877666,-1.4127525,0.03959672,0.39150435,0.16750664,1.2880342,0.74190855,-0.93778336,-1.1691518,-1.0510558,-1.0576524,-1.0150422,1.1320758,0.44657993,-0.7626812
0.7517498,1.3253177,-1.3506037,-0.5902941,-0.60809004,0.9587626,2.0329661,-0.6347481,1.4113771,-2.2933447,1.4827021,-1.5202619,-0.16291031,0.7558421,-1.5275433,-1.9264439,-1.413755,0.7893361,2.0564473,-0.26178467,-0.9393969,3.5641122,0.21243858,-0.8051958,1.2552586,-0.46182108,0.9701636,2.533484,-1.0038002,-1.846185,1.0404866,-0.033809684,2.3221178,0.7409383,0.95035875,-0.18591288,0.13578707,-0.37457466,-1.3298378,-0.47366107,-0.28473657,0.48206368,-0.4518419,-0.43039203,-0.024373714,1.2647092,-2.3582582,0.1438216,2.3726797,-1.1303594,-0.3852632,-0.4784258,-1.3191893,-0.5725602,0.34042704,0.05426848,0.28619334,-2.278094,0.16914073,-0.72005,-2.2520041,0.08506769,-0.67139894,-1.314344,-0.7564955,0.09470075,2.1680973,-1.8603286,2.5537941,0.007643461,0.64245963,-0.4530369,0.57892734,-0.6135509,-0.5974171,0.08309279,0.40908542,-0.008648634,-0.64410037,-1.0284021,-0.12772892,0.5312965,1.6384466,0.900781,0.8225051,-0.053559154,1.126575,-1.0859408,-0.8109627,0.9137574,1.82422,-1.1528239,0.8938059,1.0687846,1.4564201,-0.5188807,-1.3863252,-0.2634212,0.67732424,0.07180041,0.40840495,1.6601489,1.013187,0.35222337,0.002144277,0.043919533,-0.9626225,-0.17533608,-1.267527,1.0624228,0.48300028,-1.7342876,0.93320525,0.347693,-1.0502888,-1.3307666,2.3306324,0.12065964,-2.2063608,0.10281497,-0.6931351,-0.2021817,2.2309518,-1.4192138,1.7647433,0.14355916,0.48181754,-0.73637855
-0.2377005,-1.269937,-1.7495403,-1.6032732,0.8249994,-0.22411387,-1.3689544,-0.5563466,-0.23199114,0.32717618,0.59378093,-1.4298949,-0.23028558,1.0911951,-0.47335422,-0.7149043,-1.3941568,-0.6307269,-2.5343912,-0.058395803,1.1236275,-0.595307,1.6764048,-0.71641433,0.7748302,-0.15363926,-0.67794955,2.0377722,1.2754383,0.8078048,-1.6085353,-0.23345156,-0.59014875,1.5872495,-2.4926891,0.6643815,-1.4499186,0.22913757,1.0819771,0.119805306,-1.4679636,0.24511044,0.3542528,1.3657222,-0.22949032,1.2191133,1.2591387,0.72987497,1.3656716,-2.2243676,0.63065434,-0.34941486,0.7111047,-0.19311975,-0.33197162,0.19008854,-0.07220707,1.0829794,1.1331279,-0.3997504,0.51193976,0.6260921,-0.38910028,-1.7685183,0.26772374,0.17758906,-0.120323464,-1.8457744,0.5362253,-1.1755621,0.683556,-0.16621052,0.31325546,2.552608,-2.662333,0.6737003,-0.6056388,-0.28581512,0.46262223,1.0477669,-0.021212503,-1.4908282,-0.21586567,-0.80169636,1.1295422,-1.8339565,1.4702811,1.5045704,-0.31797752,-0.8658105,2.6925735,3.6551206,-0.23092476,1.2663853,-0.3633811,0.9785161,0.066690914,1.8370279,0.05132191,1.8514912,0.024248973,-0.185059,-0.62929416,0.5403127,1.0688695,0.66401076,-0.037791178,-0.37110332,0.6065511,-0.7726661,-1.8796499,-0.7858458,0.61608994,0.008552268,-1.9831102,-1.004185,0.74052596,-0.16057444,0.019967318,1.5173743,0.8151486,0.7040782,-1.1448442,-1.550003,-1.5456972,-0.12587593,0.7217946,0.2815333
-0.85906094,2.0110247,-0.9082221,-0.023180664,0.50169075,1.465569,-0.5395703,0.188458,-0.20417272,1.018181,0.6071564,-2.0528867,-0.5608097,-0.3181014,0.44680512,-1.5017716,2.535363,-0.9935482,-0.994769,-1.7659128,-1.8494668,0.27778912,0.3128072,0.37937886,-1.4790041,-0.63747096,-0.3734849,-2.3692136,1.7883396,-0.7786702,0.22767772,0.34938577,-0.63185096,2.3699012,-0.4864847,2.3966322,-1.4759758,-0.27729034,1.100178,-1.257792,-0.7107119,-0.48282856,-0.67309296,1.6141844,0.16077624,2.3539257,0.43453404,0.8945691,-0.9757889,-2.2411838,-0.14113772,-0.5226772,-0.32406458,0.767272,0.5710894,-0.4181951,0.5955392,1.2087857,-2.7446175,-0.5035968,1.2591134,0.058237538,2.2615316,1.3805494,-1.0208893,-0.26185438,0.02780354,-0.7592869,1.6959476,1.9762291,0.5711425,-0.19209969,0.32107523,0.13875836,0.033077076,-0.6304809,0.56415075,0.5647457,0.6674855,0.98088074,0.063538805,0.21711794,-0.27953076,-0.06637643,-0.49468794,0.8099357,-0.038586557,1.7040713,-0.7042012,-1.3431063,-1.3558941,2.3139071,-0.24612126,-0.4070785,-0.49948087,0.6710019,1.1676818,1.1837016,-1.3388355,-0.4571523,-0.08694774,0.121874884,-1.1177748,1.9776909,-1.2394543,0.23369142,1.4166572,-1.1278422,1.2649772,1.1093888,-0.81025416,0.86604613,0.34002984,-0.21485971,1.1127712,1.0174658,0.90309143,-0.10760668,1.3828878,-1.8549143,-1.3662564,-0.40482116,1.5294511,-0.054162234,1.5433755,-0.70553434,-0.9619208,-0.67298484
-0.035166122,-1.2583418,1.3486522,-0.07105182,-0.7218187,-1.2877138,-0.09466273,0.49486455,-1.3137417,0.73452306,-1.2553315,1.5652176,-1.1310492,-0.41295493,-0.60908675,1.120157,-0.011409119,-1.1970601,-1.3000057,0.695455,1.5302238,-1.0546753,-0.6692449,0.6195458,-0.23707685,1.5143664,-0.13932556,0.5533963,-0.21483226,-0.38306773,0.17565486,0.11035685,-0.07831661,-1.3318185,-0.29103035,-0.6305323,0.63679636,-0.5623629,0.93595755,0.2734011,-0.84087557,-0.5160243,-0.4318537,0.052332014,-0.57375497,-1.3242915,0.04074113,-0.26532403,-0.93555087,0.68755436,-0.18973485,0.18799298,0.04785633,-0.030263454,-0.40345648,0.036014095,0.66946745,0.8418977,-0.21041754,1.1693274,1.1537356,-0.917534,0.58921885,0.5651728,0.753007,0.66340065,0.3624269,0.6287826,-1.6053914,-0.8571441,-0.8005595,-0.14426352,-0.06337443,1.1609013,-0.5234935,0.75445676,0.6494784,-0.9118526,-0.12019441,1.3355813,-1.4775077,-0.74993163,-0.32297635,-0.36871988,0.39790618,-0.47410274,-0.5148044,0.7302606,0.45669687,-0.46488163,-0.5397741,0.5831629,-0.9966377,-0.48471907,-1.695757,0.43882114,1.031044,-0.39501312,0.35283905,0.34627235,-0.98835593,-0.98395455,-0.50636554,0.04751526,0.34483638,-0.36845115,0.29232788,0.28088617,1.28484,-0.20162037,-0.17850184,1.4887465,-1.0587828,0.4007403,0.32695454,-0.13189584,-1.2940605,0.38408583,1.0674253,0.520015,0.5674337,-0.0748651,-1.175864,1.1419654,-0.059156492,0.41300103,-0.33167708,0.08129513
-0.75416017,1.2232224,-1.0978351,-0.52620524,0.29997063,1.3963339,-0.59518003,-0.35699266,-0.6064191,0.54287374,0.45502192,-2.5849936,0.07762648,0.43937144,0.28965405,-0.6126131,1.9507538,-0.89550245,-1.415727,-1.4326774,-2.1418228,-0.633873,0.9381623,1.1126707,-1.5604173,-0.6302319,-1.2234571,-1.860261,0.6848378,-0.55924094,0.13338694,0.09330703,-0.99456775,2.291549,-0.8215035,2.8196425,-1.733133,-0.45605943,1.6006238,-1.4826616,-0.31836963,0.37390906,-0.2914328,1.4271398,-0.39397216,2.9398298,0.74182117,1.2705891,1.2068129,-3.410328,0.019596368,-0.54595023,0.683187,-0.94033325,0.8406717,0.87308633,0.18632877,1.1868423,-1.6515262,-0.89494914,1.6026754,0.24692366,2.706816,-1.0951753,-0.8712841,-0.5516171,-1.6949581,-0.173897,2.3195963,0.61610675,0.26964813,-0.7682908,-0.007618442,0.47339332,0.20154646,-0.40446985,0.37161395,1.0715121,0.2192666,0.8079302,1.0272758,0.6741905,-0.67355084,-1.3072486,-0.7200155,-0.6621379,0.29268512,1.5007427,-0.7543837,-1.456612,-0.30629712,4.5065765,-0.6366615,0.22453853,0.29095864,0.69226736,0.7269608,1.907965,-1.3431458,0.2235953,0.19096123,0.14485598,-0.1103732,1.6027614,-0.30650273,-0.66608006,1.0369546,-0.21828833,0.74462485,0.40839148,-1.1596646,0.12945709,-0.0388906,-0.8384976,0.6512661,0.27862248,1.4645326,-0.405436,0.43574613,-0.56713414,-0.9840185,-0.078994334,0.6657504,-1.2259388,0.5807412,-0.17284077,-0.6613699,0.39497438
0.28812462,-0.4734387,2.0124946,0.9007376,-0.043769095,-2.9539185,0.27306357,1.5544789,-0.28684705,-0.61669016,-1.0075338,2.712175,0.5717947,1.3063805,-0.44670424,0.7776522,1.2804608,0.52075505,0.8005041,0.08089712,0.306679,-1.040575,-0.024800256,0.4506638,0.0068290234,-0.30236536,0.8577409,-0.4251036,-0.4607426,1.4276665,-0.9586414,-0.13649762,0.0016962588,-1.4218271,1.2473062,-1.5122483,2.1207328,1.1000334,-1.4580345,-0.085358754,-0.045856237,-0.9100705,0.4321829,0.67613244,2.5572221,-0.7928225,-1.9839808,-0.5500262,-2.1442654,4.4598083,-1.7259128,-0.14321625,1.068634,-0.36538222,-1.6087059,0.55333745,-0.7444738,-2.0673554,1.4425505,1.1896801,-0.756909,-1.0804684,-0.62013304,3.5101333,0.023886293,-0.830157,-2.8713505,3.4068995,-3.3450258,-0.09366633,0.109701335,0.12904385,-0.87742794,-0.33340117,1.7248518,2.4784691,0.38058278,-1.7533877,0.14801781,0.07416401,0.84056085,0.42865628,-0.38199785,0.59114903,0.2548204,-1.4762621,-0.59450066,-2.7711945,-0.07114743,0.6056295,-0.7542528,-3.891972,0.4481092,-1.2643378,-1.5603347,0.95328,0.9236432,-1.4574053,0.68581116,-0.49528617,1.7559674,0.6813703,1.2382768,-0.1905337,-1.3858013,-1.8441724,-0.9032413,1.0227813,-0.89523196,-1.3922474,-0.22883685,-0.7507473,-0.8740275,1.3584725,3.3481421,1.2908789,-2.862638,-0.42062283,0.2393352,-0.49692634,-0.76821697,-0.9988966,-2.1515756,3.3491626,0.94341457,-1.3345263,-1.3833184,0.19265485
1.432379,1.4624754,-0.53642005,0.025345385,-0.14279538,2.7748747,0.38699627,-1.1078838,-0.16982439,0.17506027,1.9140952,-2.0275984,0.9171983,0.85209537,-1.5536534,-1.8159859,0.5155675,1.6979288,0.9780034,-0.915201,-2.1457944,2.426008,0.81647116,0.2501428,-0.22008282,0.13647613,1.540128,-1.317317,0.3949067,-1.496766,-0.1331603,0.33765203,1.6299701,1.2416096,2.3679094,0.30674323,-0.30827332,-1.3098602,0.23460093,0.4823541,0.82872516,0.54280627,-0.67349416,0.06544283,-1.2093179,-0.76960206,-0.24642842,-0.17363477,1.4973891,-1.1179568,1.2532073,-1.0545733,-1.2213197,-0.58884287,0.43821496,0.49846286,-0.86001855,-1.3876134,-1.2724745,-0.79223025,-2.0239065,0.007251978,-0.7797813,0.47203985,0.04350546,-0.5688497,0.014445543,-2.1656501,0.8432459,1.6775489,0.1763637,-0.017836839,-0.31347245,-1.3174686,2.2723215,-0.82193696,1.0804509,1.3303602,1.6556178,-1.2875508,-0.14682424,-0.78077006,0.15053138,0.24154675,0.09198634,0.013256401,0.98543245,-0.90534586,-1.2515945,-2.7692938,-0.8269375,-0.63397443,1.4780623,0.49863777,0.36230057,-0.73699576,-1.5317013,-0.9695041,-1.0268122,-0.016286433,-0.77127254,0.45211712,0.4190709,0.7950661,-1.236459,-0.92345166,-0.19249147,-0.6942565,-0.51569635,1.7452013,0.032231987,-1.4593186,1.2865574,-0.08043884,0.3069007,-1.8076606,1.8320268,0.94934046,-1.9262171,-0.27868402,-0.26804385,1.0740324,3.5987387,-0.680441,2.4862394,0.81612545,-0.83734405,0.6799658
-0.34441435,0.19400759,0.7075632,-0.29574156,-0.13082038,-1.4312243,0.14224446,1.2036285,-0.3083396,0.20678243,0.23965362,0.68557227,0.27472228,0.0034486055,-0.4162187,-2.04408,1.4834869,0.92562103,0.6316105,-0.20257229,0.6186981,1.3507725,-0.14638497,0.7258164,0.055868357,0.32044816,1.412117,-0.41695875,-2.0727012,-0.67902833,0.44406664,0.1962977,1.6951171,-0.6985564,1.0543444,-1.1085058,1.5294113,-0.32240978,-0.76815647,-0.789534,-1.3554512,-0.6999856,-0.7163193,0.2588073,0.15655848,-0.45998847,-1.3468193,1.0491598,-0.36190283,2.2008982,-0.9765603,-1.1956575,-0.09375881,1.2708488,-0.99548966,0.10276422,-0.27379417,-1.0459535,-0.25952682,0.5024582,-0.119244605,0.4561274,0.95429885,2.527768,-0.8955787,0.8712458,1.603148,0.77006507,-0.118800074,0.62305814,0.43659347,-0.21918263,1.2393998,0.87773603,0.033040613,0.7642826,0.30482313,-1.0946618,-0.43693954,1.9841728,0.050570026,-0.6148366,-0.23857152,0.4592784,-0.28928584,-0.40995473,0.12669995,-0.42833185,0.18341836,0.32683495,-1.1453421,-2.2607589,-1.0476708,0.85927755,-0.6451468,0.37209123,0.6205818,-2.1299605,-0.3514464,-1.3962913,-0.29253778,-0.28491905,-0.0058521926,0.18142858,-0.7865347,0.6018542,-0.12937246,-0.1626851,0.48253465,1.5076231,0.9393989,0.29932362,-0.7507392,0.004790783,2.1374605,-0.04751335,-1.1994264,0.2728298,1.6814656,-0.1366123,0.18265039,-0.23064789,0.34753236,1.236319,1.9305766,-0.53550243,-1.2714506,-0.2162903
0.20387375,-1.1082741,2.0265427,1.133732,-1.1402832,1.0141073,1.0247438,-0.62654287,-0.07769145,0.08002034,-1.3701692,1.231517,1.5174776,-1.5792658,0.5984478,2.7432446,0.09358235,-0.28280187,1.5782053,1.2947837,0.68517613,-0.8988769,-2.4247553,0.039064765,-0.8292828,0.7692716,0.31823826,0.7159742,-0.37953812,0.3491927,0.79043734,0.28088063,-1.6587763,-1.9799359,1.2509704,0.29851955,0.13917443,-0.118649006,0.22769028,-0.2107276,1.6008646,0.74408484,0.022912316,-1.77406,-2.0402179,-2.7550101,0.7896818,-0.10932928,1.0204153,1.263489,0.49752143,1.4952718,-0.9886581,-1.6986789,0.9155898,0.112309605,-0.5748819,-0.52272576,0.024405155,-0.32136714,-0.2364808,0.29519725,0.4820621,-1.9592828,0.19338715,0.6476715,-1.9050176,0.5697901,0.0078074634,-0.36894017,0.99529076,0.16563109,-0.72773254,-2.0789895,0.9079211,-0.5620672,1.2392049,0.31147256,0.69975024,-0.14390892,-0.38603687,-0.7470881,-1.436069,0.41935858,0.87410724,1.1973072,-1.4682378,-0.7257329,1.1513141,-0.6983465,-1.5209999,-1.0065484,0.0635557,-1.2888088,-0.19081393,-0.35702345,-0.50825304,-1.6773562,-0.22223419,-2.0494072,-1.7545211,-1.1166674,0.98143053,-1.3115835,0.86570114,0.047285378,0.6422428,0.79347193,-0.36711442,-0.21813904,1.9486417,1.0779757,-2.3703375,0.2281566,-1.6938925,-0.34748703,-0.76437616,-0.33065078,-0.45342395,1.3328763,0.23116899,0.97708905,-0.45287803,0.28764942,-0.703301,0.997345,0.16533026,1.384875
0.76730585,0.9752511,-1.235744,-0.8392197,1.8314059,0.63914454,-1.1981316,0.13969961,0.7532319,1.3854806,-0.20069045,-0.7265657,-0.012914777,-0.21546409,-0.9915934,-0.65801823,-2.0678077,-0.09848483,-2.22753,0.37714934,-0.8380413,-0.8476931,0.654047,-0.75089765,0.18065521,-1.0806994,-0.16521667,0.5207893,0.09806061,2.0974734,-1.4653777,-0.5015262,-1.6199785,2.9991198,-1.8455458,-0.017723046,-2.6345735,0.017107204,0.7396411,-0.027165115,-1.2053037,0.35824242,0.016040428,0.48282865,-0.65673774,1.1585228,2.09667,-0.29489288,0.52910924,-1.9041774,1.0991404,1.3705218,0.911206,-1.3332597,-0.8468505,-0.16371721,-1.0407528,1.7232912,0.84474593,0.46485832,0.86185825,0.76002574,-0.5074741,-0.86266553,-0.511878,-0.20469105,-0.084476285,-1.3969452,0.036621585,-0.3026426,0.36794072,0.2564906,0.997741,1.1388621,-2.180512,0.42807323,-0.32266602,-0.99266446,0.034630448,0.66533655,1.4251561,-0.18208814,-0.1658403,-0.30213872,0.42096406,-1.0167353,-0.17581235,1.5293531,0.4327942,-0.59102845,0.78941995,2.9130716,0.22883597,0.5960276,-1.1474411,1.0102191,-0.8577153,0.4335095,0.6048696,-0.5320334,0.00093252957,-0.3378026,-0.67870915,-0.65029705,0.815951,1.8007108,0.23350115,-1.3653545,0.06924865,-1.0871956,-2.3761446,0.17759296,0.85254943,0.84588444,-1.1587486,-0.43043524,-0.36139867,0.18931377,1.6874609,0.9903668,0.961538,0.51307195,-1.139996,-1.5564026,-1.1793727,0.2981482,-0.07178371,-0.48445892
1.0915478,-1.6914737,0.251002,-0.1554265,-0.7849775,-0.8356379,0.783619,-0.097191066,0.5782197,-1.6545553,-0.5733359,0.7423786,-0.8039577,0.4176388,-1.3250535,0.31453404,-2.086494,-0.6056888,0.49686968,0.7430587,1.8019743,0.4593693,-0.62075883,-0.6424105,1.3004739,0.6175904,-0.8168977,2.317946,-1.9124224,-0.6418129,0.038664192,0.9987979,0.46790862,-1.5809791,-0.7041149,0.32567942,0.05953595,0.24628347,-0.68524253,0.54857206,-0.7647283,0.45429012,0.5266655,-1.0076872,-0.68412864,0.27877247,-0.51622754,0.84650505,2.5572124,-0.73431027,-0.33492637,0.40356135,0.70885336,-0.032545615,0.17446652,0.23669237,-0.18587282,-0.75415945,2.2906742,0.45495647,-0.05794791,-0.5047944,0.05527532,-2.0691714,-0.095202476,-1.6113093,0.28333423,-0.8645,0.7577752,-2.1878715,0.22915974,0.11871341,0.2849968,0.9505719,-1.4368782,1.2923007,-0.4479543,-0.34631914,-2.609724,1.0359775,0.3228491,-0.04274468,-0.9160441,0.15913028,0.70927006,-1.5162256,0.8046386,-0.1870324,0.60744834,1.6688869,1.7790667,0.38274705,-0.36122426,0.7262146,1.1592717,-0.28831902,-0.93967164,0.66074884,1.1169236,0.0024693161,0.27376133,0.610233,1.7470747,0.40415892,0.96199644,0.05447428,-0.624222,0.8331363,-1.0006918,-0.5786401,-0.13663407,-1.1887125,-0.13361895,-0.67836505,-1.2542002,-0.9459473,0.2777099,0.33338398,-1.8171036,1.6107261,-0.28637725,-1.2760793,-1.0472772,-0.41286176,-0.009876266,1.3524776,0.71009636,0.9249995
-0.98426586,1.2200627,-0.5384997,0.5469866,0.52196103,1.4140759,-0.62795377,-0.64423376,-0.64710104,1.422887,0.49379846,-0.55921143,-0.44959986,-0.013037622,-0.7528535,-2.6299448,1.4909194,-0.2213974,-1.1182519,-0.8847637,-1.3839928,1.018135,0.80726755,-0.33424884,-0.49595502,-0.09113421,0.38993016,-1.805301,0.5598924,-0.3909578,0.4627076,0.46559006,0.66047865,1.5587634,0.016851991,0.65204614,0.16897687,-1.1665628,0.4572044,-0.85331213,-0.73098695,-0.35678047,-0.7514472,1.425782,-0.12469131,0.7438493,0.61498046,0.12119663,-1.089948,-1.1056587,-0.3236929,-1.5740736,-0.20223385,-0.144666,-0.48438886,-0.7004261,-0.21717525,0.4357487,-2.2842255,-0.27276924,0.3046238,-0.0033762008,1.0873514,2.454639,0.042184994,0.29346633,2.0645316,-0.72598916,1.0389035,1.8076081,0.69401175,-0.52392465,-0.15487307,0.23246367,0.53683054,-0.10938956,0.43234217,0.18288213,-0.2958018,0.44916856,0.2194055,0.029459007,0.17980373,0.7783827,-0.33599803,-0.13943352,-0.15043086,1.5695596,-0.16715452,-1.7677839,-1.1555753,0.94102067,0.20180732,-0.89877737,-0.2711865,0.9131863,-0.6889582,-0.2066099,-1.4273213,-0.9364349,-0.18153876,0.31657913,-1.227481,0.9528738,-0.39602178,-0.16854188,0.29342055,-0.7147725,0.38817126,1.360579,0.89358133,0.16739056,0.36077455,0.42671877,0.98235464,-0.086393386,0.9700296,-0.086535156,1.1679217,-1.8865862,-0.13050416,-0.21343681,1.2995756,0.27918062,2.7299948,-0.3370432,-0.9015509,-0.9590264
-0.2125003,-0.2551638,-0.25090662,-0.2361685,0.7917633,-0.42283344,-0.9241637,-0.19443321,-0.18506105,1.2517867,-0.02984649,0.66229355,-0.9092054,1.1904887,-0.035668433,-1.3718034,0.170486,0.038040355,-2.2390475,0.8229928,-0.68278587,-0.730528,0.5617581,-0.72023886,-0.8081998,0.07957581,-0.5513915,-0.4610622,-0.5456885,1.4494194,-0.84866637,-0.0073630605,-1.3679947,1.5471331,-1.7214413,-0.13441688,-0.5279925,0.4581357,-0.27839008,-1.171004,-0.73329747,0.30196944,-0.8652477,1.5010593,-0.07311621,1.0108325,1.3435433,-0.15970458,0.29028124,0.74278986,0.47555813,-0.42066193,1.0656793,-0.5353239,-1.7487656,-0.13982609,-0.81190467,0.42091924,0.05069016,-0.6292421,0.5305009,-0.0359528,-0.3678967,0.6682493,-0.6128899,0.7610333,0.69967604,0.92324317,-0.8078735,0.019536624,0.6673332,-0.03536448,0.91392547,1.4195197,-1.0242057,1.3134947,-0.14334828,-1.3984826,0.70950437,1.5746878,0.07151531,-0.62909675,-0.47211295,0.036550693,0.20376611,-2.5541573,0.96335435,1.4630818,0.02917993,-0.7764927,0.3495931,0.7651301,-1.2706344,-0.3145282,-1.7788012,1.4370217,-0.31775996,-1.0993608,0.058680117,-0.6434035,0.06588209,0.7818905,-0.42586476,0.16208568,0.37263727,0.6244458,0.42192674,0.9027582,-0.46289462,0.59000975,-1.0737154,-0.03226154,-0.6580556,1.6191223,1.3085957,-0.6228026,-0.5988922,-0.48005682,1.3538179,1.1756747,-0.3256889,1.0655366,-1.3555601,-0.74140275,0.4420217,0.35271144,0.12194629,-0.9392413
0.04095317,0.5509029,-0.199604,0.5178832,-0.7932639,0.39801913,-0.18074588,0.20701724,-0.11791282,-0.5344894,-1.0949965,-0.13937478,-0.6292482,0.25541398,-0.5277249,-0.26422173,-0.44200385,-0.53981185,0.0566058,0.15950364,-0.8389919,0.17793624,-0.11605497,0.40353674,0.14581299,0.018839292,0.52303666,0.1421516,-1.7338245,-0.21704642,0.66232586,0.5226439,-0.22499764,-0.045672826,0.2401491,0.051234037,0.3129183,-0.7701476,-0.38170287,-0.16460696,0.08452846,0.030259736,-0.22941217,-0.05006315,-0.5793394,0.5041259,-0.23717438,0.63023454,1.1537507,-0.020123098,-0.95256144,0.47483125,0.36281812,-0.31247145,-0.32851648,-0.17179818,-0.71701217,0.13201454,-0.102690026,-0.26664156,-0.032872327,0.2189705,0.7253481,-0.09739767,-1.1860608,-0.6723386,1.2439091,0.277479,1.1149273,-1.005651,0.583264,-0.29940563,0.3905644,0.38650596,-0.76251704,0.109308094,0.31798533,-0.08162328,-0.9114716,0.9351237,0.5621876,-0.2347458,0.25515366,-0.29847616,0.6831117,-0.011848688,0.6936393,0.3208441,0.7225279,0.42199302,0.2518697,0.9174777,0.31296256,-0.13103992,0.17768982,1.2573559,-1.1196908,-0.8096385,-0.47530103,-1.0720916,-0.50707006,-0.120575026,1.3440106,0.35930908,-0.66375846,0.6427308,-0.13660255,-0.015855998,-0.22409673,0.32585555,-0.18790497,-1.2793552,-0.37098274,0.6917846,0.94127655,-0.048628435,0.40696484,0.12268475,0.60107696,0.032406446,-0.1326595,-0.25827906,0.1726974,-0.042669892,1.250463,0.18685414,-0.738236,-0.63971853
-1.4658407,0.22506794,0.3907575,1.2517239,0.41774637,-0.9282148,-0.3771349,0.72069895,-0.4373061,2.004102,-1.0414126,1.180264,1.3361871,-2.1246839,0.8885574,2.6678455,1.4217901,-0.7277238,-0.7361784,0.026175376,0.75090504,0.07891403,-0.56961024,0.60523236,0.25340784,-0.54565084,1.3528911,-1.2045524,-0.96753687,0.89419127,0.9154276,2.0039215,-0.06157878,-0.14693208,0.83968997,-1.7122859,1.0895185,-0.3089366,0.08123107,-0.20766598,0.028983846,-0.561877,-0.029763252,-0.9817047,-0.10099361,-1.8116448,0.06576055,0.3810509,-2.2374663,1.8609148,-0.19495484,0.39224458,-1.3711929,-0.31799385,0.39594486,0.3687025,-0.096716985,0.33897302,-0.4022416,0.97721225,0.11457797,0.64803445,0.4551959,2.3706887,0.28779352,1.2338208,0.2999347,1.3179218,-1.2449158,0.21693039,-0.39054286,-0.16572319,-0.6303244,-1.7713029,0.02748534,0.010695644,0.28947166,0.19396432,-0.1829976,0.44216317,-0.048997015,0.077696174,-1.1223465,0.7258148,-1.7298541,0.13059673,-0.8728799,0.51537085,-0.028767481,-0.2724944,-2.300446,-1.7682247,0.5151501,-0.85836256,-0.53191704,0.5684421,-0.16179097,-2.639733,-0.09027316,-1.1741556,-0.9474,-0.21564952,-1.4137107,0.29313338,-0.19976005,0.8090234,-0.14683992,-1.2674606,1.9690611,0.76944804,0.562906,0.4648854,-0.6494653,0.1502051,0.7308375,0.08233537,-0.28198218,-0.15829018,1.1815541,-1.1616619,0.7362938,1.2304119,0.3559711,1.8593813,1.3327421,-1.1167642,-0.09617254,-1.040298
-0.29423222,2.010682,-1.4200002,-1.0280201,0.3432846,2.4012837,0.1863262,-1.1143616,0.54886997,0.14569257,0.8048598,-3.0539238,-0.11552927,0.18987441,0.388598,-0.8366835,-0.0064742565,-0.9941131,-0.31328022,-1.0768701,-1.9470204,0.881464,0.9237188,0.20619245,-0.5170016,-0.75754577,-1.15583,-0.21907872,1.0746706,-1.1319777,0.37104234,-0.6677985,-1.0266303,1.9649422,-0.95116985,2.564456,-2.3327012,-0.21650565,0.83046234,-1.1965903,-0.59935784,0.8819971,-0.94270015,1.1655643,-1.2781571,2.1623633,0.3464964,1.3487424,2.441182,-3.661398,1.0858748,-0.17855734,-0.4787076,-0.29043144,1.0983442,0.41181976,0.20284384,0.2586192,-1.3187597,-1.3866512,0.20996428,-0.22556803,0.94925046,-2.0992703,-0.7294652,0.5966462,-0.0006444454,-1.3110296,3.272097,0.24842122,0.4092431,-0.7759466,0.057546325,1.1623201,-0.49959958,-0.7100817,0.016634554,0.78974086,1.0557503,0.40588436,0.5364107,0.110619344,-0.34180313,-1.1257552,0.34514597,0.40552846,0.38130695,1.1525855,-1.6523517,-0.30972964,0.62961197,2.8541386,0.058128625,0.70048237,1.2419188,0.4957906,0.7297437,0.7994954,-1.0395508,-0.084687784,0.009511083,-0.19616732,-0.14180593,0.8804754,0.11336285,-0.02833268,0.8424915,0.010885179,-0.01588589,-0.15160266,-0.37139192,-0.07504779,0.45040163,-0.6034616,-0.34219718,-0.2562217,1.3713031,0.6502479,-0.17066216,0.074095406,-1.3279004,0.68471974,1.5455735,-2.346405,0.38634738,-0.33700907,0.48026568,0.109048754
1.1955752,1.0638952,0.33934927,-0.4463485,-0.5691334,1.5003513,1.1992452,-0.20982812,1.4862633,-1.1469523,-0.28257787,-0.6016402,-0.35494614,0.391564,0.3148663,-1.5300447,0.35124063,0.8985541,1.0490937,-0.011021942,-1.1641643,2.709883,0.48606563,-1.299618,-0.4574567,-0.6447356,0.8606646,-0.5448406,-1.6005198,-1.2588687,0.99996614,0.21958739,1.2588922,-0.67614055,2.4006944,0.36704123,-0.34394965,-1.2501675,-0.33283165,-0.14568618,1.3652276,0.32501522,-1.4480186,-0.14136164,-0.7081679,0.77703905,-0.2585162,0.34002805,1.6097,0.3263104,-0.08401754,-0.01619102,-0.402699,1.2284201,-0.1974289,0.11695985,-0.34128886,-0.6135413,-0.19952981,-0.82298946,-1.790073,-0.63562256,-0.028987765,0.38903767,-0.4185201,-1.332052,0.09560087,0.0881125,0.8533608,0.79239935,-0.2293064,0.80326617,0.73069185,-0.14275792,1.3123143,0.52463907,-0.178372,0.5408814,1.3360057,-0.5059457,0.57816744,-0.20627475,-0.697349,0.13991863,-0.14454673,-0.42087394,1.6600069,-0.54382,0.31211466,-0.6077045,-2.0485554,-1.7148349,-0.46329263,0.7913562,0.1760037,-0.291538,-1.7242755,-1.3797855,-0.48060954,-1.241241,0.14867602,-0.13852662,1.3866597,0.4013046,-0.985444,-0.24633026,-0.21684209,0.06393868,-2.1285138,1.1585026,0.4286587,-0.6012808,0.002775371,-0.18480593,1.0270218,0.07227469,0.4669206,0.78533494,-0.9788514,-0.27844098,0.20918223,0.06604418,2.6710773,0.32053423,2.4508343,0.90494764,-1.5415325,-0.021418542
1.457579,0.97138155,-2.3666906,-0.5962338,2.1721625,-0.6802986,-1.3817415,0.98091066,0.545104,-0.14078698,0.8885226,-0.58534116,1.6108954,-0.1584003,0.5722799,-0.30352417,-1.0548947,1.1788582,-1.5345628,-1.1895399,-0.40075228,0.07057762,1.3070056,-0.18508679,0.11614971,-1.6968141,0.8493587,-1.9153844,0.2516357,2.5769331,-0.45258844,-1.1786774,-0.22385886,1.5764518,-0.04673872,-2.627878,-0.69630194,-0.64188254,0.3453455,2.1706562,0.0897816,0.031116605,1.7234712,-0.005878523,1.4712902,0.2619836,0.015177265,-0.003006816,-0.9298333,1.2216747,0.25730103,1.0808197,1.590302,-0.23803389,-1.0960513,0.55733144,-0.9869723,-0.11816565,2.4071584,0.858127,0.45200366,1.5912633,-2.6619062,0.87374675,0.26792186,-0.41143888,-1.9228659,-0.42190486,-3.254848,0.76527184,-0.78994787,1.0993125,-0.66017497,-0.18379368,1.4726666,-0.069849014,-1.0156827,0.91870433,1.2085116,-1.981216,-0.6853508,0.10025084,-0.5176114,-0.39450908,-0.41477767,-0.87061703,0.44194272,-0.21258162,-0.022377476,-0.8109944,-0.98576593,-0.2752487,1.2760116,0.6443236,-0.45739612,0.42278248,-0.25453088,-0.81574255,-0.3229056,0.029129148,0.528949,1.2308081,-1.4084113,-1.2441654,-0.5462548,0.7672342,-1.38744,-1.3552049,-1.0097936,-0.67183197,-2.5962043,-1.1912231,1.3652903,0.9735862,0.90335,-1.3864105,-0.66074175,-0.53708565,-0.44435006,0.0036997255,1.8649607,-0.16218016,-1.0887977,0.9645561,-0.6433823,0.44089282,-0.65199983,-0.21174553
0.6972513,-0.92555046,0.4697704,-0.6896608,-0.30582127,-1.0235957,1.7771462,-0.040821217,0.7226565,-0.3459921,0.4625755,0.2471858,-0.18133703,0.8659059,-1.4563427,0.97356856,-0.6330577,1.1856556,-0.36190116,1.145776,-0.34669733,0.036230505,-0.6349608,-0.7789204,-0.034028143,0.109708905,0.18796647,2.522067,-1.232681,-0.5874513,-0.8761375,-1.1089448,-0.11663202,-0.577456,0.011463754,0.105827354,-0.9813712,-0.5467346,-0.08840451,0.25594935,-0.25734192,0.18299073,-0.2863568,-0.6634901,0.67592525,-0.011308104,-0.69509155,-0.87447417,1.3203285,0.30426013,0.6070131,1.565865,-0.9921001,-1.5260363,0.46615624,1.2505916,0.82203054,-0.77581465,1.0999421,-0.8316602,-0.7443601,-0.685464,-1.1866795,-1.361381,-0.07288182,0.3211405,-0.50106287,-0.16790739,-0.68408287,-0.9559827,0.017850935,0.7610629,0.5458406,0.131028,-0.77603614,0.87713563,-0.69710684,-0.17610961,-0.6593392,-1.0332742,0.0738285,-0.54275537,0.14994371,0.4209598,0.8189959,-1.6494384,-0.5774338,-1.5721377,0.057632357,0.019458711,1.4041523,-0.37315667,-1.2350922,1.6039653,-0.8451645,-0.082309976,-0.72028375,0.845507,2.0923135,0.8210086,0.4433083,-0.21708779,1.8809996,-0.14848134,1.459116,-1.1416165,-0.9139943,0.5705837,-1.5754516,-1.4175937,-1.0975273,0.046659946,-1.526778,0.46806845,-0.7477951,0.014621843,-0.2084118,0.08447196,-2.8660078,2.1311407,-0.22070026,0.9229009,-0.4276681,-0.7725432,-0.47868848,0.88019496,-0.4193672,0.356763
0.8329047,0.008028276,0.5566568,-0.39089942,-0.32458436,1.3121372,0.27130663,-0.67693835,0.47303483,-0.8318011,-0.062320277,-0.20280501,-1.0706109,1.1950206,-1.3065324,-0.88825005,-1.4872813,-0.98847,0.13046083,0.86447567,-0.1363832,1.0867054,-1.0270553,-1.1251408,0.5710032,0.6729343,0.04179734,1.5794452,-1.4523858,0.042276382,0.18295819,0.117763676,0.16244173,0.8988972,-1.1124276,0.20033164,-0.2982911,0.8450388,-0.7443688,-0.36022133,-0.6475205,1.3186014,-0.34353602,0.16897976,-1.6838655,0.32537833,0.03138174,0.78844404,2.514058,-1.2355373,-0.11286015,-0.15971568,1.0454278,-1.398387,-1.1848824,-0.14030817,0.27175894,-0.23196855,-0.34193328,-0.45945388,-0.7833559,-0.09713176,0.7334467,-1.801063,-0.6750533,-0.13766873,1.3245682,-1.1177409,1.2040102,-1.8089399,0.34212658,-0.29029074,0.949225,0.86123705,-1.0262434,0.28564852,0.35218722,-0.46698344,-0.57485634,0.86980176,0.15035662,0.034070946,-0.9062172,1.0437512,1.2158263,-1.3370937,0.16941738,0.43359327,0.3656853,-0.12653205,1.206682,0.48058075,-1.0476515,-0.34321952,0.1231872,-0.20705298,-0.93412554,-0.20634559,1.4153094,-0.817935,-0.9505208,1.0357995,1.3154906,-0.5594386,0.35995662,-0.20437565,0.23599607,0.280317,-1.0629187,0.19708216,0.7699883,-0.29491,-0.14566344,0.3156917,-0.08933896,-0.86605763,0.22783218,0.16167928,0.33793104,1.9663742,-0.10315412,-0.60947496,0.07253429,-1.7033035,0.6437135,1.3569561,0.78489935,-0.3848322
0.7252184,2.374871,0.25575283,0.186745,-0.11373651,2.6127841,-0.25275522,-1.1728591,0.70988405,0.46589357,-0.19741061,-1.3405993,-0.3012898,-0.42616656,0.101981044,-1.5313404,-0.38145757,-0.84691685,-1.0481827,-0.4767594,-1.2184491,0.9407184,0.13547927,-0.0088898735,-0.680278,0.3050198,0.25719273,-0.5616685,-1.3557578,-0.33776426,0.42526108,-0.20490971,0.70549953,1.7037508,0.7192818,1.3995392,-0.43140018,-0.74367964,-0.15411332,-0.54419935,0.29803628,0.38990486,-1.3001816,0.5690348,-2.003593,0.33110693,0.55079937,1.9453795,1.6102548,-2.289323,-0.09507015,-0.9834524,1.2113404,-0.4492746,-0.39185533,-0.8989022,-0.43688387,0.926977,-1.3655012,0.03851816,-0.006745219,-0.020750701,1.2508718,-0.12330538,-0.48006725,0.36723042,1.2774439,-0.5713937,2.011354,0.07714197,-0.026866972,-0.14507478,0.14332321,1.5016806,0.5245409,0.5650924,0.3383038,0.49342674,0.688818,0.5104577,0.6752183,0.051722378,-0.16509826,-0.23472536,-0.80486256,-0.3554772,-0.099357694,1.3681965,-1.0073953,-0.6548153,-1.1563647,0.54226947,-0.50112903,-0.35694587,-0.34231937,0.6759392,-0.15646383,-1.7711515,-1.1060207,-1.4754573,-1.0588796,0.22282487,0.31929693,-0.7486661,-1.1575887,0.8846259,0.8127564,0.008246213,-0.8018569,1.5331126,0.78098714,-0.63276714,0.93089163,0.311026,0.87866193,-1.3564135,1.0361915,0.44543302,2.431808,-0.24595404,-0.00036355108,0.18004438,1.4805894,-0.24297121,2.084672,0.25331736,-1.7283925,-1.5325853
0.55410135,0.49909267,0.93667984,0.97678286,0.47518367,1.6276896,0.34231043,0.5560359,-0.22425357,-1.6668413,-0.79923975,0.93358225,0.14640257,-0.041062653,-0.5678536,1.174871,0.8376091,-0.35050336,0.35863757,1.6070466,-0.6558734,0.113650635,-0.024420112,-0.051519208,-1.9139702,0.35936153,0.22341424,-1.7600548,-0.49346665,-0.5062832,-0.2589833,0.6215352,-0.02206546,0.39950806,2.550968,0.73437953,-0.18029529,-0.5606672,1.3681768,0.2115249,1.5473481,-1.0885708,0.5464519,0.15513909,1.1002712,0.2481186,0.65985805,-0.9339831,-1.0831614,-0.117566705,0.49839306,1.6485708,0.7688767,-0.047556043,0.11837679,-1.4070973,-0.62778354,1.3973175,-0.44023275,0.57357454,-0.05172686,-1.0170451,0.31894028,-0.38428652,-0.9508648,-1.1960942,-1.5190876,0.6951368,-0.067695096,0.23304018,0.31078163,-0.16778232,-0.8323205,-2.5198832,2.0354877,0.067038044,0.78381723,-0.5035542,-0.9376534,-1.1471335,1.2141454,-0.82535887,-0.6655456,0.20585641,-0.4371813,0.0007124543,-0.21057692,-0.8420106,0.27584124,-0.8055996,-2.0408597,-0.14551401,1.1124257,-1.6300944,-0.43504146,-0.0992862,-0.86195517,0.5981716,0.39132714,-0.9076898,-0.5977009,1.0222442,2.167765,0.9585101,-1.7609318,0.52005965,-0.028632417,-0.4711836,-0.23028311,0.46726555,-0.16753843,-1.3144748,0.15021598,0.94199675,0.60918003,0.08477241,0.44403654,-0.47658858,-0.6136629,-2.070497,-1.4089622,-0.57204026,0.84079504,1.1659865,2.446384,0.58334637,-2.225865,0.03767404
0.56219965,3.2560909,-0.64451146,0.6006634,1.2391782,3.4787683,-1.7052122,-1.5978744,-0.7466437,3.1917422,1.9248443,-2.6110287,2.0126817,-1.5297973,0.4942665,1.8962505,2.3074386,1.0230659,0.5793081,-0.95731217,-3.0722308,-0.8531379,1.0844179,3.25182,-1.7423956,0.33267805,0.7800131,-3.3233047,1.5632241,-2.2500405,-1.9384829,1.7310649,-0.13138115,2.3813956,2.3020225,1.2464577,-1.7710739,-0.4837954,1.7597991,1.9415869,1.818337,0.9407847,-2.1867905,0.045934618,-3.2953427,-1.862313,2.5454297,-0.73164517,2.0224037,-3.3111339,2.960645,-0.84742105,-0.996898,-1.7353097,1.0407834,2.3144467,-0.15334892,1.2838578,-2.168357,0.19429523,-0.82450724,1.7161838,1.8479363,-1.2548921,-0.026606943,-1.7042272,-2.437686,-0.8224282,0.9163619,2.267373,-0.86332464,-0.59897137,-0.4904417,-1.683617,2.4151745,-2.8034346,1.4361875,1.637754,2.6243176,-0.05513806,1.6990683,-0.6232914,-1.4052575,-0.6095126,-0.5876285,2.3575354,-0.8628097,-0.41881928,-2.1899424,-2.8432531,-2.414209,1.4910347,-0.43543357,-0.30890638,-0.303491,-0.25295562,0.18100947,0.07430336,-0.9152721,1.1927904,-1.4738925,-1.7076733,-0.25412726,0.19311798,-1.8209895,-0.029107332,2.0072873,-2.1422312,1.6222063,-0.15144461,-0.05383244,0.30735433,1.2265258,-0.6175079,0.11736822,-0.98350996,1.4886785,0.933642,0.69928116,-1.7435901,-0.0948586,2.0089297,3.2842083,-1.5562173,-0.7363306,-0.41479927,-1.4858643,1.669426
1.1247551,0.6988793,1.9166088,0.08221546,-0.7082696,-1.5553942,0.38381732,0.51590604,0.80169785,-1.1705859,0.74964595,3.2297359,0.20543389,-0.13502897,-0.9190899,-0.48902175,0.22677982,3.0028179,1.7385848,1.2154267,1.0213358,0.46754912,-0.48231274,-0.7294953,0.07509899,0.6485992,0.9930353,0.14422256,-0.74979603,-0.114840984,0.94566876,-0.4683259,1.1377981,-0.6659765,3.6005569,-2.7682605,2.340819,1.4437964,-1.0994413,0.9539835,0.65635246,-0.0916291,-0.37068215,0.66049075,0.97114384,-1.6452365,-1.0811543,-1.4410014,-1.4543422,4.685286,-0.8032356,-0.44781476,0.6870178,0.21021049,-1.3540334,0.03572248,-0.7265613,-0.7260152,1.385095,0.7965373,-2.6596603,-1.6649702,-1.8304241,1.8216995,0.92313623,-0.7743881,-0.31418228,1.7815412,-1.5148723,0.17160597,-0.34219795,0.23096743,-1.0249894,-0.71399236,2.210618,1.2013739,-1.288598,-1.0338485,0.27060238,-0.5192938,0.39166862,0.46377802,-0.4400969,1.6723279,-1.0115161,-0.24764162,-0.2520098,-2.9566627,0.07801303,1.0054207,-1.3489652,-4.9306493,-0.28530243,-0.82847583,-0.5662269,0.22079502,-0.5173868,-2.001462,-0.46444348,0.58487606,0.6680522,-0.15066546,1.5826222,-1.0963202,-1.3331269,-0.45742875,-1.6196922,2.9284055,-1.3319572,0.32125163,1.4903831,-0.17857093,-0.71158427,0.60608923,3.1136482,0.05345601,-1.6049085,0.7683808,0.618129,-1.1616349,-0.56114554,0.07496679,0.27881718,2.300407,0.570365,-0.8721067,-2.036687,-0.47370046
-0.065054566,0.07258077,0.1349648,0.10958335,-1.1468369,-1.36583,-0.041369244,1.7032279,0.03278523,-1.7138528,-0.37375993,1.3684397,-1.6260381,0.93349487,0.28321546,-0.035735384,-0.48021278,-1.079216,-0.8457426,0.34865165,1.1706064,-0.8419241,-0.23876846,0.5582476,0.786378,-0.82291424,-0.362277,0.8316058,-0.49863663,1.5437238,-0.87389255,-0.4808092,-1.148763,-0.053699,-0.18347609,0.2975667,0.61881304,0.3159998,-0.3378633,-0.11101339,-0.58534014,-0.5294469,1.5085394,-0.66794163,1.9030292,0.48600984,-0.84944296,1.1411815,-1.2852448,1.1307353,-2.090237,-0.16172056,1.077274,1.0676765,0.44886804,-1.53443,-0.3519442,1.5957146,1.0056721,0.73014885,0.8163289,1.3685552,-0.012761384,0.042580098,-1.0861291,-0.28245312,0.7037223,0.63014764,-0.9022659,-0.9626249,0.5578053,0.2514899,1.0215504,0.94998085,-1.3196409,1.2378027,-1.613669,-0.72307724,-2.0246987,1.4905252,0.9008218,0.061277613,0.49092185,-1.338691,0.07570112,0.9455018,-0.5788012,0.06320647,1.8601029,1.921823,0.5545709,-0.09059289,-1.452599,-0.13399804,-0.42828065,1.1454804,1.0391481,0.30420855,-0.1415061,-0.65455234,0.41367036,-0.39511216,2.031207,-0.19110902,-1.0822945,1.9625924,0.35320228,-0.23659918,0.005595389,-0.73068845,0.25237152,-0.5759487,0.29079673,0.08396043,0.11160216,0.63667667,-1.4632593,-1.459204,1.6460102,-0.7260093,-0.7302923,-0.07903509,-1.3814929,0.5044846,-0.85727865,-1.0146728,-0.13949299,0.34607124
0.08379546,2.6732278,-0.89380157,1.6092588,1.2414538,2.3502493,-1.7393959,-0.32824033,-0.7301543,2.4083903,1.4695584,-2.0329661,0.9270549,-0.93001527,-0.30697554,-0.94403803,1.7433909,-0.59370106,-1.9159964,-1.3948458,-2.704754,-0.37048113,1.4399704,1.2424045,-2.0000088,-0.039862245,1.2591583,-4.423874,1.4451993,-0.40167066,-0.44989598,0.128654,0.31221792,3.098886,1.2988993,1.8766698,-0.40568948,-1.0876473,1.9512097,1.3802817,0.8926348,0.2405875,-0.84760934,0.9703936,-0.9619311,0.2521449,1.3227673,-1.1998067,-1.3805236,-2.464524,0.4680875,-1.4538268,0.361142,-1.1316483,0.48121274,0.028443515,-1.0636088,2.104727,-2.9981995,0.16844675,0.3437629,0.6503102,1.5039316,2.4003658,0.18384738,-1.2366524,-0.354782,-1.2267601,0.6257077,2.9717855,-0.50634587,-0.6025194,-0.7397294,-0.73758566,1.6055855,-1.1557044,1.5144429,0.14618275,1.1084241,0.41417095,0.6479535,0.025850028,0.35514307,-0.57554024,-1.4936836,1.3369505,-0.92577827,1.4156572,-1.0629554,-2.8048992,-2.2359066,2.3408775,0.58046925,-0.83380735,-1.4322084,0.65596277,-0.321403,0.20019132,-2.1556711,0.40668857,-1.0903893,0.6600615,-1.0530554,0.85824245,-2.5758986,0.74078524,1.619022,-1.7154152,0.8025011,1.4847293,-0.72416973,-0.5988995,1.8467209,0.49116534,1.695066,-0.83816046,2.0049918,-0.6196002,1.9935548,-2.6197078,-0.3703155,-0.3296288,2.845918,0.92352355,2.9983163,-0.64344,-3.2472138,-0.4957503
0.14395276,-1.8037837,0.84563416,-1.1383471,0.46928975,-2.4056282,-1.1005129,1.5799947,-0.82269895,0.797907,-0.5941287,2.6587188,0.10006708,-0.23104483,0.5059377,0.6581692,2.2103772,1.6723893,1.3122579,-0.70880246,1.3114355,-1.0610657,-0.58337253,0.48081717,-0.3537863,-0.05320257,0.14856622,-0.9630916,-0.3593598,1.1556019,-0.39143214,0.5371765,0.36711055,-0.01965598,0.3296605,-1.5412865,-0.47105056,0.931561,-0.62193286,-0.24782057,-1.5969207,-0.9501244,1.2123628,0.1956837,1.9220259,-0.57776076,-0.106571615,0.9295875,-1.9806161,3.197299,-1.048919,1.1849306,0.1764665,0.47610867,-1.9800159,0.952371,0.16741553,-0.33958307,1.6715436,1.2344093,0.43258867,0.6774678,0.1798416,2.5284925,0.2453024,-0.27410436,-1.7596602,1.3623093,-2.66404,-0.25166884,-0.055938542,0.3047975,-0.76544744,-0.14774935,1.0224707,1.003596,0.14410262,-0.89395016,-0.1506768,-0.27097297,-0.22912312,-0.06141942,-3.0307374,1.2984272,-0.09020784,-0.8533082,0.669549,-0.8184495,1.1743883,-0.35336933,-2.1062312,-1.641404,-1.3250421,0.082373574,0.35191143,0.36402506,1.0621605,0.94481325,1.4290044,-0.07029045,0.48171395,-0.20662092,-1.3926997,1.0841427,0.14862818,-1.8503308,-0.5129576,0.1804102,1.9377614,-2.2738023,-0.4631061,0.64815044,-1.4166253,-1.1037058,1.3104906,2.2732768,-3.4671528,0.60347724,0.4147824,-0.5442998,0.4557048,-1.1696832,-2.3115106,1.9064596,-2.1510272,-0.13306502,0.92443883,-0.25557756
1.2675388,1.371134,2.5020087,0.8067642,-2.1190968,-2.6694453,1.4764618,1.6524117,0.40918845,-1.7840307,0.18538284,2.1059642,2.5858006,-0.62767357,0.55316776,1.6253362,0.8322983,0.69839835,3.4113832,0.18926342,1.6549436,0.65200996,-2.4246187,-0.6662661,1.0884266,-0.13215736,2.5424318,1.2957113,-1.418258,-0.8765453,1.7752266,-0.7635654,2.6146584,-2.5203872,2.9846873,-0.4992919,2.5445616,0.32673797,-2.6437159,2.0271902,0.16139898,-1.3926706,-0.42830408,-1.5848353,0.39361563,-1.3134725,-4.4166746,0.50689435,-1.4188653,5.007495,-3.504204,-0.92667794,-1.6227369,1.260884,0.18760207,-0.49888358,-0.79912204,-2.0845048,0.61195254,2.3554459,-2.944878,0.1977188,-1.067711,2.738101,0.5514003,-0.5239143,-0.026774243,1.8359177,-0.8195237,0.29316932,-0.07871151,0.20816773,-0.91895944,-1.8844032,1.1682719,0.3193894,0.34370756,-0.73223764,0.34191838,0.12335518,-0.03536231,0.11480752,0.9091203,2.0241647,0.37808767,2.6819742,-0.78163815,-3.6333966,0.11486328,2.9923973,-1.339972,-6.422798,1.5301466,0.1454618,2.0155063,-1.0473444,0.6022301,-0.6880273,1.4900753,0.06324774,0.7971448,0.63743705,1.5040443,-0.67323494,-1.8036009,-0.84013736,-0.92051166,0.53577286,-0.093223676,-0.09459059,2.5912633,-1.6008636,-1.2460347,-0.6197789,1.5501783,0.83805895,-0.8057382,-0.1671027,0.22679925,-1.9812593,0.071364656,-1.1024519,1.892554,3.2805188,0.3579064,-1.6822381,-1.6704174,-0.3755671
-0.5917223,0.2559408,1.8148111,0.84611785,-0.26111186,-1.2384937,-0.081067145,0.6395709,0.13270658,-0.05365826,1.0876347,1.5789707,-1.0587457,0.016251951,-0.88194263,-0.93214476,0.3768415,2.0719185,-0.37821138,0.45413452,-0.11283922,-0.67766684,-0.60266185,-0.24508058,0.8182979,0.29854295,1.6723945,1.0770202,-1.4789119,0.5858287,1.0049168,0.14654899,-0.68811166,-0.5189974,0.7444946,-2.2398243,1.8183115,0.47344124,-1.370039,0.30561918,0.4711848,0.08679071,-0.3594157,0.8373672,0.6193705,-1.2554753,-0.23462611,-0.27421302,-1.065086,3.0141025,-0.83153355,-0.5572755,0.21082062,-1.6900191,-0.8303082,0.8832337,-0.37388977,-0.8155682,-0.00056889653,0.17416823,-1.6747394,-0.26259828,-0.09198799,1.541035,-0.123686016,0.36638635,1.2397683,1.6415765,-1.1458426,-0.36754054,-0.17150733,0.28051454,1.5011857,-0.30882585,-0.3056413,0.39566943,-1.3041179,-0.6773728,-1.0945405,0.6858328,0.6824436,0.8886821,1.0171463,2.283636,-0.42118073,-0.65347135,-0.3830418,-1.5451034,1.4950292,-0.2621004,0.3657336,-1.9950564,-0.854704,-0.7400919,-0.8934059,0.68403316,-0.6142109,-2.3484738,-0.37139255,0.23092064,0.54777765,0.0699763,1.8384168,-1.2186619,-0.41188356,-0.33551177,-0.79951763,1.807939,-2.0457838,0.4447786,1.4323002,0.4497366,-1.3632393,0.23193885,2.0960298,0.7254243,-1.2786778,-1.0199418,0.50191617,0.25892958,0.57748157,0.43662724,0.32892084,1.0984218,0.44172138,-0.6718739,-0.98001146,-1.0391452
0.10442825,-1.2225363,-1.5024116,-0.29706103,0.45253372,1.0482342,0.9040122,-1.3992538,0.087626554,-0.7205298,-0.6747327,-0.75941443,-0.81300044,0.89179987,-0.9937575,-0.8269688,-2.640586,-1.9906278,-0.23137932,0.53167784,0.41680652,0.69953144,0.5582442,-0.95608795,0.5116771,-0.51027906,-1.3027407,1.2968602,0.14667587,0.1723606,-0.195517,1.2266371,-1.5852602,-0.45159143,-2.56602,-0.6736369,-0.35185042,-0.40490004,0.5266359,0.09852308,-0.61574244,1.3999202,-0.45120656,0.053262413,-1.0028102,-0.11667837,1.1655709,-0.3865546,2.489629,-2.505015,1.4963126,0.1798059,0.6818963,-0.29730088,0.73054826,0.27297613,-1.1668584,-0.09168361,1.1368272,-0.008743703,0.54343635,-0.25252882,0.006832093,-2.6738744,-0.38009098,-0.29170084,0.6197921,-1.5991826,1.2125025,-0.6359427,0.11181304,0.12688707,-0.22044037,1.4303145,-0.57463056,1.1304148,-0.27672505,-0.051504895,-1.1328777,0.67290616,0.5316337,-0.38759792,-0.7030332,-0.9021293,0.8213266,-1.7706279,1.0232941,1.1181889,-0.7175546,0.5560164,2.144108,2.623574,0.96712524,0.12476903,0.58744836,0.02425757,-1.9964459,0.8460134,0.52219737,-0.25603795,0.8065573,0.2760648,0.83052844,-0.46889037,1.6861328,1.2351977,-0.8048066,-1.0375185,-1.1378493,-0.7875683,-0.17679411,0.207694,0.93927765,0.70666826,-1.8632185,-1.0256293,0.5845881,0.7409777,-0.88594675,1.1185032,-0.27661818,0.8402783,-0.66362,-1.9054246,0.9925691,1.1669965,1.3642972,0.5303982
1.3800623,2.066241,-0.19982255,-0.38743877,-0.021393966,3.2926388,0.8847829,-0.3582828,0.8147947,-0.35747474,0.2241673,-2.1304202,0.030272089,0.23337272,-0.30518645,0.47238326,-0.38634446,-2.038726,0.14936441,-0.026409024,-2.161367,0.8431274,-0.23297,-0.9354911,-1.4249198,0.56112367,-1.3057361,-0.7337205,1.6469145,-1.174497,0.4423409,-0.0289727,-1.0306933,1.7930033,-0.05623889,3.9656947,-2.1833386,-0.033914834,1.3168633,-0.60804963,0.82573664,0.49150613,-0.039575458,0.097019956,-0.95373654,2.1366,0.29223758,-0.322775,0.9456924,-3.629192,0.88977355,0.85537493,-1.1504437,-0.25995284,1.373367,-1.8096945,-0.022715688,0.44871888,-2.2367992,-1.05836,0.46574563,-0.68547153,0.73812926,-1.4275417,-0.96136934,-1.3199484,-0.1236254,-1.3722308,2.2676005,0.033460632,1.1948954,-0.07974735,-1.0688763,-1.3495812,1.0276958,-0.6894862,1.4339774,0.25220218,1.2903606,-0.62305367,-0.7961426,-0.2233457,-0.25986493,-0.35707676,0.6028931,0.5036878,0.08960396,0.6250199,-0.97591,-0.90049183,-0.9578639,1.5416995,1.4516126,-0.7805381,0.4347818,0.01156646,0.12824157,1.6550363,0.4965198,-0.6212271,-0.7880665,0.6105116,0.45656055,1.3971941,-0.7930163,0.2948734,0.8273276,-0.27968693,-0.18752939,0.8916093,-1.0146558,-1.0499836,0.7258593,0.8784802,-0.4256103,0.3298834,1.9479598,0.249213,-0.6454618,-0.80169487,-1.7830715,-0.8581734,1.9804751,-0.8307363,2.0481062,1.1254234,-0.6203153,-0.6309846
-1.4183209,1.6588767,-1.5092564,-0.44864812,0.8947592,1.2469897,-0.84483147,0.34995016,-0.1547127,0.032170128,0.6760455,-1.888876,-0.48550758,0.6714001,0.75532687,-2.494789,0.06237237,-0.85701877,-2.1198483,-1.8025473,-1.7157391,0.38600522,0.9679699,-0.25733507,0.5018883,-1.3131062,-0.420421,-0.8202385,0.9162345,0.74337107,0.6977686,-1.1822184,-0.8224843,1.8611615,-1.4087198,1.4010608,-0.70985174,-0.46827555,0.1432178,-1.839959,-1.3318083,-0.44958752,0.205816,1.4522655,0.085345864,2.4359717,-0.25869876,1.7491919,-0.241508,-1.3285805,-1.2381079,-1.720454,0.6428804,-0.35603374,0.011625618,-1.02629,-0.08598083,0.026178777,-1.3628097,-0.8515557,0.4094415,0.65980816,0.42426533,0.82731426,-0.69000185,0.4574563,1.3697041,-0.54034245,1.2104266,0.8078007,1.0847206,-1.3090801,0.5441329,1.0785346,-0.67222273,0.06417039,-0.8546284,-0.15643921,0.6204159,0.89573693,-0.09066198,0.7723669,0.8867855,-0.76611733,0.10579115,0.09196454,0.09825829,2.0825071,0.31717962,-0.37388864,0.13140044,2.0627096,0.6513555,0.005806893,1.2824991,1.2488383,0.5554577,0.27802303,-1.1245667,-0.8266695,0.628783,0.6454395,-1.9091976,0.16914874,-0.37470445,0.5487402,0.6456149,-0.024399817,0.33750382,1.1898859,-0.11180909,-0.044016063,0.6113475,0.18341203,0.6979975,0.21860743,0.39282656,-0.6080385,1.270492,-1.0771683,0.6486413,-0.25529775,0.99021435,-0.41685358,1.7483628,-0.90607053,0.14365321,-0.87628454
-1.4960084,-1.8379898,0.12898695,0.48423114,0.70099056,-1.3705189,-1.7018392,-1.0553257,-1.0126687,-0.48919743,-1.0351621,1.1001902,-0.8747844,1.0105898,0.16601633,-0.6188041,-0.3888514,-1.7171853,-1.7950517,0.2636686,2.0754285,-1.0575206,0.52529836,-0.342443,0.48174107,-0.41660154,0.13908295,0.6447519,-1.705812,0.6438801,-0.5201734,-0.24413472,0.20067817,-0.43980777,-2.1659427,0.43625718,1.1348197,-0.1575142,-0.15122443,-0.02329427,-1.5072331,0.022611922,0.79082376,0.54380465,0.48406234,1.1373931,-0.19754937,2.412939,0.10981174,-0.5763021,-1.4106588,-1.4790089,3.2176373,0.65728015,-0.7833855,-0.513303,-0.63010293,1.1447626,0.7177286,0.47052288,1.4182211,1.008516,0.9216441,-0.5852568,-0.20978732,1.0343571,-0.07623653,0.596269,0.995986,-0.7567974,-0.36178964,-0.3648668,-1.0802097,2.367874,-1.1292067,1.222363,-0.85272634,-1.0019964,-2.3496447,1.6246238,0.30023354,-0.29414824,0.22494096,-0.49794668,-0.5770514,-2.0707412,0.24363515,1.5462966,-0.32084233,1.4141135,1.8988642,1.7560407,0.18766633,-0.31880286,-0.15422443,0.8581364,0.48164922,0.39072266,0.38690343,-0.33240983,-0.08396928,1.2459406,0.559903,0.059299864,0.20901996,0.14804508,-0.5616262,0.014170965,0.4915242,0.08377761,0.91970724,-0.65362287,-0.5327146,-0.10398644,0.15745169,-1.20423,0.5748812,-1.1648654,2.0319672,0.09113118,-0.6152886,-0.7313469,-2.4530613,1.0355273,0.7516258,-0.44143113,0.53175527,-0.4523986
0.027326003,0.10984141,-0.2957455,-0.26954624,0.40305355,-0.72513634,0.238592,-0.27609324,-1.2460612,1.3299608,-0.5487769,2.4119005,1.0948074,1.3043643,-0.90599906,-0.4572643,1.2714367,0.22699133,0.32655537,1.4251676,-0.36801505,-0.67286503,0.523719,0.949169,-0.550338,-0.8373726,0.017320052,-0.6258057,-1.4160258,0.476492,-0.46217605,0.7325149,0.13099572,-0.2635556,0.69789785,-1.2576153,1.0686755,-0.9783819,0.33475953,-0.43464053,0.11988729,-0.47420198,-0.97409606,-1.5155808,-0.42322946,-2.232834,0.14093775,-0.50811505,0.17867741,1.8705211,-0.7973036,-0.537792,-0.05796659,0.17224193,-0.69962466,0.6983368,-2.124466,-0.20775679,1.31108,0.98680985,-0.06082499,0.77240014,0.07459986,0.1720508,0.058195174,0.88753915,0.8005555,0.6268417,-0.9401565,0.7668483,-0.49709252,0.12291944,-0.41719887,0.06407024,2.5480132,0.45664144,-0.0999302,0.38596088,-1.2838695,0.6966117,0.76148784,0.9722791,0.10039057,0.72511905,-0.22468036,-1.0452013,0.7926796,-0.7698091,-0.56831896,0.3031998,-0.08131617,-1.2694511,0.4308143,-0.8839937,0.5720593,0.74900216,0.03322053,-1.2795603,-0.71127725,-0.8868093,-0.014783356,-0.9808142,0.72924924,-0.8516506,-0.13715473,-0.3641902,-0.7536242,-1.619313,-0.002670586,-0.1119087,0.85412556,0.8179641,0.17870578,0.44068316,0.7582132,-0.10307513,-0.9773293,0.14381069,0.26714253,-0.50822693,1.2627523,1.046293,0.3142861,-0.39266652,-0.12917066,-0.7490066,-0.19742092,0.4649828
-0.72565544,-0.98719794,0.19740236,-0.95655495,0.47315723,-0.746571,-0.12044141,-0.02683717,-0.9540539,-0.29961014,-1.3854156,2.6740246,0.5816567,1.2390298,-1.1903005,-0.78774685,-0.7357028,-0.21547593,-0.23175451,1.034243,-0.09294185,-0.857127,0.74727875,-0.30266267,0.22243112,0.50489485,-1.0301995,-0.64621705,0.23240153,-0.06575869,0.63538694,-0.05915945,-1.0133433,0.1505683,-0.094732985,-1.280853,0.27606827,0.49169037,0.45628923,-2.0203755,-0.63875264,-0.63587594,-0.1391716,0.45140535,0.21456857,-0.14779559,0.7008496,-0.76523614,-0.52822727,1.2700076,0.1012599,0.37594396,1.3865979,0.024723276,-1.185401,0.4443003,-0.35648745,-0.019258827,0.84384257,0.24983546,0.81756836,-1.4556733,-0.08133872,-0.72752535,0.35693985,0.3620997,-0.05847828,1.6758667,-0.15941133,-0.46611863,0.41333008,0.015775181,-0.46218762,0.3555359,1.2155571,0.4197277,-0.5281545,-1.0825378,0.007517189,0.47843102,0.11294777,0.029893287,-0.8679593,-0.013731241,0.21380244,-1.4615827,1.0431064,0.3431579,-0.243827,0.18866763,-0.30006307,0.085363925,-0.008752622,-0.33921415,0.33609122,1.3229139,0.23431881,-0.14609177,0.9310212,-1.0747559,0.02397478,-0.49916908,0.10211754,0.057962105,0.6449458,-0.36861813,-1.5272639,0.56781876,0.47751844,-0.5065351,0.3665386,0.9054914,-0.91428065,1.4175711,1.5344806,0.45356405,-1.4902973,0.9189131,0.16943213,0.3401087,-0.3211681,0.5087054,-1.0576367,-0.409292,0.2310517,0.2849494,0.14422554,-0.48291153
-0.87458897,-2.0066147,0.9101,-0.75867754,0.14219123,-3.5354252,-1.6928611,0.40475124,-0.44299996,0.19479017,0.4737194,2.3946695,-0.25231528,1.8199192,1.0237935,-1.0364358,0.8997173,1.6580968,-1.0648643,0.17219676,0.46327537,-2.213334,0.72616863,-0.47702396,0.38140374,-0.1559511,-0.6112759,0.86310947,-0.34199643,1.9909492,-1.681483,-0.67235565,-2.164676,0.399707,-1.4193417,-1.7441404,-0.67463547,1.524066,-1.3740914,-1.026736,-1.2192261,0.3798679,0.34196246,0.1127308,1.4998178,0.008499207,0.8863164,0.16724668,-0.49030238,3.0215101,-1.1441798,-0.35651743,0.28002137,0.03189972,-1.3141623,0.92581064,-0.9610307,-0.95324373,1.5467124,-0.4707521,-0.22117573,1.570761,-0.39545953,1.1356838,-0.6709858,1.2344692,-0.8116044,1.1170492,-2.3475418,-1.1918534,0.60714793,0.5497973,1.4229527,1.6030203,-0.8229267,1.1332097,-0.9170756,-0.51151896,0.6046756,0.73944414,-0.42015252,0.1900018,-0.20028526,-0.2345429,0.34686577,-0.90195966,1.2214813,-0.77673024,0.9192148,-0.06386387,1.5909245,-0.44719496,-1.9784781,1.1217065,-1.4649293,0.9505718,1.3720356,-0.07930818,0.91358864,-0.13385487,0.42430902,-0.22793335,0.014373302,-0.30734116,0.96975315,-0.12502062,-0.56936395,0.3239573,0.49047953,-0.9037703,-0.38001698,0.8876111,-1.7720484,0.54579705,0.7794219,1.4948261,-1.8934871,-1.4180582,1.7126546,1.3269267,0.82237256,0.9632983,-2.241662,-0.19151953,-2.8013191,-0.8368913,1.388289,0.34546506
-1.4787669,1.454431,-1.0117948,1.0861968,0.045620725,0.68268096,-1.322089,0.15231109,-0.25209144,0.49370313,1.4131657,-1.8149823,-1.2608184,0.25410533,0.1298474,-2.2328732,1.275239,-0.99170387,-1.8099915,-1.48519,-2.252492,0.7634949,1.4815958,-0.406057,-0.57827157,-0.1166684,0.62144625,-2.2727528,0.6432028,-0.0913513,0.26998335,-0.114898644,0.050056368,1.8656018,-0.43402362,1.4923154,0.54229057,-0.2947684,0.84075487,-0.16484025,-0.25371388,-0.23998442,-0.45311922,1.202303,0.8470422,2.013018,0.010784,0.04041259,-1.9055715,-1.503751,-0.88819695,-1.9151578,0.37039128,0.020681262,0.71343946,-1.1156516,0.25825953,0.88133174,-2.711931,-0.99800146,0.3350945,0.5558739,1.3527974,2.1940708,-0.67420113,-0.68722963,1.2964178,-0.36630473,1.0148864,1.1184299,0.0331468,-0.87968254,0.13419378,0.38773447,-0.18983951,-0.32467258,-0.06358895,0.10337201,0.013342291,0.53983414,0.3115899,0.85158837,0.8799382,-0.04016307,-1.2309629,0.41814995,0.009349346,1.8395915,-0.11278218,-0.69883215,-0.56773907,2.0501413,-0.26019686,-0.48428226,-0.053994685,0.7582934,-0.1567582,1.1556504,-1.5938494,0.123470604,0.32173082,0.82174134,-0.8785635,1.4743581,-1.6844031,0.5848083,0.7741566,-0.09857158,0.3149485,1.3555746,0.19869268,-0.50209093,0.97994447,0.5072129,1.5242331,0.9363563,1.3813978,-0.8473992,1.2428275,-2.1997948,-0.624924,-0.72460824,1.805737,0.7635665,2.7417994,-0.70188856,-1.0886828,-1.2818991
0.83899796,-0.22577809,-0.5317569,0.57903916,-0.2618971,0.4358864,-0.6106615,-0.040303364,-0.0015108921,-0.7699697,-0.520571,0.10783091,-0.15954044,0.6778799,0.11314463,0.38338843,-0.93903065,-0.53960204,-0.35877097,0.10145715,0.14174971,0.18892786,0.8405501,0.4841553,-0.16082498,-0.7444253,-0.06332187,-0.60802037,-0.82144904,0.47726378,-1.3454474,-0.38358745,0.64686614,0.1306516,0.010649055,0.52391833,-0.40723565,-0.22279467,0.7977418,1.5400015,0.6629115,0.863957,0.46106833,-0.302531,-0.13303491,0.017582238,0.3884495,-0.08750688,1.7823172,-0.9946269,0.32941326,-0.069500566,2.541973,-0.4720657,-0.458771,0.5893036,-0.98393,0.8849268,0.80954444,-0.19732298,0.06343907,-0.010796577,0.31637508,-1.2458584,0.023772277,-1.3560998,-0.8055842,0.03071174,0.51736754,-0.8218541,-0.5128607,-0.2773384,-0.4986824,1.3088391,0.0006448105,-0.050993107,0.41122985,0.23016754,-0.39672554,0.6507604,0.98759604,0.45705828,-0.23026448,-0.3861181,-0.21523038,-0.90743476,1.0039533,0.22228637,0.087117806,0.18669717,0.65164137,1.7105398,-0.37371927,-0.14628729,-0.78286344,0.89668596,-0.6924498,0.5192955,-0.88870275,-0.097329885,0.023203716,0.70181036,1.5136645,-0.4575649,-1.0611962,0.26288784,-0.026563615,-0.26378125,-1.2373161,-0.20909424,-0.8967656,-1.269546,0.7190643,0.71515924,0.6638355,-1.5787127,0.27519107,-0.5072096,0.043662474,0.6045699,-0.3548741,-0.48716843,-0.59858274,-0.5016709,0.13934028,-0.5128732,-1.2715297,0.8331536
0.072241485,2.1413379,-0.45585445,0.0626657,0.47390407,3.8412383,-0.11313206,-1.4664235,-0.3240355,0.6129782,0.88702446,-2.5930133,0.032952458,0.41849238,-0.015148826,0.29325017,0.6322175,-1.0684607,-0.8086753,-0.530663,-2.704895,0.08835593,0.5204239,0.6857301,-1.3930908,0.157597,-0.24211344,-2.1426704,0.9355496,-1.0231147,-0.5224235,-0.041744877,-0.34403363,2.6435485,0.6368716,2.170333,-1.4579254,-0.030909777,1.8663805,-0.416163,1.180424,0.95413095,-1.3327883,0.39372233,-2.1566577,1.1809301,1.1534157,0.20187761,1.444282,-3.3885107,1.139435,-1.005476,0.46414053,-1.2808647,0.6204581,-0.06526646,0.33188546,1.2154858,-2.6490777,-1.4146689,-0.1763865,0.17972487,1.6962963,-1.4555986,-0.66216713,-0.8946586,-1.2127023,-1.587285,1.8982655,1.1304109,-0.012255788,-0.251318,-0.7766283,-0.4917349,1.5271505,-0.83677834,1.0464733,1.098711,2.102884,-0.35423392,-0.05776295,-0.45361593,-0.7242717,-1.5424323,-0.51824534,0.52477705,-0.029663116,1.2931838,-2.1190991,-2.0875542,-0.90979403,2.2243297,0.1022066,-0.61317056,-0.70289457,0.36025733,-0.1243725,0.16104993,-0.6284269,0.33466154,-1.1011736,0.855094,-0.2410604,0.8411264,-1.5145344,0.11088607,1.5470448,-0.13272221,0.5581579,1.4163983,-0.611155,-0.3186862,1.0178533,0.7338901,0.13279414,-0.746708,2.303549,-0.15660551,0.5015089,-0.8338849,-1.1856483,1.2194848,2.4341452,-1.0191073,1.7746186,0.32885593,-0.8345629,-0.03603673
0.3021927,-0.52784395,1.6632874,0.061190143,0.3901319,0.44969562,0.06878723,-0.00578171,-0.4265012,0.40863144,-0.60945064,2.190403,0.22278893,-0.5516534,-0.47956166,0.45198166,0.41378635,1.070762,-0.35849267,1.217355,0.7265442,-0.8249955,-1.1793523,-0.66702026,-1.2752016,-0.19935374,0.3243161,-0.26123708,0.45336902,1.4109519,0.86411905,-0.5455473,-1.7770202,-0.4632382,1.7326938,-1.1262205,0.27249536,-0.13323613,1.0100924,0.7644483,0.9779949,0.08749683,-0.4115051,0.5393027,-1.0757782,-2.1654668,2.13828,-1.055038,-0.40110958,2.092362,0.41722023,1.4974444,-0.009744108,-1.0457618,-0.8136333,0.7864088,-0.6801286,1.333025,0.7838717,0.2785376,-1.0045577,-0.30455828,-0.13687137,-0.68976724,-0.12038653,0.6541495,-0.49229044,0.52079785,-1.702739,0.16929962,-0.6559464,0.35101053,-0.11850512,-1.3113915,1.3046212,-0.009436369,-0.6945856,-0.82415086,0.034653902,-0.6346332,-0.288378,-0.1853804,-1.0224836,0.08423999,0.26526797,-0.14762643,0.53594863,0.3059746,1.2345495,-0.94185305,-1.5483675,-1.3493392,-0.56882054,-1.0174143,-0.6368626,0.86521626,-0.9658779,-1.2832379,-1.2186857,-0.19248158,-0.7883883,-1.038225,1.384138,-0.56161034,0.10761833,0.16695221,-0.21104386,1.0377082,0.12543274,0.47739893,0.5392017,1.1559074,-1.3581164,0.5153608,0.6576816,-0.22226432,-0.94469976,-0.39618272,-0.011530984,-0.5081311,0.22794124,1.5802002,0.11830767,0.1335479,-0.1446108,0.091804296,-1.3308635,0.4454872
-0.7177866,1.6737974,-0.78018385,0.18002644,0.05539307,1.9470835,-0.43447962,-0.5795911,-0.18955366,0.3789272,0.8113444,-2.3681865,-0.3705796,0.58404434,0.75912666,-1.1687406,1.7652798,0.4422192,-0.27130702,-1.3880949,-2.3727663,0.63624805,1.2009895,0.6751735,-0.6865157,-0.40937936,0.21064632,-1.7947958,1.0272535,-1.2954584,-0.60370153,0.74500346,-0.28900608,1.8813657,0.27498236,1.5586171,-1.0790232,-0.5404156,0.9549452,-0.930076,0.30865785,0.26675522,-1.0356929,0.91740274,-0.771227,0.9190666,0.92017794,0.4604974,0.9930569,-2.3872733,0.9417754,-1.1726594,-0.64070225,-0.04306963,1.3507091,0.47052494,0.16150844,0.17082685,-2.4238548,-1.0308667,-0.34371853,0.24053685,1.9837782,-0.34594804,-0.8203534,-0.90223944,-0.7278525,-0.6441669,1.9111171,1.2897024,0.18293089,-0.44848225,0.8331597,-0.047075033,0.33517116,-0.47459108,0.32946095,1.2221073,1.1503837,0.3634381,0.64971155,-0.40518245,-0.47782108,-0.4282449,-0.56619084,0.39258,0.54211074,0.6657953,-0.91611564,-1.6575918,-0.80591434,2.2129912,-0.7991074,0.4164308,-0.20500204,0.5298989,-0.05611667,0.56995106,-1.2703524,-0.18012244,-0.17524157,-0.4909199,-0.3101862,1.522359,-1.5847535,-0.20943269,1.6179045,-0.71168983,0.5144732,0.960595,-0.22247757,0.35908768,0.75879836,-0.022316903,0.18840653,0.45450407,0.94296646,0.47797292,-0.01999101,-0.7570774,-0.9899237,0.770291,2.2310991,-1.0012867,1.2474754,-0.4637055,-0.27998596,0.19300255
-1.4401138,-1.2988617,1.8229206,0.51098806,-1.0047319,-3.4409816,-0.3508237,1.4794967,-1.8799087,-1.4727391,0.14297602,2.2473824,-0.8403939,0.48745415,-0.18691027,-0.10992666,2.1950688,0.7563761,0.538478,0.581338,1.8230813,-0.5866665,-0.12290394,1.3721248,0.66276026,0.8866973,1.3661067,0.9929889,-1.8067089,-0.60068005,-0.51387584,0.29631418,1.7148609,-2.6243808,0.23354247,-0.86545736,2.527597,0.038592696,-1.3403234,-0.59009373,-1.2525245,-2.0067217,0.93257445,1.3489313,1.6773019,-0.32468414,-2.4594965,0.74777615,-0.8819361,2.875156,-1.8022654,-2.0924754,0.6283773,1.2096249,-1.1167521,-0.27795136,0.364955,-1.0166556,0.06671584,1.377368,-0.5254552,0.82534873,1.3482747,1.8859018,-0.13597837,1.0438902,0.2515523,2.1681755,-1.4796462,-0.52615076,0.063969165,-0.38183898,1.1497716,0.5067012,-1.4179239,0.9795923,-0.7724135,-1.9296839,-1.953316,2.513462,1.3231871,-0.3107579,0.24482538,1.7602429,0.22586015,-1.5088863,-0.49960154,-1.5898502,0.54193556,1.0133336,0.14539218,-1.6047347,-2.1910741,-0.59037244,-0.15031509,0.2921719,1.4183352,-0.7610899,0.07343565,-0.36891383,0.9246004,0.47789454,1.4021223,0.7313345,-0.9829779,-0.6735809,-0.005600378,0.95734274,0.5505041,0.2991999,1.890068,0.5936552,-1.63038,-0.22026268,1.8746202,-0.12056668,-1.5005391,-1.1453843,0.8835025,-0.68096864,-0.41221857,-0.56991625,-0.96795917,2.1170297,1.1569481,-1.7392566,-0.6765715,0.056420177
0.91865396,2.3991294,0.257582,1.0978693,0.96327996,2.5553627,-2.0217361,-1.0753286,-0.6008692,3.6932168,2.5146418,-1.9409695,2.3152323,-1.6999427,1.0031826,2.3785248,3.2594607,2.6104217,1.2640859,-0.54914564,-3.1401806,-1.2413248,1.3399925,3.23203,-1.9153448,0.82025915,1.1452166,-3.668665,1.4072518,-2.5624554,-2.1852283,1.8713604,-0.049716294,2.0191703,3.3064423,0.254798,-1.7886444,-0.39860845,1.4734315,2.5729015,2.1888475,1.1965604,-2.2233043,0.18657854,-2.374125,-2.9244528,2.8721752,-1.6118634,1.1916027,-1.9015334,3.44302,-0.74217397,-1.6116048,-2.2471716,0.6247987,2.8299587,-0.28245342,0.28849673,-2.1806736,0.42878827,-1.5949318,1.4173189,1.1706598,-0.41051316,0.55830145,-1.7403884,-2.7184129,-0.54223275,-0.23169702,2.0131426,-1.410826,-0.8938029,-0.046945095,-2.6380942,3.1337187,-3.7041414,0.915975,1.5106182,2.498817,-0.48571318,1.7122436,-0.41083372,-1.7189869,0.34816012,-0.5857031,2.6098151,-0.90975404,-1.8851168,-1.776114,-3.0597854,-2.7256322,0.13961037,-1.2880299,-0.40804976,-0.121067464,-0.8148478,0.902685,0.025011241,-0.8349258,1.5247653,-1.6291442,-1.9966779,-0.0047010183,0.056248814,-1.7919903,-0.737479,1.9203638,-1.6808083,1.4162452,-0.93889564,0.17147739,0.36602086,0.44213015,-0.81719375,0.6590809,-0.37635094,0.40479034,1.1756643,-0.037339985,-1.7396549,0.22622958,1.5797877,3.3136969,-1.0088661,-1.1987367,-0.41428673,-1.5896122,1.7239548
2.251295,-0.67897713,-0.38037804,-0.6207236,-0.9639135,1.2786603,2.9319782,0.36434847,0.67901194,-1.8206412,-0.52985716,-0.15532124,0.44309244,0.6236818,-1.2977918,2.3844023,-1.9776318,-1.1108916,2.7845118,1.4596725,0.011878967,1.3650637,-0.4612122,-0.78402406,0.20418,0.34873873,0.28718382,2.3527198,0.5091129,-0.98155344,0.38376075,0.21355289,-0.06804666,-2.330822,0.7561839,1.5539126,-1.2649938,-1.0750991,0.6195821,0.47528556,1.1737933,0.5133703,1.080412,-2.7754698,0.392376,-1.4032137,-0.7254119,-1.5320895,2.0324936,-1.0829691,1.3298881,3.6145554,-1.927098,0.0143740345,2.9652195,-0.9826102,-0.9355792,-0.9050551,1.5676277,-0.19376922,-0.9142052,-1.0853119,-1.929572,-2.0792117,-0.38297155,-0.67870134,-0.7942778,-1.446359,-0.19656748,-1.1886983,0.46523508,0.4910776,-0.22394978,-1.6678582,0.6923686,-0.009867176,1.9049759,0.53163904,-0.226743,-1.6145831,-0.33834234,-0.9596025,-1.0538086,-0.22869551,2.4672637,1.2109927,-0.08050278,-2.4815307,0.05686228,-0.3084801,0.34387052,-0.7756433,2.3146496,0.37100494,1.0942439,-1.1529458,-0.8925159,1.6369905,0.8824409,0.61845756,-0.59182626,-0.3822042,2.3915055,1.0666754,0.3510708,-0.44220412,-0.7693602,-1.5109951,-1.7150366,-1.3435345,-0.7838187,-1.6041521,0.08949696,-0.2646189,-2.3831306,0.5431316,-0.1481443,1.0368148,-4.353751,1.2959434,-1.3795398,-0.264683,0.7709552,-0.57413757,-0.059118576,1.4312651,0.058630466,1.4309652
1.2731025,-1.7527895,1.9830427,0.74251723,-2.1748188,-1.1383909,2.5402408,0.18055233,-1.1371396,-0.94103354,0.19318101,2.5827246,1.665765,-0.8963736,-0.7134761,3.2177572,-0.24034515,-0.040272444,3.0276446,2.0732305,3.3794878,0.2213152,-1.712507,-0.4720053,1.3155082,1.3251259,0.58493197,2.5161324,-0.5631629,-2.0722468,1.4665307,0.72373563,3.0645227,-3.1167352,2.9537246,-1.2872796,2.492682,0.82785606,0.25484622,1.3074819,1.5494088,-0.25884992,0.26033378,-2.1206186,-0.6705097,-3.172773,-2.635131,-1.034421,0.871734,2.2575486,-1.1929178,1.2000804,-1.57551,-0.8551568,0.36732197,0.034437627,0.69800156,-1.443374,0.7774061,0.7153511,-2.453364,-1.5624864,-0.19656095,-0.59413046,1.5630805,0.08504042,0.15970694,0.40982747,-0.28590122,-1.7885604,0.07630649,-0.098711535,-0.46439493,-2.6163487,1.0868917,-0.40571544,1.5959526,0.12790027,-0.8608647,-0.6550823,-1.8585534,0.09939703,-0.34480643,2.1117408,0.6263753,1.1597452,-0.66714996,-2.1979232,-0.08242893,1.124138,0.31729358,-4.3162184,0.2666359,-0.52651066,0.55569386,-1.3829434,-0.6691952,-0.66925526,0.9844529,1.3243319,-1.2707281,0.26469663,1.031997,0.036879838,0.47025993,-0.8589787,-0.9206852,1.9202368,-0.15627298,-0.13806272,2.8152752,-0.48084027,-0.6196866,-0.5538111,-1.4341495,-1.50571,0.35936257,-0.2651658,-2.0578148,1.0763404,-0.665524,-0.38851514,0.36001474,1.2284641,-1.2555958,-0.17417777,0.095111966,0.21580772
1.9009848,0.7404505,-0.21119797,-0.70493746,0.12887722,2.077205,1.3488352,-0.2118786,1.0925713,-0.4309218,-1.6501834,-0.82626575,0.23961335,-0.48393783,0.021303907,1.4781753,-2.3781748,-2.0163343,0.44149637,0.73320025,-0.92621857,0.050260484,-0.042857587,-0.9343165,-0.43594322,-0.35842472,-0.6771426,1.0271853,0.61141294,0.044022687,0.39277136,-1.1234883,-2.1698883,-0.07240049,0.1805594,2.0722542,-2.1513257,-0.25352317,1.4495564,1.0635467,0.89245415,1.319074,-0.4637918,-1.0606489,-1.4373249,0.3477897,1.7425588,-0.9637061,1.9657984,-2.4721556,1.2926826,2.3987782,-0.06747512,-0.33567864,1.8909156,-0.87733775,-1.7917745,2.1340022,0.91422623,-0.4774301,-0.17259558,-0.95810425,-0.40052038,-2.968895,-0.44520932,-1.0880312,-0.75249004,-1.5239098,1.7686566,-0.9071975,-0.055455506,0.23429812,0.23216039,0.45166928,-0.2101408,-0.5570168,0.5575928,0.4192043,0.54370147,-0.2993047,1.2531997,-0.2540211,-1.3815458,-0.8599894,0.556067,1.4580729,-0.11792229,0.4631506,0.25505137,-0.52722794,0.017597854,2.419003,1.1434535,0.060720272,-0.07607421,0.24129362,-0.61807865,1.3125334,-0.16369152,0.018980026,-0.49847472,-0.5804095,1.2469413,-0.9744391,0.9179095,1.4626206,0.49080807,-0.9082226,-2.1697552,-1.7485883,-1.1586024,-0.5403734,0.6275679,0.38316002,-1.1688824,-0.12815842,0.26859814,0.5562831,-0.12350887,0.7547578,-0.8765466,0.2295332,0.56594074,-1.6988925,-0.47090036,1.1508006,-0.75057155,0.7219862
1.7202902,1.8119781,0.22280687,0.15956774,0.25621197,2.0725477,1.0167313,-0.089813,0.7698305,-0.264251,1.5455832,-0.8429798,0.09038541,1.0474101,-0.6948544,-1.5014472,-1.058763,0.970546,0.20314804,-0.0027166419,-2.6692333,1.4572687,0.8946705,-1.66769,-0.6939082,-0.158684,0.24647847,-0.90388554,1.0643377,0.2283974,1.5788603,-0.6052256,-0.90912795,0.8994683,1.0538309,0.15694998,0.14113551,-0.6251328,-0.304948,0.21233709,0.99458736,1.4319324,-0.4017416,-0.09247109,-0.1441679,-0.77573526,0.06791377,-1.7345376,0.67344654,-0.20880178,0.20590293,-0.13638352,-1.3864374,-1.0492626,0.2390797,-0.29980767,-1.3704605,-0.9316656,-0.6148577,-1.1588938,-1.9938054,-0.9159721,-2.805511,0.0360019,-0.13763946,-0.5516504,0.9525564,-0.42617333,-0.5880823,0.3083006,0.19887859,-0.29655647,0.32454777,-1.1427907,1.5301855,-0.7608064,-0.10617481,0.47798008,1.7129905,-1.8149645,-1.4972953,1.1742029,1.8312843,0.78275293,0.949455,1.1167688,0.43903008,-0.9455667,0.49484155,-1.3416681,-0.0023265071,-0.96234715,1.704361,-0.3068975,0.57605433,0.57125026,-1.2466893,-1.337558,0.13819306,-0.045229584,-0.43409035,0.07610151,1.1312099,-0.43939146,-0.29574576,0.2784462,-0.56537163,-0.13144276,-2.6669025,0.48827112,-0.4063618,-0.6774223,1.4089655,1.1059246,0.888266,-0.008252263,0.6710253,0.6027144,-1.2673005,0.6760306,0.35813105,0.543935,2.5135689,-0.9811737,1.6279745,0.88511145,-0.19448362,-0.6516165
-0.92248774,1.6817,-1.2897466,-0.039431036,0.5818593,1.7510531,-0.09581965,-0.18651646,-0.62726086,0.20563063,0.072228625,-1.7071568,-0.46556154,0.4736533,-0.05833689,-0.8098492,0.67210317,-1.0440986,-1.9105266,-0.85268426,-1.4835765,-0.0023628324,0.74373937,0.20499319,-0.59308255,-0.5814286,-0.7599321,-1.2661431,1.0384781,-0.07501908,0.33249876,-0.53354895,-0.9720956,2.0329127,-0.9397086,1.3250022,-0.982559,-0.41178292,1.6563226,-1.3720813,-0.21524228,0.32897663,-0.21454972,1.1052679,-0.42388147,2.05438,0.45044234,0.8678859,-0.0730001,-2.3380504,0.19349083,-0.8372496,0.78523797,-0.44890916,0.44814903,-0.18808487,0.21475291,1.0305195,-2.0128071,-0.77522224,0.6412244,-0.030775249,1.20276,-0.49582684,-0.5819566,-0.23203713,0.10108879,-0.94912565,1.7655789,0.581139,0.52013916,-0.9589865,-0.016759511,0.59110546,-0.3640136,-0.24106662,-0.23592615,0.7339532,0.8143371,0.2762884,0.22804186,0.33761078,0.09803416,-1.0580847,-0.6661084,0.03059718,0.61368835,2.324418,-0.33811137,-0.89711183,-0.4223401,3.457583,0.17323045,-0.41742566,-0.006331295,1.2993693,-0.05809186,0.57654786,-1.6874886,-0.5137887,0.13575757,0.74279904,-0.92975837,1.0442312,-0.6942313,0.37631577,0.9704946,0.10895604,0.9425784,0.9961386,-0.73344386,0.3611327,0.9329756,0.5395609,0.30827916,-0.6312702,1.3520241,-0.63619614,0.82671237,-1.0871998,-1.0112233,0.36597368,0.72609407,-0.9282149,1.3614571,-0.5744595,-0.3738405,-0.6679881
-0.12923169,0.99574935,1.2473913,-0.3556706,0.26468635,0.7396629,0.73347247,0.6880989,1.4884131,0.2362013,-1.7373157,1.5719161,0.24071282,-2.0856576,0.9109839,0.22157948,-0.07988645,0.8468789,-1.1015913,0.3869108,1.7405028,-0.21122865,-1.9485822,-0.7612957,0.41823345,-0.6470815,0.7164523,-0.30490628,-0.6063788,0.78894323,1.2913003,-1.8321352,0.05064782,0.16751027,2.5668297,-0.8503121,0.27693307,-0.42679504,-0.24035972,-1.3407233,-0.6469897,-1.1426332,-0.048522577,0.20586699,-0.21978173,-1.0882263,0.32973874,1.4668764,-3.302515,2.3692722,-1.206442,2.1725695,1.1450195,0.83970606,-0.6134225,-1.8167859,0.38160497,2.5427382,-0.0004903078,1.0531498,0.6156664,-1.7014606,-0.8019639,1.6975261,-0.118909255,1.8642366,0.85115075,0.80281913,-0.980406,1.094085,0.06990768,-0.07625802,-0.42721605,-0.6098635,1.7905347,0.13059187,-0.97587776,-0.06896335,1.0017071,-0.13724694,-0.1429173,-0.76444054,-1.155216,-0.60133946,-2.7173252,1.7936691,-1.4836335,1.093205,0.67539,0.63299584,-3.3753662,-2.6494598,0.3311028,-0.0029662848,-1.6748428,0.40702528,1.6325756,-2.8750231,-0.78218126,-1.8827035,-0.84367585,-1.2182211,-1.1060464,-1.8523979,-0.08716953,0.31456944,0.31257397,2.1898415,-0.058716655,0.61212283,1.3491244,1.5408239,-0.7967784,0.73062027,0.8894315,-0.13330948,-1.9628744,0.81605124,3.3742218,-1.821904,-0.43722472,0.33544886,-0.5174464,2.1118894,0.17540872,-0.53044856,-2.2270198,-1.732035
-0.5244888,1.2953807,-1.3796954,0.19301358,0.2853396,2.6330917,-0.41423082,-0.3950834,0.03327918,-0.2527662,0.2679115,-2.99585,-0.018772323,-0.28320166,0.22583942,-0.752453,-0.124702156,-1.873108,-1.4363046,-1.6369158,-1.7297673,0.3483914,0.7583456,-0.06681162,-0.48144522,-0.7374178,0.15937984,-1.0758028,1.6048286,-0.72468853,0.32667723,-0.2197725,-0.7656219,2.1170034,-0.8018338,2.4847553,-1.6380181,-0.35729837,1.7492933,-0.5795283,-0.16862626,0.5308414,0.044947505,0.61537504,-1.5777174,1.6586428,0.8305663,0.92155176,0.7632667,-3.4918122,0.28033522,-0.39513385,0.4271192,-0.86878043,1.6579337,-0.8139246,0.15965462,1.0884928,-1.8898745,-0.88847584,0.7987408,0.02265066,1.8605536,-0.9384141,-0.81522644,-0.6463548,-0.26102057,-2.021099,2.4210906,0.4375501,0.019590378,-0.5610211,0.1045956,0.07612749,-0.29301694,-0.9714195,0.6900654,1.0751064,0.88283414,0.74143696,-0.044664502,-0.09375557,0.1775029,-1.6105597,-0.5682971,0.79292417,-0.014500439,1.6870235,-0.876602,-1.0078853,0.13836823,3.7318916,0.8708144,0.18320855,0.054048926,0.5583674,-0.1688577,1.3843317,-1.3504505,-0.02906841,-0.4923989,0.33438236,-0.5550245,0.87151194,-1.1150081,0.8803122,0.9846579,-0.8180256,0.74222857,1.5516704,-0.6590278,-0.43958542,0.79673904,-0.042473778,-0.71902657,-0.23414624,1.8279133,0.1636508,0.61549795,-0.63769025,-0.61211437,0.019286603,1.9963375,-1.1225288,1.377245,-0.21031356,-0.85552347,-0.13447526
-0.7898682,-0.4879356,-1.6147141,-2.3342662,0.43591338,0.49312815,-2.0304122,-0.8183668,1.7853911,0.18554844,0.41969332,-1.5047828,-0.8738272,-0.5641927,0.13568234,-0.37475458,-4.955055,-2.545805,-1.756887,-0.7936214,2.2300982,0.083258465,0.3916574,-0.67973876,2.842996,0.1357922,-1.221719,3.9128556,-0.7610715,0.35953692,0.08491433,0.0061954856,-2.043158,2.2808173,-3.2535157,-0.2531643,-2.14921,1.0516913,-1.9279739,-0.8520935,-1.7678908,0.6862371,0.6404493,0.5432302,-3.2006469,3.0201159,1.1618633,2.8771036,2.557386,-3.0802622,0.5373013,0.4268929,0.5037853,0.043601394,-0.078832015,-1.6047635,0.4017738,-0.024829859,2.2629724,-0.16940826,1.9153423,2.3356338,0.23091571,-3.6134543,-0.73626363,0.6504774,2.613556,-1.45222,2.7508337,-1.9041543,1.8992715,0.2777782,0.52847135,1.9497095,-3.6492057,-0.8310439,-0.6439494,-1.3962052,-0.07357611,1.9522469,-0.49292475,-0.6574831,-0.17805904,-0.5930822,1.0147357,-0.80367595,-0.29506588,2.3922813,-0.032324374,2.3117657,3.1244965,1.7301134,0.34611934,1.5136731,3.0357447,0.047670484,1.7426455,0.5670054,2.0851083,-0.49618232,-0.36151597,-0.36692253,-2.254177,-1.2057571,2.0069394,2.5020046,0.0898751,-0.2493303,0.90795803,-0.14975387,-0.84900945,0.16798043,-0.5112712,-0.60644764,-3.89252,-1.1529722,1.6397238,-0.22664958,2.753162,1.8357072,0.7473718,0.011370897,-1.7204399,-2.1367664,-2.4432535,1.3393688,4.6098766,-1.5714693
0.4393599,-0.33593708,-1.0029187,0.111344844,-0.18202704,2.1955814,0.15329057,-2.052289,0.12285672,-0.42972845,-0.19286379,-1.4129038,-0.082700506,0.53694224,-0.31493628,1.5956202,-0.9649525,-1.8094267,-1.7895604,1.8854697,-1.096348,0.21094531,0.45161504,-0.9363611,-0.30145276,-1.5761551,-1.035529,0.95686805,-0.4858809,-0.6553564,-0.20343345,0.030034589,-0.19273639,0.8893139,-0.9381582,2.161279,-2.61695,-1.55279,1.3447986,0.23683612,1.2088078,1.4486108,-1.0852896,-2.3042836,-1.422966,1.3388548,1.1529307,0.25383404,2.3936887,-2.6818886,0.9163568,0.8536029,0.31995836,-1.5584483,1.1948507,0.13808757,-0.27445024,1.1096206,-0.57830286,-1.4371604,0.2261385,0.7666849,0.20167916,-3.550722,-0.644172,1.507846,0.45705068,-1.9950006,2.6044638,-0.9361102,-0.9147993,-0.49225935,-0.44260785,-0.8490338,-1.3009737,-1.2493923,-0.2809765,1.8212686,-0.58888614,-0.32486838,0.509757,0.1825231,1.7158759,-1.5116459,0.13563538,-0.58921313,-0.04085508,1.1487749,-0.9055234,0.29072046,2.1711137,3.0082629,-0.23565796,-0.08345273,0.7862351,-1.0915585,-1.3554002,1.199984,0.33760294,0.40220046,-1.6832771,0.94954085,0.96678287,0.18128727,2.2773113,0.07811467,0.1751546,-0.5273353,0.6293552,0.9344128,0.16609785,-0.6933056,-0.5277904,-0.02591288,-2.3717957,-1.5477,3.2795131,-0.9811034,-1.6413484,1.522974,-0.73477215,0.5870962,0.62907624,-2.3549576,-0.41694343,1.3619025,1.7230687,0.43671697
1.6483085,-0.34075725,-1.4011377,-1.4495456,-1.1237265,-1.8014181,2.3994176,1.2995372,0.77475524,-2.4453273,2.123508,-0.4513958,0.91513646,0.42931792,-0.9901919,0.114705026,-1.4346178,2.4754515,2.7598386,-1.0236024,1.7466345,3.0409348,-0.37108272,0.06598666,2.042899,-1.3220593,2.4516277,3.0014768,-0.13529384,0.24816278,0.09062295,-1.3043612,3.889687,-1.5209763,1.8702719,-2.2493925,1.95381,-0.53731203,-1.475522,0.8325119,0.26651,-0.30984575,1.3136075,-0.5371307,1.5155884,-1.4390435,-3.7482715,0.4646045,0.053939823,2.7605472,-1.0997881,0.3629959,-1.8579401,0.619488,0.38072932,1.0572315,0.2684907,-3.8505745,2.6482587,0.22406416,-2.6251256,-0.35109252,-2.8949335,1.2865034,-0.77941024,1.3229132,-0.87726676,-1.003954,-2.3932476,0.7911782,-0.6523462,1.4636478,0.19834197,-0.98787284,0.18932894,1.3860399,1.101749,0.6086982,1.1815131,-2.4032073,-1.7556102,-0.74635243,0.4996484,0.98212343,0.83506465,-0.31102628,1.1027707,-3.7665071,-0.45950952,-0.6560383,1.5736191,-4.022378,0.7020881,2.8979006,-0.8687398,-1.1941159,0.11800572,-1.5484434,0.22834909,1.8973192,1.4951605,1.7970189,-0.119032204,-0.54201674,-0.9075252,-1.0351628,-1.6026952,-0.33132744,-1.6818614,0.41951913,-0.6124268,-0.87352777,0.59587777,0.5780532,-0.8560988,-1.2381566,-0.5375485,0.08833824,-3.1784005,1.3727235,0.63710886,0.08946872,-0.16596553,0.7605438,-1.0772681,-0.9070507,-0.046105117,0.4593795
-0.22378093,2.2604146,-0.56763047,0.9079576,0.71422124,2.5721405,-1.0465034,0.041215777,-0.54277897,0.5815134,1.090751,-2.567277,0.18835476,-0.029176325,0.31241933,-1.1998534,2.263588,-0.1043002,-1.0376524,-2.3129528,-2.6886463,0.12227188,0.8457487,1.6060667,-1.0140063,-0.6725811,1.1875346,-3.252295,0.9541645,-0.8892422,-0.9934633,-0.18843111,0.35684407,2.4083776,0.66795087,1.9065531,-0.7319507,-1.1413412,1.2506921,-0.18396056,0.5199851,-0.45778677,-0.3829003,1.390101,-0.25017896,0.97350943,0.5059908,0.48136157,-1.1243901,-2.4516907,0.26631632,-1.3004292,0.24806625,-0.3121174,0.76223,-0.19146213,0.08533877,0.7819392,-3.1710908,-0.11909257,0.4052297,1.0402601,2.1701677,1.44643,-0.6814721,-1.1788499,-1.2104539,-0.88434076,1.0441732,2.7717948,0.018149257,-0.5060591,0.034112126,-0.6171073,1.5508437,-0.4090585,1.0405352,0.94992065,1.2347417,0.30949968,0.741802,-0.38740328,0.1199857,-0.7829318,-1.3008164,0.83870816,-0.8858974,0.77737236,-1.2609135,-2.5653825,-1.9648887,1.8781817,0.24657854,-0.53175443,-1.2363102,0.36968917,0.47712013,-0.021190517,-1.6320632,-0.18103495,-0.266505,0.03317859,-0.7320515,1.1160312,-2.4798422,-0.26709905,1.7117698,-1.1949663,0.8881312,1.4186168,-0.354227,-0.44382045,1.2464294,0.6003827,1.2623322,-0.11233869,1.2387893,-0.5522526,1.1303484,-2.1422503,-1.0147413,-0.23210838,2.0193834,1.2505064,2.5109067,-0.5340658,-2.431416,-0.014694706
1.4888513,-0.21649155,2.8601,0.03493601,-1.2969184,-2.429089,2.7998238,0.32925335,0.035867482,-2.0678961,0.72561485,1.114052,0.32332653,1.0290669,-0.44915986,0.19233432,1.6402316,1.9316931,4.33697,0.3288546,0.73334485,2.0795107,-0.7072866,0.23054057,0.608351,0.66084766,1.8159635,1.1057463,-0.6817163,-1.6895003,1.4510933,0.79331875,1.0150645,-3.7017722,1.8287627,-1.4476551,3.4431133,-0.9853083,-1.8803105,-0.49992976,1.0920963,0.14845857,-0.21608502,-1.4784651,1.9039896,-1.9168911,-3.7293339,0.094589174,0.28406596,4.3174367,-1.8937436,-1.2376918,-2.6542888,1.1409986,0.44134894,0.523129,-0.88412154,-3.366383,0.6149778,0.29912865,-2.1958897,-1.0429006,-1.2984613,1.0210662,0.5681672,0.5599948,-0.8273516,2.4020085,-0.64649886,0.54700035,0.51438093,1.1125429,0.0048517995,-2.032167,1.7964542,-0.087021396,0.42906055,-0.5462356,0.11357847,-0.7178351,0.4968075,0.3213947,-0.4328615,1.8413925,0.14954206,0.10264909,0.09358336,-4.739134,-0.122728296,0.6236677,-0.22407916,-4.7624493,0.87203854,0.29875314,0.2464571,-0.4754535,-0.5082071,-2.2121842,1.6027218,-0.6516489,1.3974419,0.001539588,2.9390728,-0.04329574,-1.1597614,-2.4738321,-1.8803896,1.3400078,-2.103447,0.46996468,1.9711925,-0.14468035,-2.6032646,-0.28249636,1.7327017,-0.33512366,-1.2419348,1.3114831,-1.8388896,1.2119193,-1.8577735,1.1189768,2.0342054,1.2783116,1.5077063,0.112918876,-0.4436319,-0.07544026
1.5168824,-1.7352276,0.4532421,-0.7438097,-0.06543487,-0.36243248,-1.6274624,-0.8224228,0.07059706,0.2841978,-1.1253554,2.023056,-0.5441845,1.0679529,-0.4373296,0.029345356,-2.1907108,0.5201662,0.29492432,0.96105266,1.2490022,0.12051454,0.2821576,-1.7030957,1.3056744,-0.40007788,-0.6228198,1.6709249,-1.410163,0.9295683,-1.2281368,1.0148245,-1.1625397,-0.31342554,-1.088387,0.3391315,-0.9842773,0.3309253,-1.0217673,0.5261191,-0.24581277,1.3760247,0.7666005,-1.3971777,-0.94716305,-1.3277628,1.9423552,-0.46384722,2.8079062,0.33384487,-0.0065431595,1.3779703,-0.22295468,0.8297427,-0.20779017,0.32419685,-0.8283864,0.7138535,1.7599474,-0.48204908,-0.9329376,1.3358482,-1.4791477,-1.6462632,-0.27797663,-0.61025465,0.55971014,-0.5631453,-0.5633502,-1.7430695,0.6856768,1.2679787,1.1480441,1.2230837,-0.9520243,1.1818595,-0.7433532,-0.48382637,-0.6120846,-0.18015695,0.6579905,-0.21097526,-0.4618972,0.8135513,1.1395903,-0.4657956,1.5399818,0.6578477,1.5996931,0.7599455,0.45056733,0.018989809,-0.87974536,0.56968915,0.18015027,0.19022678,-1.7269458,0.50707376,1.8088923,-0.17422411,-0.7058264,-1.7896663,0.891974,-0.4697156,1.4103336,0.62926733,-1.2224239,-0.32936153,-1.4437883,-1.4250808,-0.1969318,-0.13039038,0.016070366,0.28088745,-0.8317673,0.17408863,-1.3877381,0.10346633,0.31176275,2.293367,0.34051853,0.34045613,-1.2200768,-1.0592245,-2.3008213,0.69853467,1.7367966,0.92098784
0.6470027,0.9908111,0.3420671,0.74370843,1.4424388,1.9573929,-0.280651,-0.22777909,1.1877964,-0.75547045,-1.2937448,1.528562,0.4688748,-0.089626014,0.5312159,0.3341171,-1.4560425,0.1271496,0.26448935,0.7604413,-0.8912037,-1.1694715,0.21875238,-1.1282291,-0.7221885,-0.6710806,-0.28412253,-1.6664855,0.73576695,1.4774263,0.9983312,-0.48684078,-3.2595663,0.13853271,0.2855337,-1.9664006,0.31531444,-0.1301518,-0.17468154,1.3034668,1.7085457,0.057637237,-0.7084557,0.2659078,-0.3788098,-0.5890755,1.203936,-1.160094,-1.1455086,1.4552114,0.9674047,0.5750483,1.6238482,-0.5424432,-1.2863834,-0.6606389,-1.8434051,-0.1439232,1.1173279,0.6927854,-1.1634445,0.34498087,-2.255575,-0.85221666,-0.23462369,0.029446691,-1.6157589,1.1421646,-1.3662333,0.59078884,-0.584926,0.4534209,-2.085179,-1.2796471,2.0597732,0.04399419,-0.47723365,-1.1706935,1.7865138,-1.1021218,0.0040213987,0.23373914,0.0760327,-0.4970991,0.62065923,0.44235292,0.7232499,-0.44635087,-0.4356294,0.21104306,-1.6806142,-1.3828672,2.3368926,-1.6439478,1.4693938,0.35276222,-1.2972882,-2.2997336,0.11131704,-1.0933887,0.104658574,0.36774015,1.3655777,-1.9793291,-0.16404173,1.3505127,-0.3082897,0.70526516,-1.1613678,-1.6357744,-0.6315819,0.47772688,-0.13723134,1.1938038,0.9418769,0.6791973,-1.2927687,-0.32835805,1.0066756,-0.51532614,0.29763436,1.0109029,-0.10214346,0.7258549,0.5967044,0.59516037,0.46013308,-1.4191735
2.5909805,0.37894034,0.4329415,-1.2942978,0.010460425,2.592661,1.9454913,-0.91300654,-0.17355521,-0.52663815,0.45199263,0.24696748,-0.006779462,2.514925,-1.7917511,-0.31589746,-1.4702822,-0.8982196,0.4168555,1.5670527,-1.7764889,1.0272254,0.41829452,-1.2955279,-1.0576587,0.81009656,-1.4395033,-0.31866574,0.9887046,0.11862305,0.7159386,0.47480646,-1.514478,0.23627354,0.045870367,1.1749438,-0.64717525,-0.961722,0.62812954,-0.38149995,0.91485846,1.1207061,-0.31694683,-1.324641,-0.8945124,-0.50877297,0.26781934,-0.75980127,2.4934454,-1.4595684,0.3779395,0.81811506,-0.876564,-0.029935926,-0.10242683,-0.67696404,-1.3575287,-0.55154955,0.7017727,-0.66886806,-0.70135653,-0.84330285,-2.0499651,-1.6269386,-0.18267143,-0.3713284,0.26243776,-0.8283372,-1.1128765,-0.499281,0.54128504,0.4415773,-0.4298645,-1.1300263,2.7270713,0.025521316,0.60993713,0.14251548,0.6463238,-1.6393753,-1.4814295,0.40374675,-0.7322945,-1.0313948,2.2145953,-1.521186,1.4931028,-0.74158186,-0.3013911,-1.8206942,-0.094410025,-1.0637116,1.5033176,-0.4903828,1.0440754,0.13098733,-0.9939972,-0.088100776,0.44760257,-0.43223196,-0.751696,-0.3858528,2.6273885,0.79850847,0.45547977,-0.8788241,-1.1415656,-0.6794288,-1.5483599,0.19476207,-0.8013335,-0.9151557,0.7856845,0.2531432,0.025105044,-0.24265292,0.0024867654,0.52043724,-2.7978587,1.9265428,-0.5543314,1.2331386,1.5623107,-2.0210707,1.5945147,2.3943985,0.8400456,0.72446513
-0.4388043,1.4875158,-0.19974554,-1.3514445,-0.7472521,-0.53160715,1.4229054,1.619935,0.6280389,-0.7437406,1.1750255,-1.8031826,0.28729936,0.77322364,0.68893987,-1.4837377,3.7414527,1.2138067,2.3532863,-2.7616932,-2.798203,2.163483,0.5316095,1.1554573,-1.236273,-1.2535386,-0.75072706,-1.9838961,0.43592855,-0.6957686,0.5704465,0.8728589,0.77076966,0.8681182,0.8792597,2.348887,-1.5666642,-0.63384116,-0.5524817,-1.8346127,-1.1626911,-1.2043524,-0.12890959,1.0634586,1.9598262,2.5818214,-1.903774,1.7236784,-0.08021627,-1.0156435,-1.0239526,-0.56840074,-1.5206947,1.2939968,0.65184814,0.48115444,0.38023216,-1.8630245,-1.2681171,-0.3430639,-0.35030708,0.31415397,2.4670615,1.7901971,-1.4922299,-2.3963478,-1.1560296,0.54951763,1.4885002,1.3866025,0.6830676,-0.95585847,0.6201619,-1.0520837,1.4868212,1.1382343,0.86272395,0.97245395,0.30175567,-0.44185504,0.6194286,1.5130887,-1.3994564,0.2496602,0.11186626,-0.1962235,1.0221035,-1.1974812,-0.5121346,-0.7269545,-2.1437845,0.104911864,-1.1405748,1.01279,1.5383184,-0.3403126,1.1342783,2.0822582,-0.2649151,-0.2987316,2.2670085,-0.09081954,0.08325192,3.1280212,-1.1756634,-1.833855,0.6466332,-0.86416805,0.06836993,-0.6575892,-1.1366067,-0.668684,-0.058140516,-1.6970681,1.8334142,3.3878808,-0.5518565,0.77094674,-1.748945,-1.7251172,-1.4817973,-1.2749854,1.8844103,0.1770485,1.2908459,-0.70375973,-0.1905936,0.05414784
-0.43135905,-0.61956203,0.43634537,0.09328061,-1.2047788,0.41518304,0.2551352,-0.08627826,-0.62935853,-1.2291604,-1.1132514,-0.38088894,-0.38532498,-0.51001114,0.8858439,0.9535588,0.7637935,-2.459946,-0.48708838,-0.75383264,0.6269153,-0.27840587,-1.3768626,0.5175142,-0.90949297,0.7411847,-0.9719173,0.48157936,-0.584762,-1.1414964,0.9218396,0.3339135,-1.0374632,-0.49819583,-1.3696455,3.252266,-0.9698006,-0.2893563,1.9764583,-0.92938226,-0.97128737,-0.23380597,0.27139768,-0.056625694,-1.2020398,1.8611058,-0.081202865,2.6819065,1.2743878,-3.1547594,-0.24209665,0.28761768,0.42241815,0.9232937,1.8226709,-0.6608348,0.5088344,1.3779546,-1.0606958,0.5148808,1.8856637,0.2226528,3.6357486,-2.0283537,-1.5670869,0.17276454,-0.68771297,-0.111460984,2.8039427,-1.0023253,0.6100276,-0.8710444,0.08208886,0.62069154,-1.220442,0.16526082,0.5379031,0.38643715,-1.587805,1.3064271,0.19771451,-0.04949297,-1.4581465,-0.88279897,0.23311245,-0.37627816,-0.17200103,1.5263358,0.3938157,0.6462793,-0.21100485,3.189277,-0.57570297,-0.21389076,0.7703289,-0.049261093,0.96049315,2.448205,-0.9800801,-0.85866404,-0.117025614,0.12258181,0.7785334,1.5677116,0.15477583,-0.14435083,1.2761316,-0.22989477,1.2764678,0.3305617,0.35980275,0.07393694,-1.0228275,-1.6346115,-1.1871105,-0.043202817,1.3538413,-0.89613587,0.22123182,0.15429166,-1.4652028,-1.6808784,-0.6343838,-0.85590136,0.44325706,0.37926796,0.07180011,1.1164031
-1.2415239,-1.5168087,0.62783325,0.32145423,0.21686482,0.2394889,0.28268814,-0.39488786,0.5378989,0.10893348,-1.6994655,0.8973137,-1.7667024,-0.75407994,-1.0757918,-0.17673889,-1.2890733,-0.8495757,-0.7513405,1.27687,2.0630963,-0.27561653,-0.81323504,-0.88197434,0.8271805,-0.20074534,-0.86913574,2.1039772,0.043767042,-0.21470262,0.54634976,0.9738246,-2.4771528,-0.56260794,-1.3432066,-0.839112,-0.46865916,0.066536665,0.5655704,-0.41599458,-1.0374782,0.67156124,-0.045137048,0.8510394,-1.6999047,-0.9369588,1.5807037,-0.1634815,0.51974535,-1.3251534,1.3982188,1.3322997,0.4962193,-0.33750927,-0.2707368,0.77103895,0.5685703,1.6362748,0.60093737,-0.024700202,0.19237673,-0.79104394,0.61169773,-2.453689,0.0003684014,0.3917594,1.1328642,-0.33287656,1.4634147,-2.1340306,0.08750394,-1.155796,0.30540785,1.0021652,-2.5686533,-0.032272562,-0.8281895,-0.5063215,-1.2659714,1.2447815,-0.38034543,0.064887874,-0.072023794,1.0130193,0.94788855,-0.45414484,0.10120365,1.2471642,0.86751294,1.1388927,1.0347444,1.9018646,0.021093667,-0.02273938,-0.101904064,0.65385085,-0.70012903,-0.4538206,0.5997811,-0.44559798,-0.83191454,-1.2722207,0.48631448,-0.85855603,2.5045307,1.234354,0.88269365,0.6180862,-0.2705562,-1.2009587,0.42757338,2.3054478,-0.6903977,-0.5288483,-1.7068337,-0.03079027,-0.09079361,1.0561243,0.7959631,1.4604961,0.14038488,-0.05665621,-1.7085626,-0.92994463,-1.1968873,0.7943205,1.8057352,0.2756283
0.51506734,0.75261116,-0.7472719,0.32810012,0.13390584,0.22234248,1.0071167,-0.8264029,0.21862091,-0.07637492,0.7706754,-0.07613289,-0.5485228,-0.662433,-0.5769186,-1.2705015,-0.12282191,-1.3407578,0.64206946,0.14088763,0.5725322,2.6371317,0.20660615,0.081988886,-0.105837345,-0.61810625,0.41642165,0.64442146,-0.8146589,-0.8232112,1.1410378,1.2414894,1.2700276,-0.19354562,-0.44715106,-0.36903012,0.7875338,-0.4764003,-0.5420677,-0.526579,-0.5360502,0.814687,-0.8278244,-0.34958145,-0.6500529,0.05755379,-1.0670196,-0.16734011,1.2408023,-0.9741123,0.019232422,-1.2446933,-0.17886671,0.35525325,0.470559,0.35221052,-0.0069770217,-0.62596774,0.041736506,0.14031987,-0.35147256,-0.34053767,0.94055617,0.40483522,0.37557024,0.54677343,1.579263,-0.65999067,1.0874741,0.07250396,-0.40346217,0.09296704,0.04311042,0.6168246,-1.2057514,0.16969618,0.75646985,-0.23534755,-0.63380235,1.1727431,-0.5105489,0.77752656,0.29105094,0.29910928,-0.2863471,-0.43974775,0.5515606,0.31251332,-0.2716269,0.9311819,0.72714937,-0.48258096,-0.5677953,0.011448815,-0.26246694,-0.122733146,-0.7748474,-1.3217057,-0.6293694,-0.36161876,-0.22463854,1.2836982,-0.13675383,0.16605759,0.16528684,0.389236,-0.34588438,-1.0466105,-0.34088415,0.9661363,0.38580513,-0.5565542,0.7619722,0.16916004,0.056304082,-1.7415396,1.3361993,0.31006235,-0.038619965,0.2378264,-0.45567197,-0.027019247,1.3856525,-0.33985835,1.7926437,-0.6440087,-0.2511111,-0.13691291
-0.9380374,-0.49151275,-0.97197956,-1.2945061,0.65323746,-4.532323,1.1665515,2.2200618,0.4437127,0.3458552,1.9755335,0.86042345,1.6513464,0.7031915,-1.0336769,-1.1958311,0.3461338,2.5189981,-0.37982064,-0.3632977,1.3284618,0.96187454,0.015153908,0.3965602,2.0414681,-1.7337811,2.5380545,0.79890764,0.43409044,1.6756504,-0.8371806,-1.7053766,3.0545833,-1.2181865,0.4050756,-2.1901913,1.6711752,0.19835338,-0.59897566,-0.21485245,-1.2300594,-0.96493846,1.1884059,-1.2735453,3.209049,-1.1378961,-3.1679301,-0.3403421,-3.2313633,4.775333,-2.0550828,-0.9854072,-0.3698944,0.6920467,-0.4649143,1.1427597,1.0216484,-1.4228534,2.1386511,-0.7278288,-1.2965803,0.2150693,-3.4020295,3.7034497,0.037095577,1.9617107,-0.9566462,0.38163847,-4.0960603,1.0494474,-0.26171482,0.46645874,1.1772158,0.24027461,-1.0711441,1.0781902,-0.8330141,-0.44899225,1.4488385,-0.7366634,-1.0347338,0.50638866,1.6154268,0.19778591,-0.6250838,0.38002235,0.827297,-1.874136,-0.3281559,1.3266804,0.90274197,-3.7068424,-0.5396012,2.791045,-1.7991269,0.35496068,0.8919207,-0.37328988,0.9627158,1.5954798,1.6846964,1.0486121,-1.5337379,-0.23320055,0.5096942,-1.3502532,-1.5640795,0.23760343,-0.104060665,-0.57143223,-0.8367514,0.050486684,0.0707134,-0.15986788,0.44610453,-0.3308036,-2.0023668,0.6276477,-0.73570395,1.5616293,1.1347389,1.2836128,0.0052484274,2.5376058,-2.0357046,-1.9971316,-0.80256057,0.22178863
0.6989306,-0.3350195,-0.23479019,0.18961823,-0.10621779,1.2469931,-0.79456687,-0.8773638,0.40352973,-0.7231956,-1.3193104,0.88303465,0.058224484,0.52994853,-0.5863569,-0.7594639,-1.26128,-0.5845393,0.51503634,-0.12569878,0.97935295,1.0879452,-0.38456506,-0.4172513,0.285898,-0.67491823,0.49564657,-0.4610688,-0.8932983,0.3451702,-0.40245098,0.35567626,1.2568791,1.0150069,0.47035313,-0.7645756,-0.25237754,0.57432586,0.27942723,0.7252175,-0.30511802,-0.54314506,0.10273187,-0.65235287,-1.1119118,-0.22993185,0.32161623,0.8027326,1.1877637,-0.42970222,0.04494185,0.12901582,1.8620133,0.3460583,-1.6079533,-0.2307481,-0.28562754,0.6010628,0.79996914,-0.0022459365,-0.12504393,0.8796923,-0.024262307,-0.9045302,-0.3738347,-0.4983288,-0.4259022,-0.98266983,0.3114437,0.002847895,0.6471321,0.38465434,-1.3934506,0.16422507,1.6524086,0.8490005,1.1999102,-0.19651958,-0.055332318,0.03454259,-0.2852993,-0.62627876,-1.127136,-0.38488477,-0.018277347,-1.4892814,1.1929288,1.1183149,-0.49322736,-0.19504488,-0.47511536,-0.6921617,0.87474006,-0.20119047,0.54464376,0.70922947,-1.5143497,-0.61291623,0.18063709,-0.7334404,-1.0085155,1.1173708,-0.5236169,0.10484329,0.33683518,-0.039897025,-0.39045388,-0.5670167,1.4020098,0.087985285,-0.36471632,-1.0200479,0.65205216,0.5616797,0.49856618,-1.5386171,0.07503669,0.26989907,0.9109899,-0.0435725,-0.25640315,0.520159,-0.23059908,0.45235616,0.68430007,-0.0034336448,-0.059467867,-0.3198239
-0.8466104,0.7389601,-0.16911131,0.963596,-0.26451212,-1.5266201,-0.20105657,1.5626087,0.7550958,1.2745389,-1.7538563,1.5830029,2.8576198,-1.4428027,1.212813,1.5322776,3.1664495,0.60218126,0.72422063,-0.69333804,1.5386345,0.028649539,0.013427734,0.6327303,-0.07873762,-2.130721,0.77729005,-2.0841386,-1.7148379,0.2919758,-0.45758903,0.4100901,1.5218122,-0.28988177,2.3029888,-1.8825321,0.36320475,-0.493227,-1.3614774,-0.30990693,-0.30222383,-1.8462806,0.8989381,-0.80851525,1.9157133,-1.7797511,-0.7744068,0.9629023,-4.833461,2.6760628,-0.71507984,0.9976078,-0.143884,1.0013217,-0.1297999,-0.68759215,0.03583318,-0.985188,0.32725263,1.420188,1.9129133,2.0796254,0.05813621,3.770058,0.3649705,0.10780847,-0.6374285,1.2387369,-2.0492263,1.0624756,-0.5510779,0.8063965,-1.3978782,-2.3271704,2.0150862,-0.034834355,-0.10931611,1.8239907,-0.2180163,-0.3351498,-0.5826428,0.9826672,0.033011757,1.7128663,-2.551961,0.8365961,-2.192636,-1.4615759,-0.3212905,1.2923008,-3.5223253,-2.9259276,0.26938018,-1.2333221,0.2258872,-0.42619315,1.3300997,-1.4363446,-0.2577759,-1.5151839,-0.9775072,-0.84710336,-2.0676055,-0.46628904,-1.415196,-0.15723923,0.2122625,-1.1629025,1.40446,-0.32964146,0.44811004,0.7353474,-0.4539912,0.19978103,0.7701983,0.8243469,-1.5908182,-0.32351908,1.1334817,-2.725719,0.7924404,-1.523685,-1.4829102,3.3471882,-0.52890176,-1.0874673,-0.71792525,-1.8701204
0.98195666,-0.7008613,1.4332415,-0.9147232,-0.413549,-0.09254104,1.1387517,1.1328033,0.040534817,-1.6663666,-0.2938323,2.037427,0.731948,1.4610794,-0.7748153,-0.06638457,-0.74332213,0.936374,0.9844451,0.9929954,1.3896433,0.31280273,-0.43856,-0.47922182,0.6288096,0.68918484,0.37774923,0.46045598,-0.98246527,0.09824715,-0.41394967,-0.184681,0.26771933,-1.3365321,1.2522511,0.3076852,-0.009591363,0.30218044,-0.9382926,0.03420368,0.0541068,-0.8717551,0.34132534,-0.609545,0.05949095,-0.57162654,-0.5889535,-0.3461656,0.8162271,2.1047184,-0.83412737,0.8155813,0.24317239,0.53055286,-0.6801567,-0.54762864,-0.6719436,-0.7636538,1.5101454,0.55342686,-1.5530044,-0.28461882,-0.83502555,0.20949182,-0.22317562,-0.7842349,-0.64018154,0.42343777,-1.7339001,-0.88668716,0.48965225,0.5821483,0.8060582,-0.43952215,0.6965702,1.1526213,0.1633873,-1.3765051,0.33984622,0.32840103,0.018983442,-0.8727434,-0.5535117,-0.42167872,0.45940518,-0.28047436,1.9533751,-1.4859179,0.7555006,0.5336758,-0.46608967,-2.7871122,0.12404959,0.8719416,1.1850799,-0.22275677,-0.46163142,-0.31891978,0.9155053,-0.8377935,0.00981883,0.48340738,2.2569437,0.5337439,-0.768346,-0.4215442,-0.08317831,0.6162532,-0.55587095,0.088221155,0.23372337,-1.3136661,-0.47325894,0.11743888,0.07299155,-0.30915064,-2.1763372,-0.539261,-0.8118742,0.2370549,-0.51227,0.5885508,1.0603311,0.7255387,0.52641356,-0.08908877,-0.7750876,0.31104377
-0.87747663,1.6460829,0.25072607,-0.9557039,0.036979467,1.4376702,0.39305627,0.33512813,1.1563852,-1.241733,-1.3621881,-1.1222701,-0.97487915,-0.8115478,0.48464906,-1.655692,-1.2174996,-1.3373111,-0.33009708,-1.1145413,0.6170926,0.9560747,-0.9326266,-0.31713223,0.7905681,0.23738511,-0.9255924,1.3536377,-0.3717332,-0.52947706,1.135833,-0.5164066,0.18559518,1.1773559,-1.1186781,0.51805717,-0.29510802,0.3307406,-0.73092127,-2.3182771,-1.2810574,-0.59978163,-0.028680861,1.6556097,-1.0735106,1.9290901,-0.3106997,2.315127,0.18203944,-1.7631516,-0.40671757,0.1867053,1.4176376,0.774917,-0.52876616,-2.188867,0.55096734,0.3614921,-1.3448602,0.5303365,1.5995162,0.10521142,2.475925,-0.81472516,-1.8410155,1.00755,2.2694798,-0.111267775,2.914248,-1.0897558,0.8826164,-0.40599528,0.7171329,1.6859354,-1.523689,0.606931,-0.52392066,-0.37414014,-1.1650012,1.7805321,-0.116532,-0.64233965,-0.22939458,-0.23398441,0.3479473,0.37646383,-1.6742738,1.5429654,-0.1509442,1.0810939,-0.3412373,1.2586734,-0.54737103,-0.2683479,0.88815236,0.30830473,0.8147042,-0.31584418,-0.015764266,-2.2845716,-0.01736395,-0.41159946,-0.75289404,-0.4725159,-0.84002244,1.5815263,0.452601,0.54061687,0.7905896,1.1245733,0.6485478,0.96927416,-0.8067115,-0.20968342,-0.1691125,-0.012216635,0.59954476,1.0205762,3.0878646,-0.6908841,0.12911615,-1.0888543,-1.377455,-0.20981327,1.2494942,0.1978893,0.003346622,-1.8320779
-0.73701036,-0.42475992,-2.1556125,0.29353088,0.7765168,-2.7957182,-0.2667063,1.646172,-1.2960451,-0.6365185,-0.02192317,-0.53516495,0.41910487,0.0851271,-0.43661577,1.6695435,-0.25783086,-0.8069113,-1.4125772,-0.9004898,1.2409564,-1.3660856,0.9980175,0.42491102,0.8115368,-0.23961636,0.7404109,0.7331668,0.7391751,1.0887052,-0.86626494,-0.274511,-0.2148737,-0.28321362,-2.423949,-1.2029874,1.0115383,-0.61220616,1.5941578,0.15387788,-0.26851666,-0.7467869,2.10947,-0.0032772422,2.276133,0.53849095,-1.6460514,0.48892432,-1.1727049,0.06786087,-0.8123091,-0.4187823,0.5163994,-0.5559852,0.46124524,1.3533196,0.9573449,0.042764157,0.4262618,0.8212517,0.7637032,0.1215938,-0.3920805,0.44165772,0.23783995,-0.89099497,-1.9479862,-0.31483728,-1.5059738,-0.7721354,-0.22894877,0.4533797,-0.77807957,1.028943,-2.1833484,1.3995773,-0.99461067,0.0884746,-1.095592,-0.36459535,-0.20374398,0.21192491,-0.10537793,0.3935471,-0.014850855,-0.7121171,-0.5368585,0.30695808,0.40109843,1.1573659,1.205853,2.8007393,0.22125517,-0.041169807,-1.3186411,0.91438556,0.12628986,1.8026515,-0.09917864,0.69637084,1.1628017,1.1120715,-1.4640837,0.87573016,-1.1842914,-0.26761085,0.009833723,-0.9047729,0.5221695,-0.6547924,-1.7039492,-0.0061677992,0.71874106,0.50016385,-1.3765061,-1.2239171,0.4611481,-0.40282744,-1.4133242,0.2723838,0.55437666,-0.6804087,-2.0106382,1.3534894,-0.4381238,-0.61053526,-0.4413069,0.5911703
-0.42476994,0.028363705,0.8747334,-1.6107144,-0.20201248,-0.1146272,-1.1937475,0.4654674,-0.00064361095,1.0926108,-0.5202066,0.55910146,-0.6716564,0.48987204,-0.4040326,0.08418146,-0.5308918,-1.5996683,-0.698445,0.030030727,0.5079386,-0.68647176,-0.2883896,1.0001488,-0.79411644,1.6263862,-1.311986,1.2771754,-0.7148596,-0.47427636,0.32069132,0.18699573,-1.019762,0.661412,-1.8142462,1.8175853,-1.0936005,0.8714832,-0.15613621,-1.4600978,-1.9031405,-1.0897498,-0.0030138344,0.90639824,-1.2355311,1.0922163,0.19330984,2.0477505,1.1751606,-1.8077674,-0.1494678,-0.086204246,-0.04725872,1.0304657,-0.4811455,-0.8619721,0.6412353,0.5024876,-0.09730092,0.6043602,2.0605466,0.4181737,1.3344445,-1.3080769,-0.9973924,1.4079121,1.3063359,0.9999062,0.9790937,-1.7881752,0.98504853,-0.13367622,0.39619163,1.7557338,-1.65768,0.71160257,0.6201868,-1.125483,-1.1837289,2.0444942,-0.7201743,-0.8291973,-0.5504962,0.25192538,1.1215074,-1.2546186,-0.49681634,0.922422,-0.15696934,0.25481057,0.21117327,0.96266687,-0.9492878,-0.06426754,0.82711446,0.994338,2.3668146,0.81212544,0.9604235,-0.19302481,-0.9346867,-1.1759005,-0.18702644,0.6866637,0.5142208,0.1313996,0.06891935,0.33579904,1.5138557,-0.5094617,-0.81462187,0.16251166,-1.107424,-0.67721707,0.16801274,0.45386583,-0.25559625,0.8456807,1.8748155,0.85349846,-0.52843153,-0.5382266,-1.1061668,-0.38467425,-0.69724077,0.43185255,1.0963532,-0.646337
0.40439668,3.1240091,-0.228005,0.21094471,1.3411423,3.6992319,-1.4065509,-1.6733487,-0.3385266,2.778026,1.5767494,-2.7675385,1.3548173,-1.019059,0.8750796,2.3104773,1.0531664,-0.49060583,0.18179691,-1.1253144,-2.3828444,-1.1779242,0.40199795,2.8351636,-1.1465911,0.04958114,-0.12336703,-1.8924553,1.5003085,-1.9176576,-1.5980532,0.69928145,-0.63761425,2.9817283,0.97342026,2.169928,-2.0386646,0.23042166,2.0124438,1.184305,1.190986,1.1070396,-1.5536389,-0.18179652,-2.9141276,-0.43884534,1.668208,0.28621048,2.154193,-4.123864,2.4205234,-0.9811799,-0.2623951,-1.3534632,0.73549914,0.9762247,0.15257502,1.2992711,-2.1240695,0.050344706,0.09239371,1.7111298,2.2394974,-2.637371,-0.26057988,-0.43849272,-1.5668072,-0.67042255,1.8529336,1.5393491,-0.25426793,-0.58079517,-1.2613462,-1.0185299,1.9211729,-2.8406775,1.0561943,1.0196927,1.9515404,0.38279605,1.2057041,-0.55307376,-1.3954709,-1.2411146,-0.2326224,1.6168575,-1.3961872,0.18316579,-2.6603174,-1.8736095,-1.3581307,1.8843659,-0.29309243,-0.72448486,-0.092100084,0.19486102,1.5034006,0.7477226,-0.36637056,1.1778889,-1.5963093,-0.7599877,-0.4031336,-0.23898256,-1.569754,-0.39807755,1.8823166,-1.317837,2.3207684,0.24024916,0.11607149,0.34320837,0.64225197,-0.1524365,0.32420415,-0.8624898,1.849079,0.8620877,1.3996148,-1.9567266,-0.7855253,1.3524718,2.3217437,-1.7792463,-0.72566205,-0.8630185,-1.0623629,1.1187284
-0.9400487,1.336453,-1.4037986,0.3219422,0.32226366,2.554875,-0.20964211,-0.3952922,0.5776771,0.011527985,-0.23824847,-2.958947,0.17601445,0.07971654,0.28105444,0.1359686,0.65041804,-1.398514,-0.56009114,-1.3517549,-2.3355079,0.17311856,0.5884995,0.37190086,-0.641879,-0.69894236,-0.6618974,-1.2024944,1.7365917,-1.0987425,-0.59507656,0.53905046,-0.8714339,2.0574167,-0.66051507,2.9550488,-2.391643,-0.0032743216,1.5244498,-0.69292593,0.37283087,0.34839338,-0.16920584,0.15836298,-1.2358619,1.6808844,1.1008894,0.6842925,1.2872183,-4.0232763,0.7260667,0.5384167,0.25290197,-1.0801535,1.8441991,-0.16093127,0.7641865,0.45308882,-1.9297963,-1.3882357,0.9906983,0.6247761,2.6964178,-1.6254447,-1.1282399,-1.5281953,-1.4038379,-1.5740107,2.9918058,0.40933484,0.13139886,-0.4060518,0.521762,-0.39732677,-0.21566373,-0.8053504,1.1441671,1.8687171,0.617869,0.13190377,0.20457375,-0.29192716,-0.3026739,-1.573451,0.24231026,0.7085716,-0.07158184,0.8936,-1.0895808,-1.1756105,0.034719624,4.0309997,0.41278583,-0.04406374,-0.20045781,0.41820252,-0.3158013,2.166592,-0.9327649,-0.23866785,-0.7815241,0.25403687,-0.32494923,1.3513614,-0.8288901,0.4831691,1.4056637,-1.0434817,1.0452591,0.5542533,-1.1546028,-0.39967853,0.47210664,-0.09700596,-1.2870313,0.62995756,1.7259724,0.60736793,-0.3403742,-0.36793524,-0.98529124,-0.11459392,1.2844018,-1.2713132,0.52411044,0.099841416,-0.09965676,0.2077389
1.9392028,2.494766,-0.15316288,-0.7566653,-0.19113848,3.3432326,-0.4047563,-1.1926082,0.897192,1.270725,1.8167217,-2.4290206,1.363044,-0.50039643,0.32239056,2.0143564,-0.008206032,0.021431468,2.215189,-1.007687,-1.7118783,0.3665526,0.027859747,2.1377854,-0.3237009,-0.011210442,-0.68354845,0.26522732,0.72015053,-2.60885,-1.3401523,0.9615736,-0.44652796,1.9053564,0.5963661,2.5789897,-3.3602347,0.09257245,0.53565603,0.9251229,1.2755568,1.1593893,-1.0410173,-0.9732895,-3.227758,-0.8044633,1.112867,0.7731399,4.2725134,-3.6092792,2.8074307,0.46402538,-2.0372279,-0.9546034,1.5082762,1.4390645,-0.12626731,-0.5838846,-0.5397655,-0.23761827,-0.95659256,1.5685587,0.68647915,-3.6386044,-0.31129706,-0.25220472,-0.99226314,-1.5096961,2.8724875,0.12897131,-0.03500998,0.061082214,-0.26040596,-1.0899258,0.84349823,-2.379095,0.8658577,1.4036536,1.6352897,-0.15065457,0.98694634,-0.7166714,-1.1589884,-0.61783963,1.3357049,1.3355486,-0.50291175,-1.1688194,-2.4127297,-0.965314,-0.1591652,0.74623895,-0.06997553,0.37657028,1.3733379,-0.6581992,1.0652951,0.24252924,0.41854817,0.64499754,-1.5059624,-1.8321227,0.49844825,-0.36984265,-0.14306033,-0.28110594,1.168087,-1.3297288,0.5837798,-0.5675769,-0.19374093,-0.2619998,0.45364398,-1.010017,-1.164729,-0.9904216,1.355809,1.4113436,-0.9974607,0.66872513,-0.85102487,1.6276665,2.20897,-3.0381463,-2.0842314,0.15542161,0.8597675,2.0002022
-0.42262903,-2.8924923,-0.70414484,-0.061819613,-1.5325787,-4.3580494,3.2840576,0.86309344,-1.053367,-1.3132075,1.0538884,-1.2684608,-0.011779189,1.5232446,-0.577719,1.9984496,-0.3017175,-0.5032593,1.489867,-0.14932531,3.356945,0.13985795,1.0093424,0.014830083,1.8707001,-0.1757004,1.1763613,4.5050306,1.1745347,-1.4522796,0.32968724,0.15173064,0.34072825,-3.6452157,-1.0719321,-0.84384036,1.0955797,-0.2931056,-0.4364369,0.31759003,0.8104112,0.84451854,1.0768776,-2.0289538,2.5783477,-0.041581035,-2.8628395,-1.0022167,-1.0785959,1.2511101,-1.9270067,0.42617893,-2.1946437,-0.8106653,2.5921059,1.9087716,1.7516593,-2.3053865,2.1113367,-0.4581644,0.009928942,-1.4339092,-1.1597134,-0.8647717,0.8023083,0.47527918,-1.1519718,-0.76717794,-0.85889566,-1.4867744,-1.7839293,1.3752872,0.84476435,0.011163792,-3.3417172,0.29588452,-1.0468615,1.5617253,-1.9675188,-0.72346056,-1.4663336,1.1618712,1.2542918,0.8464956,1.127885,0.7422887,-2.4269671,-3.802823,1.4043676,1.9116797,3.3639631,0.83266854,-1.7081149,2.3077657,-0.8040122,-0.7916149,0.437544,2.9432402,1.2770061,2.3281765,2.1054103,-0.23177144,1.4284306,0.89555955,-0.82280445,-2.6664782,-0.5879872,-0.74341804,-1.6163353,-0.7625009,0.36536956,0.027653456,-1.6860948,-1.4770108,-3.2907133,-0.68466955,1.170953,0.36899748,-5.025691,2.0161192,-0.29320467,-0.5953199,-0.46819252,-0.52324903,-2.9630203,-0.47604167,0.7440381,1.1439414
-0.3869015,-1.234257,2.4091349,0.46104145,1.0003301,-2.240671,-1.2042397,0.085550904,-1.7712722,1.5638405,-0.70303786,3.7301755,0.06857139,-0.13623375,-0.109491765,-0.0136477705,2.2804627,2.1005034,-1.3766676,0.7169466,1.383204,-2.343329,0.5091372,-0.6164259,-0.61915123,0.37052786,0.5930564,-2.527261,0.7317152,0.7859722,0.12898359,0.40819302,-0.9231264,-0.91812265,1.1543734,-3.2576408,2.182713,-0.17387664,0.20752266,1.6180854,0.022910714,0.38627955,-0.16105331,1.4484813,0.58265316,-2.4905977,1.9538097,-1.9555647,-2.503059,4.06225,-0.30237675,-0.66517586,0.0718205,-0.07416892,-1.8660389,1.2322048,-1.1327919,0.55318546,0.59571004,0.8111211,-0.54856527,-1.1649575,-0.39250833,2.37703,1.8674898,-0.99459064,-0.4829309,2.1182277,-3.5070057,0.72187656,-0.9904971,0.07388222,-0.7693243,-0.6737204,2.1519253,0.044456214,-1.053637,-0.92082167,0.51159817,0.24170196,-1.0099659,0.4447508,-0.31139863,1.535536,-1.2287004,-0.42949292,0.8700148,-0.10760182,1.2221619,-1.0188239,-1.9140961,-1.7120779,-0.8643825,-1.261316,-0.68893945,1.0363002,0.09409019,-1.5719777,-0.42097163,0.7122,-0.23643133,-1.1561941,-0.105682015,-0.4331196,-0.15513462,-0.09857203,-0.7803499,1.3626487,0.14088127,-0.21869878,0.8774737,2.0948992,-1.0554194,0.27366886,2.592835,0.7558863,-2.396,-0.15951076,1.5747871,-0.725285,0.77928483,0.027999222,-1.2310148,1.852245,-0.70702195,-0.5521945,-0.3922896,-0.7882463
0.25401163,-0.95145583,0.62102073,-0.5596427,1.0679448,-0.6245047,1.8797996,-0.48072055,-0.79798585,1.1171561,-0.5301361,2.1930935,0.8164661,0.8621055,-1.1423845,-0.3236914,-0.42542493,0.0013411418,0.12871823,1.4150004,1.4438752,-0.66606987,-0.75327206,-0.97509956,0.107887074,-0.42400157,-0.18353143,-0.7186035,0.7150853,0.36142498,0.46614224,0.73843104,0.8875853,-0.7780092,0.70197284,-2.039611,1.3598411,-0.13049412,0.39573032,0.53903115,-0.16156647,0.41875,-0.931885,-0.10166919,-0.27659845,-1.4838223,-0.3629832,-1.5551717,-0.46957302,1.3953103,-0.3682328,-0.693006,0.44269937,0.029191315,-1.5527656,0.33849,-1.2823138,-0.17683864,1.3110628,0.5054026,-0.6317085,-1.6318903,-1.3319576,0.5314488,1.4657238,-0.04629448,-0.20339635,1.087354,-2.2029054,1.2918103,0.05401784,0.1847745,-1.4685324,-0.5615722,2.7430022,0.7634153,0.447492,-1.2736425,0.69091034,-0.4876199,-0.76679826,0.26239812,-1.3961759,1.0575173,-0.0567078,-1.7468554,0.9979762,0.06517142,-0.43407494,-0.7444786,-1.0820217,-2.1821482,0.84658146,-0.45115066,0.9497747,-0.200329,-1.252308,-0.6441277,0.96041554,0.7883353,0.42320487,1.413779,-0.5253182,-0.5119883,0.42293894,-1.3475734,-1.0083543,0.47233298,-0.36553887,-0.47520483,0.60301334,1.5843613,-0.29605034,0.093351245,1.1949594,-0.2137085,-1.3047317,0.4971884,-0.40718168,-0.044973046,0.28155398,0.37255937,0.14641327,0.59511065,0.82027745,0.2683338,0.27276284,-1.1754234
-0.8267266,1.5563421,-0.0943657,0.4560751,0.63029146,1.9179157,-0.6168921,0.30423817,0.26660785,0.55113095,-0.25295624,-0.55579907,-1.1724985,-0.25852096,-0.22185415,-1.5878806,0.69197214,-0.47942188,-1.4653093,-0.76448977,-1.7014115,0.90281653,0.34765956,-0.5911967,-0.63142115,-0.39996314,0.047133073,-2.21735,0.59815705,0.21598911,0.62664944,0.35835555,-0.8167898,2.2233863,0.05908659,0.028173417,-0.7906729,-0.5756872,0.5592569,-1.1477579,-0.016439438,-0.65689176,-0.107081115,1.2921423,-0.15372355,1.7071178,0.735766,-0.24354008,-1.4342704,-1.0459745,-0.06575772,-0.8711015,0.081625044,0.103463575,-0.7486138,-1.061478,0.13545933,0.623999,-1.844022,-0.80059063,0.68716973,-0.016724318,0.9344466,1.4757777,-0.6337196,-0.7746044,0.84991336,-0.17687266,0.6561541,1.3229022,1.4198697,-0.5477921,-0.19695185,-0.9289384,0.45107466,-0.18177512,0.39375418,-0.14720881,0.69053775,0.13995305,-0.2986774,0.55166996,0.7680016,-0.032819007,-0.46126395,0.48141402,0.31616527,1.9962511,0.78557885,-1.2332264,-1.8210626,1.0204903,0.64716154,-1.4627624,0.09912541,1.102386,-0.64390975,-1.0352706,-0.79400396,-1.4790556,-0.5160915,0.43456638,-1.3512576,1.1789196,-0.22222435,0.9108956,0.51733047,-0.19585383,0.9314459,1.6233007,-1.0354794,0.15451297,0.31434798,0.78981215,1.1636429,0.68464565,0.7353445,-0.7130831,1.5285182,-1.5948979,-0.2223055,-0.51590866,1.4762042,0.70512784,2.2609599,0.097887486,-0.49262252,-1.412262
-0.21241459,-0.12565294,1.5191258,-0.71398365,-0.32526433,0.7346874,0.3469972,0.7989433,-0.7778116,-0.3915731,-1.1718047,1.0062861,0.2816512,0.14595291,-0.7462647,-0.1215467,0.00041853637,-0.34355384,-0.453428,0.82238996,1.1160485,0.4010585,-1.2407813,0.32291156,-0.030183539,0.19552866,1.5396054,1.0566853,-1.296587,-0.18542771,0.8255396,-0.70320266,1.7509439,-0.4636892,1.2564497,0.28851786,0.60828084,-0.26911652,-0.013421208,-1.5765347,-0.5658623,-1.4876442,0.37250876,0.89444983,-0.55580413,0.29383707,-1.0908675,1.2748506,-0.04226868,0.709669,-1.6904905,-0.088206306,0.1535816,0.31203824,-1.4495609,-1.3113022,0.4337681,0.4918261,-0.45234534,0.6171305,0.0941113,-0.74613875,0.22011599,0.7428088,-0.54806423,1.6652862,0.2559919,0.56540954,-0.5231073,-0.54459214,0.89107084,-0.27798808,0.36852208,-0.06242705,0.030510452,1.2289219,0.83710223,-0.9953892,-0.056728974,1.0581225,-0.84533614,-1.0372379,0.25778955,0.18932882,0.6676562,-0.7314702,-0.67645246,-0.018586367,0.6019783,-0.7822499,-1.026575,-1.5152869,-0.13941883,-0.12790847,-0.59713477,0.46258563,0.79539025,-1.6035993,0.7187001,-1.0241749,-1.5488721,-0.05046893,0.049902484,0.4724403,-0.33410963,-0.5146317,0.27882525,0.8277121,0.7992364,1.6736715,0.4192531,-0.03682822,-1.4075065,0.46706983,1.0178839,-1.2140732,-0.6729895,0.1998614,1.4210889,0.43167245,0.052056547,-0.3617602,-0.24178573,1.5718193,1.8096911,-0.12338613,-1.3705148,-1.0629096
3.2479959,1.4410783,1.33498,0.669967,-1.5737509,-0.053944826,1.6600186,-1.3560482,-0.30053586,-0.21959376,0.7410102,-0.3899657,-1.0679588,1.6042621,3.0793946,1.9677187,2.3551347,2.5190308,3.2887473,2.3791184,-1.3620816,2.6880095,0.5911077,0.32381517,-1.6429262,-0.39729026,-0.50556576,-1.7737739,0.9614439,-1.4794419,-1.5601748,0.03741844,4.0061603,0.63092077,3.8133535,-1.2101734,0.268497,0.8358226,-0.32424366,0.06562656,4.3806114,2.213883,-2.57931,-2.5883818,1.240973,-0.94711196,-2.458921,-2.8329043,0.8061726,3.2421882,0.07737453,-0.021327049,-0.45774996,-0.011535745,-1.5725603,1.0160357,-0.09651601,-0.81207037,-2.5036066,-2.2842274,-4.7571936,-2.1518056,-0.95763,1.6441164,0.43576813,0.86553514,-1.8305975,1.219377,-0.08947108,0.37344062,-1.5827782,0.5082861,-1.1095936,-0.1645611,3.1851783,-1.7544856,2.2544398,1.8488023,5.581794,-3.0367937,-1.4321722,0.8119893,0.078614175,0.54932225,-0.035268158,2.4014895,0.76112604,-2.6048589,-1.7024109,-0.5631722,-1.630038,-4.2147846,-0.7265798,-2.2887783,-1.9219513,-0.7285556,-2.4905877,-1.0842452,0.20614786,1.4976668,0.3429954,2.098157,0.7276535,-0.7065945,-2.8430355,-2.8627164,-0.094694495,0.92853534,-0.92923915,0.76047975,-0.4491449,0.8796067,0.22295922,1.3651942,0.5934394,-0.14549725,0.68584657,0.040542006,-2.4087625,-0.2280376,-1.4010001,2.7571084,2.8870406,-2.2481112,-0.9464753,-0.9188867,-0.8426577,-0.037547857
1.0650959,-0.0065503865,0.5673379,1.2110573,0.62387913,-1.962909,0.15072697,2.2191837,0.9869437,-0.3272348,0.039191723,2.5683026,1.6053759,-0.6131311,-0.78047717,1.478092,1.2265633,2.8335335,1.5740393,0.044120193,0.33060312,-0.14588451,-1.0913247,0.5059259,-0.29972613,-0.468156,1.6482551,-1.6059057,-0.5476142,1.3320594,1.5386839,0.2132848,-0.24046433,-0.6926795,2.7837443,-2.149487,2.5243235,0.22284535,-1.2220004,1.1037118,0.7197193,-0.6262957,1.096144,-0.70575535,3.361989,-1.4215002,-1.7517271,-0.9082476,-3.4644694,5.1635494,-0.27067527,2.0534577,-0.069703706,-1.5007964,-0.39212742,1.4330335,0.124479234,-1.2831705,1.442539,0.35002857,-0.8310712,0.43470567,-2.504632,1.4862512,-0.7943661,1.0469315,-1.4197974,2.9502945,-2.1302848,1.6713188,0.36509943,0.17526613,-1.8753979,-4.016746,2.4083943,-0.12404583,-0.060354352,-0.20262992,-1.1537453,-2.7665658,-0.10006535,0.94226426,-0.090718985,1.3512464,-0.7795047,0.5931487,-0.80137944,-3.2731695,0.39603344,0.6044518,-2.38768,-5.122322,0.9728621,-0.76753616,-0.5948097,-0.11813992,-1.1494492,-3.3283548,-0.05254838,-0.7673336,0.28572726,0.3377838,1.0954155,0.08533415,0.2266869,-1.0444368,-1.8137134,1.0689193,0.2843719,-0.45086545,-0.42753935,-1.9714265,-1.4622326,0.99984384,3.0027425,-0.0948413,-0.30500948,-0.3137834,-1.871162,-0.23996885,-1.6346865,-0.29241398,-2.0868783,2.770638,1.2443228,-0.7595297,-1.5665668,-1.0506259
1.4589412,-1.0712956,0.9586369,-0.66584647,-1.4102948,0.18779308,2.2325382,-0.853239,1.1527966,-1.670196,0.09281385,0.34375194,0.35884798,-0.017484844,-1.3987641,0.47699568,-2.4225004,-0.3445096,2.7300556,0.8017386,1.236093,3.2346103,-1.4959774,-0.53512037,1.4307462,-0.049628884,0.44855595,3.2744498,-1.0260623,-1.0583225,0.87879896,0.63348174,1.2219559,-1.913346,0.3701496,-0.16720396,0.29817513,0.15247044,-1.02654,0.22183728,-1.0821333,0.89403105,-0.22079712,-1.72918,-0.73208076,-0.78492945,-1.8674365,0.26452944,2.9979293,0.004131794,0.07704325,0.54131603,-1.2063392,-0.4893384,1.2070882,-0.010103285,0.26407176,-1.7788234,1.5465003,-0.025602996,-1.6932974,-1.0022848,-1.157645,-2.1007867,-0.15768582,0.9001228,0.75402814,-0.8823203,1.0493503,-1.9904194,0.19882052,0.2189355,-0.59931123,-0.39207858,-0.6208899,0.44720727,0.7690512,-0.94354695,-0.5049653,-0.18023002,-0.7587141,-0.51099944,-0.51183724,0.13302915,0.826858,-0.19126254,0.266759,-1.4548297,-0.8601351,1.7158788,1.8002727,-2.8165865,0.3507008,1.1418668,1.0560362,-1.2230167,-0.61868227,-0.53332436,1.9677007,0.2859066,-0.45549166,-0.063859224,1.3065363,-0.5347908,1.6742607,-0.45221266,-1.1938564,0.44489095,-0.65340734,-0.25373244,0.7694955,-1.20466,-0.74097145,-0.35683325,-1.3804326,-1.4857292,0.76004857,1.5343472,-2.5081036,2.1359353,-0.9713727,0.53152764,0.6906674,-0.40073913,0.6755718,1.0090146,0.97694963,0.70815736
-1.1392827,1.316923,-1.8165292,-1.5880101,-0.17307459,0.04650659,0.46712375,0.7511189,0.98161453,-1.4414977,0.22678533,-3.0846257,0.14255625,-0.39025557,0.70241463,-1.0574043,0.32875144,-1.0837581,0.6008817,-1.9913428,-0.2709444,1.1354656,0.081615485,0.5599924,0.5004015,-0.5597936,-1.5170196,0.9987213,0.31042647,-1.5600474,0.77738583,0.19985956,-0.519374,0.9971513,-2.1205633,2.3277016,-2.236205,0.2186314,-0.3451455,-2.2976265,-2.0125923,-0.60037786,0.47192097,1.456817,-0.39929843,2.9637713,-1.1342478,2.4281795,1.8009056,-2.8969562,0.008692903,-0.0018787384,-1.025216,0.8762655,1.426845,-0.007324487,0.8834724,-0.9039376,-0.71871877,-0.54630435,1.4324887,0.38161916,2.0891519,-1.882663,-1.2193862,-0.3367597,0.36284095,-0.90327096,3.626537,-0.45191962,1.4771636,-1.1311367,1.09259,0.4019472,-2.5816011,-0.27889526,0.18962893,0.59011304,-0.43632436,1.4027842,0.37373215,0.12919125,-0.1118113,0.017632334,0.76836467,0.23583947,0.31171682,0.7609477,-0.2644912,1.027834,1.0213604,3.3447804,-0.054229498,1.3158715,2.3158567,-0.35548013,1.0882881,2.2071416,0.049329534,-0.8662,1.0758327,-0.2426629,-0.78431344,1.4890249,0.62976265,0.5600538,0.9768374,-0.5496303,0.7253147,-0.3923439,-0.62927556,0.56747687,-0.36214894,-1.4687763,-1.4930034,0.6309676,0.78794634,0.8271438,-0.38072097,-0.0066950023,-0.48720753,-1.0873418,0.5753875,-1.8496296,-0.42858395,-0.023899794,1.5584234,0.079602644
-0.8045973,-0.3017454,1.0081941,0.4573627,-0.6632797,-2.0294847,0.50717616,2.4203954,-0.40617558,0.7617232,-1.2490638,2.0423322,0.07427752,-0.6414082,0.38964564,0.2465857,3.2697635,-0.32959804,0.3960725,-0.22002855,0.53252524,-0.2870729,-1.0348916,0.66332585,-0.5503468,-0.40060797,-0.35094735,-2.2495,-0.67712253,-0.23821814,1.0019804,0.7443272,1.4692751,-1.0853779,0.7905793,0.67419815,-0.3145842,-0.3968588,-0.3793368,-0.12244955,-0.6189588,-2.172502,-0.1622746,0.61828434,1.6892145,0.397404,-1.3391799,0.54377854,-3.5566094,2.0332835,-1.7788513,0.84745413,0.79803085,1.4063537,-1.280684,0.34544727,0.11546135,0.7801322,-0.5946462,1.4887706,0.6611229,-0.10422957,1.8440838,3.8006744,-0.14646146,-0.28575385,-0.021389425,1.7207471,-0.9640701,0.6119329,-0.74132526,-0.78408927,-0.70867854,-0.16129744,0.9749003,0.71984303,0.5263318,0.109298974,-0.7809098,1.2227491,0.019228935,0.89632344,-0.87440765,1.0203509,-0.040797472,0.18833414,-0.22607645,-0.10858944,0.27609578,0.68585396,-3.2064877,-1.6107101,-1.0000284,-0.45175523,0.24085015,-0.11825198,1.0037788,-0.02282381,-0.27268827,-0.33248508,0.3855891,-0.11410794,-0.51923096,1.7274286,-0.28044844,-1.2436819,0.29212257,-0.089173615,1.0819123,-1.2350378,-0.03114736,0.87176657,-1.0304263,-0.9262996,2.9140382,2.6002202,-1.8595961,-0.4555413,0.90438616,-2.376568,-0.49791792,-2.028574,-0.85799515,2.6347427,-0.045032397,-1.5861995,-1.4760219,-0.84544325
-0.30934432,2.4903588,-0.9538948,-0.40235615,1.0157388,3.7979848,-0.91952896,-0.87117624,0.23037891,1.3250626,0.059718724,-2.9816098,0.483369,-0.1471951,0.9639365,0.9412886,1.4826887,-0.8369157,-0.37445962,-1.5788949,-3.0676558,0.000603348,0.87926924,1.7131327,-2.0120146,-0.48759043,-1.1303661,-3.0817504,1.6254933,-0.47712028,-0.53527147,0.2319076,-0.5833427,3.099071,0.23023582,3.460209,-3.111981,-0.3161947,1.5771765,-0.73559624,0.25880137,0.13610303,-0.41137528,0.92571914,-1.087747,2.3804686,1.1251285,1.3738359,1.2655673,-4.3691053,0.9669961,0.24933559,1.0095967,-1.2761204,0.7434642,-0.2752157,0.42036724,1.0291052,-2.3161125,-0.60215765,1.3281308,0.8537256,2.7574136,-0.57278407,-1.1155931,-0.6274368,-2.3476293,-0.8171332,2.3462293,0.9715989,-0.26821953,-0.6810913,-0.8497873,-0.14695582,1.6594183,-0.636699,1.8498485,1.5673645,1.7732594,-0.0996902,0.66674244,0.01729627,-1.8757225,-1.9986424,-0.12219259,0.39535615,-0.8555019,0.71377915,-2.0807097,-2.1408017,-2.1099243,2.948756,-0.059408545,-0.5258506,-0.05450049,0.29902864,0.9580085,1.2031183,-1.1729723,-0.40391028,-0.763386,0.040598035,-0.8004989,1.4891479,-1.4949517,-0.48557848,1.9677947,-1.118814,1.2836342,0.2275519,-1.4600265,-0.74846476,0.51180065,-0.44711214,0.40517384,0.46266943,1.362458,0.39836216,1.0523525,-1.3818285,-1.6740623,-0.15064251,0.8556168,-0.7075006,1.0174623,-0.27121043,-0.81797135,-0.30870688
-1.3097019,-1.3151495,0.7404117,-0.25709832,0.60103047,-0.19047219,0.01936701,-0.5635818,-0.13482937,-1.8155977,-2.221562,0.96153706,0.59954995,-0.6286862,0.38089466,1.3909497,-0.77869225,-1.0298924,-0.9807751,1.4478276,2.8567371,-1.0310998,-1.4120502,-0.7167367,0.7411442,-0.40668237,-1.1157043,1.7777388,-0.7084099,0.22004284,0.22051823,-0.60896194,-0.85365844,-1.3201824,-0.11373754,0.0044472516,-0.30499694,0.1557457,0.56223893,-1.0656538,-0.29436472,-1.3466747,0.5506397,0.91451406,-0.98180807,0.33749142,-0.16468202,1.6236885,0.8894707,0.2813333,-0.513751,1.1631243,1.0370268,0.69611293,-1.016571,-0.54210126,0.50215256,0.95462626,1.0752604,1.1041087,0.49177694,0.10455679,0.94577503,-2.4819527,-0.3093503,0.7019503,-0.43913865,0.21747676,1.179332,-1.0901911,1.502392,0.0085478425,-0.38827676,0.33138344,-0.10052319,1.1354558,-0.62188524,-0.5734093,-0.3926313,0.22812352,-0.101939104,-0.85969114,-0.24144265,-0.698407,0.9144146,-0.7581619,0.5626666,1.7885973,0.3914789,2.0595207,0.4376207,0.4248809,1.1241277,-0.4850163,0.67146796,0.195606,0.18085498,-0.2419317,0.11273849,-1.7423294,-0.35461715,-0.9386158,0.15857565,-1.0155294,1.4328578,0.8586694,-0.3280686,1.2744541,0.4011507,-0.32594365,1.0772789,1.1528802,-1.2762005,0.5308074,-1.6240845,-0.6951804,0.021713443,-0.8118708,0.5694979,-0.35783792,-0.03889975,-0.38310403,-1.7837943,0.752396,-0.5979107,0.4846208,0.53240716,0.2733875
-1.2752389,0.17214887,-0.086271435,0.41801828,0.0048256665,0.3618438,0.22202754,0.8626335,-0.28770152,-0.66982526,0.07643628,-0.36555195,-1.052823,0.8598706,0.254776,-1.0021948,2.3228712,-0.5477864,-0.5973178,-0.7243577,-1.6283873,-0.7098626,0.077782005,0.25168535,-0.97851336,-0.36979768,-0.5881313,-1.7951865,0.82407564,-0.41810545,-0.59966874,0.6374357,-1.1678698,0.7388743,-0.9994397,1.1458018,-0.50561786,0.057623684,1.108433,-1.2695987,-0.44360438,-0.5769402,-0.5964891,0.8847989,0.87643147,1.7650429,0.75484186,-0.07650187,-0.59172606,-0.7610942,0.130184,-0.3761222,0.37460536,0.26774982,0.2558152,-0.3241696,0.4750589,0.36138007,-2.1074462,-0.69922155,0.56001616,0.99161315,2.6753936,0.75256354,-1.5067563,-0.98912376,-0.61568856,0.17012468,0.26856422,0.8278297,0.45233706,-0.3005492,0.9152528,-0.27231333,-0.067143254,0.3172734,0.59579915,-0.20348701,-0.014798671,0.91983426,0.060382172,0.39157254,-0.4235185,-0.7817877,0.10459298,-0.57682854,0.8573922,0.8672186,-0.29985768,-0.95944506,-0.44231826,2.2145329,-0.69962853,-1.1548903,-0.53133166,0.8363797,0.046262562,1.078185,-0.34623256,-0.37094206,0.56080616,1.0636542,0.34769985,1.8411177,-0.64994466,0.4208676,1.1631081,-0.47296113,1.0161797,0.20504963,-0.4571842,0.7797402,-0.71799815,0.15253699,0.87034005,1.8037846,-0.43444043,-1.0136945,0.6971504,-1.1372578,-1.362253,-0.27117813,0.41874498,0.28833622,1.1932087,-0.41020676,-0.080081284,0.23490141
-0.3897316,-0.6945589,0.57931393,0.8322179,-0.00863114,0.24880433,0.013200164,-0.047032088,-0.1605377,0.32808286,-0.81393754,0.38479167,-1.5626035,-0.25875127,0.22737196,-0.32353875,-0.08713943,-0.362732,-0.95336765,-0.40920556,0.12737909,0.38058883,-0.59368736,0.062768444,-0.23796368,-0.9126298,0.18713655,0.054108813,-1.062779,0.44797328,1.7672157,1.0216479,-1.3148603,-0.39168316,-1.0651754,-0.82479525,0.21277739,-0.41290793,0.66060257,0.3995212,-0.18040082,1.041635,-0.3720166,-0.57618237,-0.9664884,-0.73040855,1.2663347,0.64999074,0.26398367,0.024978563,0.5796507,0.54614097,1.211612,-0.8521005,0.28823805,0.6931983,-0.6181531,0.8783512,0.19403931,0.48997247,1.1387964,0.5906987,0.92919314,-0.55814826,-0.98734003,0.36511636,0.6197828,0.96521664,0.67021155,-1.0671775,-0.51465344,-0.923072,-0.03124488,0.4069846,-0.7088681,0.615294,-0.10132521,0.39549664,-1.3184749,0.8968936,-0.480777,0.5241777,0.31208393,-0.43075264,-0.06987518,-1.1168106,-0.2765383,1.2870622,0.84984976,0.037806563,0.041749723,0.9420674,0.06735234,-0.3689445,-0.3350472,0.70547235,-1.1472696,-1.3046077,-0.1215456,-0.120901495,-0.33019605,-0.40679377,0.39247894,-0.84419817,0.94778854,0.5517098,-0.670329,0.16137967,0.09166628,0.6190063,0.12661001,0.72284937,-0.42952198,-0.22696066,0.37723112,-0.29284048,0.107870445,0.33136463,0.9660327,1.1049347,0.50643975,0.24153456,-1.0135078,-0.38497677,-0.20402896,0.3074696,0.3084969,-0.01766166
-0.8533424,-0.43979937,-0.55500567,-0.054899663,-0.4903232,1.0293226,-0.17480633,0.27711952,-0.30585662,-0.08386141,-1.2656462,-0.44043118,-1.2896608,-0.29269907,-0.1027001,0.30603272,-0.710164,-2.784027,-1.7001648,-0.150745,0.37831724,0.087542474,-0.43129855,-0.2072466,-0.30137295,0.094090104,-1.2890759,0.6236052,0.013268024,-0.36772406,0.944998,1.470653,-1.0066555,0.86887485,-2.1152601,2.1123989,-1.5862615,-0.29755485,0.56853485,-0.94985396,-1.0490758,0.47444704,0.038273662,0.24576984,-1.7107141,1.6639957,1.4020845,0.89897764,1.4012036,-3.5357933,0.46883318,0.36653444,0.72065663,-0.7408058,0.8193477,-0.39914235,0.8070601,1.6395864,-0.78340375,0.32525915,1.8444753,-0.3809371,2.6354651,-2.0524025,-0.6711694,-0.55805314,1.3126957,-0.9928669,2.4801555,-1.7653074,0.009186804,-1.2248194,0.38586503,0.8230093,-3.0308623,0.15762362,0.34399113,0.20742886,-1.847681,2.0558414,-0.33586523,0.8517121,-0.5659317,-0.5289559,0.76475924,-0.13340044,-0.02686727,2.511464,1.2637603,0.5913882,0.30575252,3.7945232,-0.93187094,-0.47550285,0.84229374,0.5450353,-0.17292994,1.6544447,0.1199362,-0.9075839,-0.5894249,-0.14352858,-0.29293892,1.2397797,1.0784678,0.5721606,1.2263653,-0.76340234,1.4965124,0.08434862,-0.29820576,0.12239787,-0.24857914,-0.76463133,-1.6414208,0.1697207,1.1120733,0.10838196,0.5658041,0.18015027,0.12668277,-1.4649727,-0.40903836,-1.661088,0.13100064,0.22269411,1.106791,-0.09746404
-0.84430814,1.3990003,-0.2054913,-0.10408804,0.48404777,1.0153642,0.6711029,0.3189397,0.0016865283,0.49803567,-0.2039105,-0.47483826,-0.4848209,-0.057819277,-0.17469305,-1.5414486,1.489763,0.030976415,-0.8724843,-0.8537781,-1.4248204,0.64795744,-0.044181615,-1.0883803,-0.2720926,-0.92026675,-0.20906962,-1.2764053,0.715666,-0.050086506,1.0563486,-0.06510596,-0.13156343,0.95417833,-0.052425116,0.5713967,-0.5652913,-0.7773334,0.064198256,-0.86307496,-0.3839159,-0.22123767,-0.105921686,1.1580482,0.23734061,1.0942159,0.06435157,0.16544381,-0.65904856,0.08737308,-0.70547295,0.022417791,-0.92745775,0.12093416,-0.3239873,-0.51845247,0.11715904,-0.051241815,-1.96877,-0.78936946,0.12042666,-0.36389562,0.5642643,1.6474931,-0.12025592,-0.6006688,1.61762,-0.2924392,0.4183575,0.95061,1.2356021,-0.39603645,0.64628565,-0.8035407,0.18119864,-0.050693624,-0.094126165,0.47824356,0.23425935,-0.12288506,-0.7492448,0.799508,0.79405546,0.661134,0.24108587,0.30466098,0.78741705,1.6053388,0.9585762,-1.1340319,-1.4307158,0.55918735,0.38004887,-0.8807169,0.56592995,0.9021825,-0.5527792,-0.21611571,-0.5519146,-1.0088859,-0.15121353,0.29329753,-0.89353544,1.2044317,-0.29957208,0.105775855,0.23301247,-0.27737266,0.0452704,0.8246928,-0.32155448,0.76275635,-0.076768965,0.07536183,1.2378466,1.0154371,0.021603018,-0.49022177,0.67200583,-1.3500485,0.14234418,-0.7424433,1.398268,0.23019023,1.8561417,-0.36606103,-0.11664155,-1.2423699
-1.2931849,0.67706513,-0.7128786,0.528635,0.3696257,0.38706943,-0.6557019,0.23925528,0.043292493,-0.23630226,1.2208395,-0.5073227,-1.1251706,-0.33745944,0.3634839,-2.5979745,0.6258313,1.969222,-0.29723236,-1.0443654,-1.7455065,1.1036773,1.2170231,-0.71166766,0.68678164,-0.6423751,0.9099684,-1.5713117,0.61439705,0.007211983,0.8951037,-1.0029356,-0.3451119,0.34769702,0.45849028,-1.5782375,0.45316464,-0.5234715,-0.143166,-0.4882968,-0.06204877,-0.13137738,-0.008210629,1.0355384,1.3599881,0.025297046,-0.31400806,-0.47393566,-1.6587322,1.2430624,-0.15312828,-0.36592835,-0.10182031,-0.34389025,0.16214076,0.3152107,0.30637187,-1.3015673,-1.1537247,-1.1712561,-0.93077064,-0.12665077,-0.98209023,2.3397772,-0.28123966,0.7233882,1.1881826,0.01712966,-0.44594502,0.71959674,-0.06354371,-0.98348343,0.8829404,-0.26821607,0.20637962,-0.9082429,-1.5026927,0.9672536,0.5985849,-0.9565717,0.020097703,0.918682,1.3453245,1.3278987,-0.61071813,1.1378874,0.55206984,0.47011822,1.1598569,-0.828883,-0.62756884,0.042259887,0.07465139,0.0018738657,1.0945158,0.36304045,-0.552145,-0.6128585,-1.3399947,-0.3932109,0.6388431,-0.014277909,-1.1106173,-0.06282048,-0.23525259,-0.23014145,-0.48380306,0.7321982,-1.0821326,0.1991066,0.9859469,0.6706577,0.45153958,0.27113378,0.92627853,0.5889883,-0.18746568,-0.4678436,-0.003969133,-1.133394,0.7064283,-0.28055435,1.5638614,0.58259445,1.2061465,-0.28337327,0.17270523,-0.95028013
1.306899,-0.09466499,3.0545382,0.68404806,-2.3396673,-1.488062,1.1443329,0.4058813,0.6196042,0.029787779,0.012190193,2.7184458,-0.30791593,0.34998417,-0.4890151,0.63120836,2.0786514,1.2497545,1.5425062,0.23358724,-0.0815621,0.18353187,-1.9495099,-1.0115206,0.47252405,0.9149526,0.8822472,0.46663263,-1.3765472,-0.14811939,-0.20162882,0.36873388,1.3037403,-2.1950765,1.6662605,-0.14043094,0.8103153,0.22820258,-1.3849418,-0.45831227,1.1192462,-0.52053744,0.22636953,-0.84017766,0.3295021,-2.0327697,-0.9183089,0.14975831,-0.36066917,3.0603528,-1.5972886,0.3435986,-1.9955207,-0.065414056,-0.14122978,0.3243795,0.26240847,-1.7155583,-0.27208394,0.36321545,-1.6141058,-0.11122158,-0.18470971,2.4568605,-0.15977576,-1.0583377,0.2710028,1.4828721,-1.3219076,-0.89234424,1.2744058,0.6144244,0.6804276,-1.2725441,0.75700533,1.2861155,-0.5945155,0.52996075,-0.5873871,-0.55370486,-0.18872342,0.87068397,-0.7012795,2.581215,0.5993249,-0.6635227,-0.69625396,-1.801753,1.8547082,-0.23616934,-1.6481307,-4.5483017,-1.3824729,-1.7616644,-0.48943383,0.47335178,0.00081035495,-1.2595268,0.7302239,-1.2705814,-0.04408288,-1.1045732,1.3472134,0.012968168,-0.32666767,-1.3346814,-0.10377212,1.3686855,-1.6990345,-0.67451817,2.0580354,-0.18044004,-1.0088115,0.1855287,1.1340954,1.0215538,-1.6688458,-0.30737078,-1.130468,0.15940762,0.22515762,-0.48411515,0.05861318,2.1387825,0.25653908,0.44960538,-1.0408969,0.6675083
0.13424848,-0.8617197,0.8593313,-0.09066306,-1.2398778,0.6446106,0.8508263,0.46767408,0.4428653,-1.0351231,-1.354593,0.43166092,0.6149044,-0.96357363,-1.1085353,1.7267754,-1.4736736,-0.9944612,0.46154153,0.3942486,1.291164,-0.18186468,-1.773088,-0.61053836,0.60862154,1.0279253,-0.4857879,1.9346939,-0.588271,-0.52830684,0.655575,1.0818574,-1.3065226,-0.9374968,-0.26679483,0.8791046,-0.41488868,0.15982336,-0.8621161,-0.89371586,-0.30518138,-0.41239774,1.1428456,-0.21434689,-1.5990155,0.14307013,0.37967473,1.2087661,1.5991439,-0.7993691,-0.47542012,1.5574275,-1.1788937,-0.7770402,0.4672619,-0.45536157,0.26611486,-0.063108355,0.94682735,0.016518518,0.29003155,-0.49891114,0.41874325,-2.1802607,-0.28604952,-0.7228539,-0.4783767,-0.4378242,0.44808352,-1.2772667,1.1692424,0.34093985,0.7069055,-1.1317141,-1.4716291,0.18294226,-0.21037588,-0.18199661,-1.5802224,1.0078706,0.5125887,-0.7556958,-1.4091007,0.12772658,0.36633432,0.31187147,-0.13353689,-0.27389437,0.9584597,0.33733258,0.1863552,0.19376716,0.3994326,0.29482472,1.0277493,-0.41938412,0.1397017,-0.59173536,1.2569115,-1.7157583,-1.3350391,-0.799121,1.105193,0.42737228,1.1228938,0.93115354,0.15516958,0.76727307,-0.48965424,0.1572533,0.4487512,-0.41187912,-1.3045144,-0.56205857,-1.5042553,-0.7733659,-0.24034184,0.29900268,-0.25428542,1.1427987,0.21575734,-0.3450818,-0.1281201,0.34427553,0.7186354,1.4078481,0.9924621,0.22611062
-0.63345283,1.9302915,-1.4378617,0.35765764,1.2819852,2.9398742,-1.3813027,-1.835115,-0.5711735,1.0619231,0.6476534,-2.3927188,-0.26643407,0.50227505,-0.14956787,-0.76445484,0.6556559,-1.3834444,-2.1483264,-0.58597744,-1.8065429,-0.4472493,1.114656,0.62136304,-0.81133294,-0.1686862,-0.74495685,-2.220694,0.55232805,-0.75538456,-1.2101845,0.65165,-0.40981033,3.0840683,-0.7266681,1.6457254,-1.4812078,0.036447763,1.5976338,-0.24703509,0.52361953,0.79804975,-1.2287043,1.1527941,-1.9266686,1.4029747,1.9011104,0.5778105,1.4010388,-4.138651,1.4499712,-1.5037212,1.5516322,-1.0336266,-0.014626414,0.10879618,-0.116009116,1.7150638,-2.2541232,-0.6579168,0.8999895,1.0926278,2.3765154,-1.4685894,-0.3193087,-0.63268095,-0.24235097,-1.3905566,2.443405,1.0811739,0.17494702,-0.7437376,-0.34425166,0.61748207,0.2479142,-0.7648505,0.7287995,0.75612855,0.92155343,0.9371259,0.39836657,-0.2029484,-0.29094046,-1.5170013,-0.7460667,-0.6400677,0.51909184,2.5389493,-1.835507,-1.5706093,0.02745685,3.5665817,-0.00027267635,-0.7167474,-0.42055085,0.79059595,-0.3583122,0.49448746,-1.3465583,0.25417677,-0.83508205,1.031369,-0.62412584,0.6788356,-0.6268923,0.6923719,1.150162,-0.8735281,1.148026,1.0116007,-0.587881,0.072033554,1.3330066,0.23412353,-0.009064317,-1.481211,2.4240756,-0.6235018,1.8740422,-1.1004603,-0.70830226,0.7493598,1.4624652,-1.1862879,1.0788108,-0.36371943,-0.43366396,-0.056510955
1.0357378,-0.7285554,-0.045610964,-0.047205776,-0.18091676,0.94563806,0.6023817,-1.0224084,0.16606241,-1.0699567,-1.1966076,0.23252499,0.109704345,-0.15404391,-0.5521721,0.56316316,-1.250684,-1.1299758,0.8808335,0.1117651,0.8962555,0.5912641,-0.71377635,0.026905198,0.098974094,-0.574231,-0.3023886,1.5477469,-0.78182,0.75834787,0.8426579,1.178299,-1.710031,-0.19808973,-0.61199605,-0.8238199,-0.08967008,-0.38426507,-0.6207648,-0.6311894,-0.06991118,0.42805097,0.7591432,-0.45145142,-0.5912,-1.1166805,0.08040795,0.75520355,1.6254972,-0.48556304,0.008192822,1.1803573,-0.043043226,-0.6652792,0.30736604,-0.12448442,-0.49779433,-0.6683972,1.5892441,0.5545804,0.091034606,0.4398577,-0.42905957,-2.4717598,-0.7499411,0.81102276,0.07892896,-0.6014985,0.22844712,-0.8676355,0.4598561,0.607234,-0.520512,-0.59898794,-0.24487634,0.8079668,0.18665442,0.37749863,-1.3599195,-0.10807301,-0.17645034,-0.6684155,-1.3553642,-0.34219146,0.66779804,-0.80311763,-0.29499978,-0.027005157,-0.2520076,-0.22422007,0.5630858,0.27659774,0.7277595,-0.315164,0.6979615,0.13150021,-1.0973719,-0.89370394,1.0018517,-1.1688237,-0.8631272,-0.65686977,1.1604142,-0.70281255,1.2384622,0.5776812,-0.87614447,-0.4022302,-0.28002316,-0.43391657,0.25757882,-0.97563475,-0.83710086,0.6063528,-0.7400715,-1.2638063,0.5660283,1.0640765,-0.54219246,1.311003,0.078327924,0.91840196,-1.071036,-0.71289325,0.38250554,1.0089571,0.9358918,-0.07976243
0.025494933,1.6235051,-0.15523404,0.47332987,0.098202944,2.716916,-0.53359234,-0.79533756,-0.13880742,1.0734468,0.973711,-2.1837807,0.48077342,-0.023469105,0.43064058,0.12903845,2.8623667,0.82105255,0.33952194,-1.2776145,-2.6729126,0.3565851,0.5273953,1.0828234,-1.4389642,0.17794254,0.30625027,-2.3704085,0.8644335,-1.5382508,-0.8742233,1.2189938,0.11604069,1.5631565,0.9941172,2.1945555,-1.4960382,-0.8034214,1.2354518,0.028528273,0.8492868,0.28475836,-1.4080087,0.73782414,-1.4134591,-0.289125,1.4021877,0.4366942,1.557128,-2.8683255,1.637321,-0.20305824,-0.87504995,-0.6865921,0.9018115,1.083076,0.22063386,0.32155657,-3.1815472,-0.3274163,-0.5370498,1.172709,2.6223123,-0.07678115,-0.6966512,-1.155955,-1.4704467,-0.82807505,1.57293,1.422136,-0.44938093,-0.1303375,0.4841807,-1.182517,1.2182305,-0.75424916,1.4274976,1.6236553,1.052735,-0.20084798,0.6297934,-0.5463432,-1.4190979,0.03928721,-0.12556194,0.061985195,0.2329903,0.14638954,-1.4553359,-2.7664356,-1.7499357,1.5280546,-0.71204185,-0.23694643,-0.39380962,-0.4658978,-0.098975495,0.33907443,-0.97891575,-0.2086971,-0.6412831,-0.48094052,0.3735634,1.7729614,-1.3355085,-0.9126361,1.708883,-1.6023085,0.71388745,0.41736457,0.04999355,0.3351488,0.72076285,-0.6370278,0.07475904,-0.114205,1.0715753,0.38990873,0.036781937,-0.74427307,-1.2230628,0.5069064,2.0843134,-0.6478598,1.0968052,0.18503207,-0.7033752,0.74533015
-0.515671,2.1256633,-1.0288632,0.11978857,0.85532826,1.8501441,-0.66464466,-0.7858316,0.97805846,0.3498718,0.7793861,-2.7632518,-0.74787766,-0.35533503,-0.23164515,-2.5636554,-1.305162,-1.3239939,-2.1568735,-1.3770906,-1.2713681,1.7780633,0.64811754,-0.2990496,0.07857758,-0.6092478,0.5725842,-0.57631683,-0.29556856,0.14026138,0.9692917,-1.1134937,0.264461,2.3545494,-0.79324627,0.6594613,-0.1088426,-0.90122366,-0.2964921,-0.8838295,-0.70070827,0.52585447,-1.1028622,2.0583544,-0.8932754,2.5427575,-0.21226478,1.1963694,-0.3339255,-2.2992435,-0.05280582,-1.3948649,1.4381032,-0.17051649,-0.5042439,-1.1382754,-0.0088377595,0.652133,-1.4769237,-0.4744719,0.44011998,0.1879268,0.81450874,0.8110753,-0.7361978,0.9576681,1.678034,-0.5644086,2.2502317,1.3901091,0.05407971,-0.8496144,-0.26078707,1.6306204,-0.48254132,-0.2567503,-0.4083835,-0.40993056,1.1128048,0.8800517,0.28017408,-0.017620951,0.92260873,-1.1351051,-1.4268284,-0.19426137,-0.56377923,2.193531,-1.0382618,0.005019501,-0.14386368,1.2226369,0.4859594,0.4162718,-0.23751977,0.736513,0.05719199,-1.3578395,-1.2536188,-0.708063,-0.15352388,1.0226562,-1.4116753,-0.592518,-0.48507237,1.2955422,0.38567442,0.6134964,-0.06281789,2.2138295,0.082670465,-0.5326229,0.54096615,1.414918,1.190398,-0.9957751,1.9885455,-0.21665812,2.137251,-1.3237739,-0.49998984,0.13627377,0.88099205,0.33310866,3.3921773,0.008925647,-1.112877,-2.1933303
-0.93438613,0.12695932,1.9948924,2.0667808,-0.24205947,-1.192832,0.41862875,0.24573463,-0.7513255,1.0778646,-0.74448156,3.1511474,0.62088305,-1.7820961,0.39056104,1.620014,2.3819933,-0.028851725,-0.3643286,1.011096,0.11869553,-1.7353877,-1.6280025,-0.05663176,-1.6288433,-0.43910718,0.2103585,-2.3778129,-0.46209738,0.49270624,1.4243896,1.5346606,-0.92306864,-1.2144468,1.395875,-1.5737848,2.0536208,-0.46201107,-0.62314624,1.5436964,1.5794656,0.42066446,-1.0022326,-1.0977528,0.57706004,-2.3241267,0.77175575,-1.8414298,-2.8024507,3.5489016,-1.4745064,-0.6292143,-0.6418701,-0.8009643,0.24846384,0.42610356,-1.4756944,0.7354085,0.25493634,1.2669219,-0.602057,0.56902784,0.31182218,1.8884338,0.8779626,0.004603088,-0.018009175,2.2809439,-2.2988384,1.3350344,-0.55712914,-0.721306,-1.9022655,-2.8349242,1.7961478,-0.6777736,-1.0031805,-0.008521289,-1.5162945,0.3069161,0.5197914,1.504095,0.1910386,1.6350651,-0.9196484,1.4455895,-1.3035333,-1.1343853,1.3187809,0.29517287,-2.4227319,-2.539218,0.34151912,-2.2014666,0.31747895,0.95600533,-0.356057,-1.6588457,-0.33197153,0.03530553,-0.10382689,-0.82052565,0.9551698,-0.64023125,-0.44541824,0.77865237,-0.64158356,-0.21122336,0.7668137,0.367317,2.3597069,1.3382638,-1.9420136,-0.33284783,1.6510705,1.7807633,-0.1976136,-0.9398386,0.701146,-2.7137294,0.6771172,0.4722705,0.49367216,2.1749125,0.68734807,-0.84885955,-0.60980135,-0.021564603
0.67817533,-0.84659946,0.5540197,-0.4829536,-0.5721092,-0.96846586,0.80001485,-0.9946709,0.026390612,-0.42733687,0.78536654,0.9657673,0.10158051,0.7200874,-0.47683325,-0.84966254,-1.4079418,-0.1260825,0.66391474,1.5765319,1.9186215,1.627836,0.08499058,-1.1746712,0.2126578,0.6535628,0.81627315,2.4990115,-0.6715826,-1.2069805,1.029074,0.038521945,2.0476158,-0.65294087,0.88728565,-0.8441944,1.6595268,0.4065036,-0.62719154,0.38509554,-0.9764588,0.5352318,-1.2885696,-1.085936,-1.0350223,-0.5628358,-1.4967442,-0.42432263,1.2752497,0.3310102,-0.4257719,-0.64771485,-0.33236247,0.30424365,-0.3765797,0.1733731,0.14739722,-0.48432204,0.7951995,0.3170033,-2.0393567,-0.40216592,-1.3615699,-0.82404244,0.44395453,2.115071,1.2875277,-0.5169292,0.48536357,-1.1510732,-0.50313514,-0.5267225,0.050147824,0.8763252,-1.1770866,0.3180014,0.8233391,-1.0306826,0.43607098,0.034343228,-1.3146465,0.067037016,0.52752054,0.49644154,0.8374352,-0.567563,0.30407855,-0.7831309,-0.98089564,1.1379998,1.7479826,-2.133329,-0.42250863,1.0068792,0.19825804,-0.6343584,-0.71407413,-0.41278192,0.8590988,1.062649,-0.30405667,1.5775379,0.11013656,-0.09323389,0.81693316,-0.46592683,-0.67557096,0.2439152,0.426557,0.36847013,1.6736053,-0.97046995,-0.25916162,-0.126683,-0.739009,-2.0637755,1.2486362,0.7494458,-0.28428057,1.4868234,-0.5190857,0.5666487,1.1853882,-0.6526706,-0.020384505,-0.5073726,0.34353393,-0.9935715
-0.088989794,-0.47047246,1.1462306,1.7798644,-1.2300547,-3.4220533,0.59562945,1.6817148,-0.5763438,-0.68319595,-0.28692645,2.7555852,0.84307164,-0.6457671,0.16651905,1.4929332,3.4873168,0.98891366,1.6277,-0.23124823,1.545057,0.16998932,-0.71496403,1.4759169,0.50369334,-0.9350305,2.6645443,-0.8978829,-1.7714765,0.053303123,0.047724374,1.3560426,1.9972932,-2.9001808,1.5076841,-1.3210702,2.8820891,-0.25984356,0.391285,0.18020411,-0.10926008,-1.0903769,1.2769289,-1.1276288,2.5138376,-2.2751608,-2.2912536,0.49281186,-2.7511282,4.628091,-1.7865354,-1.2644413,-1.3712611,0.6862254,1.0283861,1.2111526,-0.1884476,-1.0415854,0.1887191,1.9266082,-0.032811895,-0.26643443,0.12702265,2.5283291,0.5405656,-0.33408308,-1.275596,1.9408023,-1.6208477,0.7631829,-0.6260587,1.1771933,-0.3860553,-2.2154124,0.59374535,0.8663102,-0.54272157,0.38515446,-2.0576513,0.24188219,0.99159,-0.6607906,-0.21446526,2.018123,-1.2336743,-1.0007688,-0.38384172,-2.6191082,0.6980449,0.4536174,-1.1559458,-3.5316656,-1.0591825,-0.14347558,-1.4282557,-0.50595075,0.19515906,-1.578343,-0.1514701,-0.92703426,0.90029097,-0.0941166,0.66637695,0.5659586,-1.7081579,-1.6381159,-0.563697,-1.0208274,0.14740694,-0.6679397,1.7697358,-0.30624598,-0.48842695,0.17611384,2.3201556,-0.75966114,-1.0407724,0.010879951,-0.88232565,-0.6782896,-0.8546853,-0.23266454,-0.40262005,3.0011215,0.80751723,-1.8049791,-1.8981445,0.8916134
-0.8438745,-1.2475793,1.2334069,-1.2819002,0.14439054,-1.416193,0.520384,0.3966988,-0.39689842,0.4929788,-0.87917864,2.6335063,-0.5135731,0.6620316,-0.5997983,-0.4276545,0.34283194,0.7164228,0.7472449,1.8004366,1.2197049,0.39049685,0.8339449,-0.17364047,-0.12425721,0.701638,-0.9801426,0.63573325,-0.768584,-0.78222287,0.66950095,0.6476866,0.3345786,-1.2864134,0.8425412,-1.3244987,0.87694496,1.0379949,-0.19259492,-0.4526894,-0.20428309,-0.4301542,-0.8980752,0.015006304,0.27719772,-1.1242621,0.3280022,-1.1831814,0.08093266,2.254707,0.28717697,0.08710611,0.3079896,1.2208366,-0.93962604,-0.71374893,-0.25826675,-0.19473696,1.4684786,0.18540627,-0.4217698,-1.1356279,-0.62362677,0.108104244,0.2330246,0.33144218,1.2809865,2.1356373,-0.7938085,-1.3298786,-0.16876179,-0.6520651,-0.11033508,0.6762364,0.6494752,0.9443631,-0.42788473,-1.649752,-0.12546626,0.6005775,-0.7925922,-0.08939299,-0.36026943,0.7048604,0.16397718,-0.38538852,0.8687551,-0.2964307,0.21669161,1.5897377,-0.26735425,-2.2226946,-1.1827565,-0.49115142,0.70540243,0.78119045,0.65196496,-0.18449607,0.9701011,1.0166821,-0.39098153,-1.018096,0.39924404,0.0069621205,0.42909887,0.7268085,-1.3649899,1.5857539,-0.53185105,-0.3757202,0.8166947,1.105798,-0.9989701,0.09900853,0.75350165,1.0358777,-2.3040104,1.2412415,0.90767974,-0.00020266324,0.44889072,0.31790757,-0.17277013,0.2577391,-0.8467852,-0.37207314,0.65263903,-0.7377397
-0.18870568,1.8434672,-0.43107307,0.6737124,-0.13479015,1.5108395,0.11560942,0.49524742,0.102006644,-0.31306595,0.7895057,-1.6398277,-0.25615767,0.29188478,-0.10094929,-1.2146032,0.98628587,-0.930001,-0.89402854,-0.67255783,-1.9777436,0.3655849,0.609705,-0.79613405,-0.8513243,0.013090193,-0.28896,-1.5784444,1.2670792,-0.93071544,0.3247751,0.015252244,-0.3868795,1.4794805,-0.06323439,2.5778546,-0.7587395,-0.4723236,1.1490743,-0.45626792,0.36864555,-0.07959759,-0.25395346,1.0478452,0.21934152,1.5002043,0.2010648,-0.32608414,-0.42550233,-2.0866206,-0.07008198,-0.071128316,-0.9904399,0.43798965,1.0816377,-1.0251102,-0.090324104,0.689612,-2.5977,-0.64913964,0.061946005,-0.20573378,0.9506218,0.5484049,-0.3847779,-1.0051426,0.9608084,-0.6723027,1.2579844,0.853513,0.50459635,-0.44760597,0.98356223,-0.698691,-0.08897109,-0.5646354,0.3617443,0.23708986,0.3967339,0.22306213,-0.03285321,0.06452688,0.7653471,0.15585646,-0.06389809,0.7181463,0.5295327,1.0934925,-0.031157732,-1.0484897,-0.6850413,1.8060882,0.27831206,-0.58024746,-0.020230107,0.6275432,-0.1933518,1.2502341,-1.0151899,-0.37072745,0.16968855,0.4067856,0.38225335,1.8111857,-1.2426696,0.6696,0.8718242,-0.52249587,-0.32679075,0.5585935,-0.029766917,-0.05353357,1.1226147,0.41613224,0.46747705,0.57045954,1.1959106,-0.56898665,0.1594283,-1.5541987,-1.2082294,-0.6453126,1.957113,-0.09882969,1.9326184,-0.13159251,-0.8429135,-0.5884961
-0.88204885,-2.2935362,1.7928693,0.6553931,-0.3544136,-3.1902804,1.2102678,1.1025293,-0.76306915,-1.058821,0.35442847,2.3326125,0.4086699,-0.12432,-0.23214374,0.94903505,-0.09245576,1.4530382,0.54773915,0.7239264,3.2586865,-1.1748091,-0.7984068,-1.9027388,1.5192488,0.7738732,0.5771936,1.1246059,0.9973749,-0.41395122,-0.23271725,0.10510407,0.38315162,-2.804573,0.5549091,-1.964651,2.5541062,-0.39815181,-0.09930001,-0.55490404,-0.09794909,-0.42539176,0.6810283,0.035954356,1.2653896,-1.3005849,-1.3240858,-0.28034472,-0.9612097,2.915721,-1.4335027,0.063634515,-1.7578845,0.80576366,0.010640204,0.6821027,0.8174243,-1.8323162,0.66990256,0.62632227,-0.7585565,-1.0408795,-0.33683324,1.2126696,0.79489785,0.7310457,-0.5628134,1.4615788,-2.3098907,-0.29449877,0.09247702,2.0441658,0.3012721,-1.3322914,-0.42261326,0.7323675,-1.7876483,-1.5022287,-1.234217,0.13089773,-1.3300135,-0.17369094,-0.2717686,1.1252034,-0.51413035,-0.112131715,0.7263011,-1.7007586,1.301827,1.3905894,0.42459074,-2.7712777,-1.0564153,1.1446908,0.07271528,-0.68239915,0.15955873,0.5786162,1.0371237,-0.6407081,0.72959834,-0.87759423,0.8385132,0.45749682,-0.69378644,-0.3792127,-0.6255666,1.0745425,0.06486575,0.17280768,1.6211824,1.801069,-1.8879088,-0.3898632,-1.0159842,0.32254398,-1.593915,-0.5912911,-1.2625198,0.34340212,0.02592653,0.10898745,-0.36504203,2.2193515,0.23944347,0.47669467,0.64126146,0.4371121
0.36307847,0.22864622,0.19841655,-0.19514476,-0.15236688,1.9732242,0.9404447,-1.4284512,0.5777843,0.05556234,-0.30421034,-1.4201474,-0.6883069,-0.75875306,-0.5802855,-0.5931153,-2.099537,-2.7187817,-0.56546384,0.23429814,0.89043903,1.9647722,-0.9021596,-0.8589386,0.1563276,0.5838266,-0.55800724,1.4614078,-0.17117858,-0.9720057,1.3378991,0.37698364,0.03980595,0.59663177,-1.230328,1.5012615,-0.44648427,-1.4035536,0.20475793,-1.1898465,-0.6731801,0.63256466,-0.30893934,-0.20524845,-2.0126343,1.1442549,-0.65430063,1.4447049,1.4261098,-3.306809,0.5738909,-0.26878333,-0.27487257,0.5276545,0.36405563,-1.6952355,0.32643712,0.09570846,-0.84467673,0.5124057,0.9795513,-0.657344,0.7630969,-1.2211727,-0.7531866,2.4636195,2.2036543,-1.3876512,2.2873027,-0.71755683,0.72365767,-0.52525085,-0.93672884,0.47949854,-1.1420976,-0.37582502,0.43137163,-0.72469354,-0.9413664,1.1410427,-0.84444404,-0.20114943,-0.31261727,-0.5510175,0.8050297,-0.41136518,-0.8938319,1.3478572,-0.961082,0.36256784,0.32811373,0.6653308,0.58845323,-0.37429816,0.93865776,-0.48589313,0.36205834,-0.397284,0.35637197,-1.3368331,-1.1862221,0.1886904,-0.15769425,0.46367186,1.3370802,0.59794706,0.028138697,-0.20067213,0.58163494,1.4093843,1.0856247,0.061264783,-0.5241472,-0.28654802,-1.0722531,-1.4681215,2.3979435,0.6185038,0.5378338,0.8289701,-1.0226897,-0.6623624,0.2680651,-0.69386685,2.7995722,1.3730242,0.8520665,-1.0875573
-0.21839777,-0.346722,0.9237158,-0.56617296,-0.37598935,0.28400332,-0.8061708,-0.57698524,-0.0030140877,0.38379446,-0.62135077,0.18220411,-0.9037579,0.1907933,-0.3962487,-0.79547024,-0.5519587,-0.82975966,-0.7424176,0.17012638,0.21554051,0.72098356,0.15960014,-0.16209376,-0.7508745,0.83871603,-0.6878415,0.7797336,-1.4635496,-0.22101802,1.2870448,0.9174268,-0.12085882,0.3419956,-0.3946889,1.1940157,-0.13395105,-0.5226178,-0.6156755,-1.1137719,-0.96112716,0.40978038,-0.73698676,0.9042121,-1.3709689,0.66475165,0.41399148,1.5653864,2.3621244,-1.2846433,-0.32099694,-0.9116861,0.55061144,-0.061356634,-0.46971333,0.07020797,0.0658041,0.23833832,0.013216544,-0.07184504,0.47731692,-0.4404614,1.044131,-1.0261931,-0.37324446,0.6573813,0.6690754,0.7839363,1.2739577,-1.249688,0.2552214,-0.31534168,0.031582452,1.6186333,-0.81530863,0.9667666,0.14998025,-0.3735841,-0.85136306,1.2142576,-0.20351425,0.12657098,-0.33301127,0.40081728,0.3779637,-1.6381392,0.29879472,0.87091964,0.19601962,0.19554274,0.28120834,0.460223,-0.8070453,0.053858772,0.02379606,0.802735,0.033744484,-0.52315843,0.3173309,-0.95761216,-0.48041806,-0.71094006,0.70472264,0.4039709,0.39847392,-0.2221971,-0.45814276,0.95346576,-0.21358114,0.87307584,0.4301663,-0.8033412,-1.1715645,-0.30276418,0.47307855,-0.31174016,0.46866044,0.84197325,0.5259859,1.2273066,-0.12524688,-0.03907108,-0.101166755,-0.28824264,1.2185458,0.3014044,0.055468827,-0.47454274
0.1439507,-1.5863225,2.396208,-0.13399088,-1.3919655,-2.415054,2.737246,1.3715124,-1.1829822,-0.11178221,-1.0594574,2.8559644,1.051084,-0.41387275,-0.46973568,2.1573102,2.2972248,0.5160105,2.3116112,0.9855575,1.9908831,0.025035158,-2.5141482,0.44875085,0.062286794,0.45966223,0.26054847,0.6186432,-0.60891795,-0.9314431,0.5487833,1.847719,1.4684813,-2.3985596,1.6199381,-1.6061885,1.255172,0.41732168,-0.4445936,-0.89587784,0.27922422,-0.946683,-0.10988331,-1.0029819,0.30382556,-2.6889246,-1.4586698,-1.2397659,-0.20038311,3.1803613,-1.1755239,1.026823,-2.3305626,0.16286837,-0.61505437,1.3532338,0.6441791,-0.9178029,0.8327411,0.9555043,-0.8958844,-1.4901928,0.22858986,0.40190077,0.27589154,0.015861452,-0.23665847,1.3835686,-2.6452076,-0.38836947,0.53496397,-0.09089425,-0.34793228,-3.033907,1.3181266,0.40971047,0.7139852,0.3033329,-1.308095,0.13194974,-1.0474265,0.59451884,-1.6783515,2.0437574,0.14071,0.2636904,0.10330853,-1.7439398,1.1066246,0.12586942,-1.9270499,-3.22641,-1.1479684,-0.8706298,0.48299837,-0.52589774,0.047361255,-0.24573082,2.26759,-0.1339811,-0.334278,-0.8118996,0.575598,1.1573555,0.53960097,-2.3709931,-0.72487795,0.08001676,1.1687833,-0.091382764,1.5782366,1.4393649,-2.6308053,-0.91486347,1.2211647,0.92552674,-2.0333266,1.2627368,-1.4598397,-0.033008784,0.50790805,0.31717175,1.0892248,1.1276159,-0.6597525,-0.21460313,-0.040652275,0.8393029
0.12830481,0.62468797,0.5244625,0.6845675,0.05474329,-0.784492,-0.3485015,-0.076859295,-1.0615536,-0.15554784,-0.15470266,2.4033246,0.3177534,-0.6104874,0.09727578,-0.054830216,1.1852595,-0.043918245,0.25221455,0.6568017,1.4167116,0.7278553,-0.74991167,0.6844742,0.11886245,-0.35797262,0.78607595,-1.1707978,-1.9660171,0.18037301,1.486462,1.0932984,1.8713993,-0.76403075,1.872868,-1.6120498,2.1370404,0.094111316,-0.2838059,0.98613346,0.19374642,-1.076478,-0.28383756,0.8591653,0.73471427,-1.059675,-1.464838,0.41072977,-1.042418,1.7737412,-0.85127676,-1.2907069,1.627634,0.119342715,-1.2414377,0.5811447,-0.2800204,0.011093378,0.08652198,1.7229662,-0.9004906,-0.25695282,0.2927665,1.5507399,0.04982917,-0.0360837,0.48253834,1.7287972,-0.92372775,0.041574255,-0.621804,-1.193111,-2.130365,-0.743759,1.6804354,1.2593735,-0.3199196,-0.36125448,-1.3314402,0.53137165,-0.0071079917,0.86285144,-0.9390568,1.807492,-0.91328406,-1.5597506,-0.14032722,0.52892137,-0.03990259,0.28929538,-2.1411624,-3.1297445,0.00055762194,-1.4917716,1.0905805,0.45910603,-0.86519456,-1.6507648,-0.23539203,-0.029489309,0.0473935,0.64462477,-0.2383296,-0.18939221,-0.28689274,-0.84402084,-1.0595968,0.92786795,0.81685203,0.62309426,1.4082962,-0.45004174,-0.02479826,-0.06265724,2.8726783,-1.1559182,0.1744819,-0.12601672,0.37540126,-1.658503,0.50068885,-0.23491651,-0.1590732,2.3340945,1.8577387,-1.1521285,-1.2419403,-0.8904889
-0.83461773,1.9031518,-0.83598053,-0.57558024,-0.22491714,1.0515277,0.18666914,0.69970137,0.5424681,-0.39810282,0.11253053,-1.9649836,-0.9077088,0.27934033,1.0478151,-0.25605708,2.1788373,-0.6535475,0.56871164,-1.4959493,-2.7287664,0.28401798,0.34899503,0.68377286,-1.2699018,-0.39112815,-1.958498,-2.052454,1.7488298,-0.5040619,0.15677947,0.42467284,-1.30783,1.9691699,-0.7177415,3.279751,-2.211351,0.24228662,0.39772868,-2.0988383,-0.7908535,-0.76657057,-0.10644269,1.2684937,1.016488,3.2093306,-0.45249063,1.6172571,-0.10780609,-2.5198731,-0.04258177,0.047341734,0.06850049,0.43662992,1.2331474,-0.6433917,0.7713652,-0.20582867,-2.1874228,-0.6078023,0.939063,-0.013417847,2.8402119,0.34723073,-1.6018918,-0.9667185,-1.0503087,0.20845497,1.9725738,0.6181597,0.7946811,-0.912126,0.5380877,0.28329802,0.10285797,0.4819419,0.7016542,0.56754774,0.4751007,0.5080482,0.7414484,0.49024737,-1.6966156,-0.81763166,0.26035658,0.457387,0.27459043,0.5314103,-1.1290283,-0.30841058,-1.3583735,2.1669343,-0.779813,-0.23443699,0.7913056,0.47214863,1.6859436,2.0897117,-1.1377251,-0.86558354,1.1848065,-0.034635335,-0.45929617,2.5098677,-1.2662207,-0.32231796,1.4057217,-0.19630884,0.76222646,-0.7475285,-1.4159157,-0.00805968,-0.011158586,-0.8217969,0.6211139,2.6760883,-0.15255342,0.06826529,-0.19315039,-1.6551621,-2.3278105,-0.6388656,0.35768032,-0.48102206,0.83672863,-0.51181245,0.43725306,-0.26178426
1.438213,-0.25433767,2.7330616,0.2033515,-1.0011524,-2.317452,2.4106474,1.3880697,0.80549914,-1.791465,0.5996008,3.230618,0.585049,1.0093418,0.017423391,0.24649248,0.7006898,1.5604953,3.6112452,0.97014093,0.16549706,0.5765633,-0.18191117,0.15248443,-0.83150434,0.8172098,-0.31699988,-0.27235836,0.909948,-0.21696606,1.6105338,1.491878,-0.36877182,-3.507573,1.9487227,-1.932302,2.1890793,0.26070037,-2.453666,0.57199156,1.2687794,-0.01056096,-2.3212535,-0.5337809,1.1974547,-2.397199,-2.043858,-2.6977034,-0.8442812,4.5766654,-0.784116,-0.13511854,-1.3142754,0.75864285,-0.25508043,0.893685,-1.1367152,-3.253987,1.9980695,1.4455372,-3.3743746,-1.9248146,-2.1605175,1.0614227,0.7602382,-1.0363309,-1.3063211,3.1661463,-2.9840462,-0.35573053,-2.1812,-0.046484467,-0.6135174,-1.6515799,2.9652884,0.8550352,0.56976336,-1.2526088,1.9665104,-0.4022116,-1.2881147,1.9227661,-0.03114435,0.8357574,1.2358253,0.8228003,1.839325,-4.38873,-1.2009364,2.237734,-0.8818104,-6.49047,0.2937404,-0.01109767,2.1341968,-0.7907934,-0.7106394,-1.9876468,1.845545,0.985508,2.1586206,0.038722515,3.3138041,-0.56458604,-0.15843017,-2.097527,-1.6324387,0.8643977,-1.6199656,-2.8049788,0.66829425,-0.603611,-1.1204337,-0.33773702,2.2081888,2.124456,-3.1443481,1.4082829,-2.0132346,-0.7638484,-0.30037487,0.6764481,2.117477,1.2123384,-0.50146043,-1.5007102,0.16531539,-0.19426084
0.4895544,0.7569879,-0.5959347,0.4323125,0.98103726,1.7349852,-0.41567877,-0.34156454,0.28863382,0.049499333,0.5807973,-0.49736962,0.96999085,0.2980815,-0.6108138,-1.7040167,0.66922945,1.8436096,-0.34248978,-0.15701172,-1.4722586,1.3998959,0.9246342,-1.1325685,-0.3404238,-0.3293873,0.6599541,-2.4164648,0.9433457,-0.31296024,0.32926795,-0.4090242,0.80368567,1.2519946,1.7708836,-0.313573,0.119516104,-0.7509981,0.92782533,-0.01479733,0.4680205,0.3448766,-0.012510598,0.12554148,0.54837054,-1.0147117,0.52550614,-1.0817935,-0.5248448,0.133398,0.92847,0.49876624,0.123416886,-0.54945534,0.012451649,0.12808466,-0.5567429,-0.22645946,-1.4582012,-0.9383445,-1.056903,-0.34839272,-1.708288,1.2634273,-0.09930439,-0.15906551,-0.054224446,-0.9500699,-0.4948263,1.0086603,0.16071673,-0.7799563,-0.22489332,-1.5801193,2.6794887,-0.9196401,0.15677151,1.0398766,1.1981764,-1.8924959,-0.9465854,0.39446643,0.55343366,0.31768557,-0.9996889,0.4418339,0.7005366,0.15027796,-0.5414249,-1.6562629,-1.0972224,-0.48974675,1.8303664,-0.50234807,0.022500187,0.046200767,-1.2552723,-0.81686807,-1.3244538,-0.27746278,-1.032815,0.16915795,-0.71252126,0.082935005,-0.046444185,-0.28194514,-0.8274291,-0.051374465,-0.529485,1.2578673,0.08745171,-0.2405743,1.1949468,0.9838177,0.83542025,-1.135055,0.39342096,0.83548224,-0.77527267,-0.6546761,0.1023061,0.03545913,1.7169263,0.56583136,1.856182,0.5936406,-0.88691175,-0.14104512
-1.0159149,-1.1190174,-0.4129446,0.091222525,0.5771608,0.04090312,-0.3299636,-0.3342058,0.15368505,0.29777777,-1.2443918,-0.7432208,-0.87801504,-1.5320802,-0.4648915,0.14527245,-1.1306581,-1.5674489,-1.6226306,-0.026266776,1.7551754,0.07529026,-0.27197146,0.012546882,0.25649035,0.011227835,-0.7521702,1.2604394,-0.1700038,-1.0351323,0.5296646,1.7785137,-0.568654,-0.34733784,-1.8623939,0.37509704,-0.8292773,-2.0830405,0.5760203,-0.10714087,-1.3628356,0.34147885,-0.27860337,0.19602405,-1.2278514,0.15936713,1.4458091,0.81036144,1.044858,-2.8485198,1.5141971,0.5697811,0.24576443,-0.12793522,0.77093244,0.32788303,0.17771651,1.4993954,0.1282674,1.0162516,1.9960959,-0.0868274,1.4637171,-2.0545726,-0.017927386,0.5645857,1.4710475,-1.030871,2.2900383,-0.611094,-0.7262386,-0.68466175,-0.11035618,0.50631833,-3.0693245,-0.620071,-0.3636559,-0.047495022,-2.5412202,2.3131034,0.29580328,-0.05518338,0.5051844,-0.38350767,0.22653776,-0.21591668,-0.27463013,1.612345,0.09855369,1.3165113,1.1244228,3.2893384,0.16652396,0.41680482,0.25894576,-0.09026116,-0.19260022,0.31863284,0.88781846,-0.52514774,-0.83876646,-0.7637953,0.5153466,0.22754505,1.7540715,1.4264781,0.50615716,-0.96696174,0.99551827,0.18304175,0.11935961,0.3713236,-0.8929479,-0.64834875,-1.954345,-0.9872219,1.1696028,1.0200583,0.27891332,0.3063249,0.07182777,-0.9259454,-0.822577,-0.8511515,0.7315377,0.5804013,0.7378092,0.17404944
-0.9228071,1.7069514,-1.6258228,0.6375045,0.8548826,1.8557475,-1.0391848,-0.35046402,-0.2518608,0.84218025,1.1022795,-2.434855,-0.43825448,-0.38893527,-0.37256843,-1.7847546,0.98065096,-1.1455406,-2.27177,-1.3735514,-1.2075603,0.27324826,0.5589253,0.27277973,-0.56589377,-0.38922155,0.63747156,-2.3241823,0.94505996,-0.0563048,-0.5075074,-0.02034437,0.034475505,2.4552455,-0.48342896,1.3504981,-0.7023496,-0.65546185,1.4148773,0.048969746,-0.26879007,-0.13479567,-0.47174138,1.4029963,-1.0054256,1.8157557,0.77146125,0.5810418,-0.9433038,-2.708405,0.46272722,-1.5179207,0.6991333,-0.008325659,-0.04317832,-0.72612643,0.13371754,1.8896333,-2.5281057,-0.37091792,0.85821676,1.0975661,1.6843177,0.79952717,-0.4429615,-0.2033394,0.592211,-1.7814982,1.3552454,2.3649123,-0.06311643,-0.71581495,0.0007956177,0.099515036,-0.382669,-0.6186145,0.39104575,0.19538018,0.20237535,0.76015484,0.21659574,-0.1525695,0.31772268,-1.0705965,-1.1184511,0.116669744,-0.3326099,2.5436301,-0.81750304,-1.7062097,-0.9977635,2.9548297,0.26183897,-0.37215847,-0.8992943,0.7409552,-0.40993145,0.15503283,-1.7308872,-0.31716156,-0.48670614,1.2495307,-1.7280803,0.9006492,-0.84218425,1.277046,1.4474084,-0.7751863,1.1157784,1.4401318,-0.5729825,0.06064838,0.8516876,0.29176104,0.47302815,-1.249937,2.0136518,-0.70894814,2.2033975,-1.8134989,-0.48428127,-0.019781828,1.6015096,0.32386264,2.5019646,-0.25770888,-0.9914184,-0.6752077
1.2212907,-1.0399276,-2.0661676,-0.74139607,1.2146385,-1.7229385,-0.08532694,-0.36701223,0.90259385,0.25354183,1.4100738,-0.15327072,0.88561493,0.29631275,-1.5891509,0.03966582,-2.2599454,-0.094266206,-1.5659606,-0.32446674,2.5198288,0.47912407,0.18247381,-0.16043432,2.324543,-1.388208,0.9290122,2.3466775,-1.5338116,1.1260009,-0.76401985,-0.81062174,1.5102184,0.2087329,-1.4112118,-1.6203578,0.077397525,0.10050455,-0.63517565,1.542261,-0.40651548,0.58171475,0.43302828,-0.054254264,-0.0978083,0.83101666,-1.3920964,1.1592455,0.62141114,-0.10165195,-0.95692384,-0.79777235,1.0456617,-0.6608723,-0.78271085,1.231276,-0.6405612,-0.52765536,3.435485,0.2558483,-0.19202083,0.32268476,-2.0619798,-0.07716805,0.35736477,0.039957266,-0.0015744716,-1.9481201,-0.805822,-0.6660749,-0.52179337,1.4357083,-0.7440154,2.0154347,-1.7105752,1.3208091,-0.7975353,-0.079904705,-0.20013602,0.32642192,-1.4929787,-0.043738008,1.3921082,-0.20910138,-0.36168125,-1.4809147,0.9568353,0.9712935,-0.54943943,1.7432451,3.120162,-1.0238936,0.7188723,2.092666,-0.13219671,-0.6503374,-0.074898124,-0.205098,1.1635101,1.6427858,0.42425594,1.3835062,-0.6757246,-1.4541777,0.9740203,0.37117517,-1.2033167,0.006873548,-1.6331155,-0.6946016,-2.2578163,-1.3118466,1.5453091,0.73191303,-1.6442363,-2.6386452,0.9544766,-1.2859321,-0.6921339,2.1959739,1.306659,-0.14690326,-1.9895926,0.022784188,-1.8510236,0.11706065,0.7696806,-0.71487325
0.9230723,0.29540402,1.3648589,-0.33909512,0.16240758,0.658795,0.8429328,1.5020609,0.6710391,0.77393055,-0.29085198,1.9405966,0.40373668,0.14167377,-0.58456105,0.78286535,-0.7370057,2.2094269,1.8314712,0.9390003,-0.73778087,-0.40035903,-0.578591,0.22846597,0.47240156,0.6263459,0.50124204,-0.48951682,0.7892506,0.6980087,0.024097562,-0.93458956,-2.647695,-0.86249965,2.0637684,-0.6573092,0.61214626,-0.48435065,-0.9032144,0.6877231,1.2060397,0.551041,0.32799265,-0.82533437,0.4346667,-3.3459053,0.6745474,-1.566145,-1.9053781,3.0108042,0.48540372,3.1789742,-1.5561403,0.35837817,0.70771027,-0.3273721,-1.4671094,-0.41246605,1.162938,0.45608574,-0.5979167,-0.36809987,-2.437407,0.12077248,-0.7088133,1.593478,0.16503173,1.603277,-3.0067182,0.3519888,-0.0795632,0.36823514,0.97667944,-1.9192947,1.6136119,-1.1541657,-0.23832165,-1.1011026,0.8516574,-1.2694272,0.83239216,-0.8188788,-0.1238009,0.09792471,0.34540915,2.1705227,-0.97728956,-3.0579405,0.38748828,-0.05025512,-1.8663902,-3.4204535,1.108738,0.39986113,-0.84768045,0.8547286,0.56942016,-2.4305716,0.20558602,-0.87224376,-0.2993299,-2.8819504,1.434749,-1.4598703,-0.288472,0.7909868,-0.9112428,0.5256923,-2.0052931,-1.1859462,0.32800162,0.7006881,-0.020946622,1.3553312,0.26828805,0.27749276,-3.0746489,1.203118,1.1921732,0.76959455,-0.52666605,1.5951759,-0.16680536,0.4695792,-1.0090495,0.10806456,-0.686972,0.7002128
-0.827344,0.6407974,-2.187996,-0.49050403,1.4232135,0.1279791,-3.1974576,-0.16137968,1.5879309,0.93043005,-0.15244505,-0.058764994,-0.31739342,-0.036845904,0.48274234,-0.20162,-2.922556,-1.1436356,-2.8038354,-0.5186765,0.083962634,-0.51281154,0.77906907,-0.18594465,0.57163596,-1.9249165,-0.91425514,0.06071215,0.29318923,3.2012548,-0.7524591,-1.360574,-2.7005568,3.5424304,-3.0330572,-0.22109556,-1.9790344,0.7994585,-0.6200517,0.47287893,-1.9321084,-0.4374608,1.192171,0.42721602,-0.34712493,1.850055,1.2704952,1.5765165,-1.0742763,-0.94773424,-0.19765905,0.16815016,2.7875063,0.21859545,-1.057304,-0.09984235,-0.682254,1.4942245,1.8110772,-0.70278096,1.5599082,1.6732972,-1.206547,-0.82896304,-0.7083318,1.8560227,-0.28662482,-0.38652012,-1.1006553,-0.6260147,0.23770905,0.4966282,-0.6479555,2.2578099,-1.9682174,1.0482117,-0.5320073,-0.009541462,0.38477027,0.2694041,0.25066853,-0.35246384,-0.25851765,-1.104248,-0.2231684,-0.892091,0.22985877,2.2030878,-0.4627238,1.0414076,1.6506364,2.153397,0.27302724,0.96210307,0.6353713,0.38906628,0.78621405,0.9744241,0.52934676,0.38124236,0.24837106,0.837821,-1.8607099,-0.8637514,1.0389954,1.0256556,-0.52296674,-0.22354108,1.2604921,-1.4407032,-2.5918899,-0.5268772,0.756672,0.65769523,-0.5614613,-0.33532274,-0.36491433,-0.17217235,2.19413,0.48800257,0.3314342,1.0016966,-2.39708,-0.38374466,-2.0110893,-0.18955615,1.8939922,-1.1297907
-0.5004919,1.3451529,-1.5444698,-0.04070826,0.38030082,2.448398,-0.18039471,-0.8350966,-0.07991892,-0.08238998,0.9667685,-2.0079594,-0.03600173,0.8828534,-0.4051003,-1.7199724,0.1599879,-0.60104066,-0.80381525,-1.0703413,-2.2796028,0.8930485,1.2448889,0.0018849373,-0.4738666,-0.7068125,-0.25548965,-1.2455597,1.5586001,-0.4149611,0.027057797,-0.23403226,-0.589247,1.536071,-0.18986636,1.5375319,-1.2783042,-0.6851511,0.9960426,-1.0647957,-0.22791103,0.37060928,-0.6235627,0.66312253,-0.96462417,0.99564254,0.6155234,0.74620414,1.376114,-2.3995695,0.590174,-0.9130999,-0.15701112,-0.7905164,0.9141,0.20325541,-0.35154253,-0.07004899,-1.4796611,-1.3481792,-0.17243823,0.109754354,0.19820696,-0.6814417,-0.47264054,-0.06494051,0.22038011,-1.7964513,1.6593447,0.98259616,0.42328823,-0.32398033,0.12695129,0.16612606,0.3426625,-0.702448,0.182109,0.8647723,1.0997852,-0.037500575,0.1806544,0.08169976,0.2869934,-0.9198035,0.09601793,-0.063434035,1.0581365,0.9471085,-0.9318995,-1.7198763,0.27770597,2.3407443,0.98342127,0.16660397,0.7411483,0.3024412,-0.39896595,0.35068056,-1.4468822,-0.5462228,-0.21857765,0.2734731,-0.27519637,0.7071659,-0.58777267,0.17111242,0.51146275,-0.84547323,0.018317044,0.8876755,-0.18972835,-0.3606383,1.0773066,0.13667768,-0.25059733,-0.6829095,1.3880492,0.4979982,-0.78099257,-0.45515156,-0.4792792,1.205584,2.1345782,-1.3514733,1.627376,0.022016853,0.21091837,0.2843456
-1.8132122,-1.1681966,1.8803072,1.9239883,-0.29636627,-5.7159576,0.5643846,1.959862,-1.5030851,-0.1359524,1.6373417,4.1736326,0.35098508,1.0244495,1.2213275,-0.77943796,2.2146451,3.0512638,1.3023946,0.83012295,1.4257245,-1.6200483,-0.030200526,0.3616612,0.5962259,-0.38974047,1.2510796,-1.0837297,-0.043558598,-0.30319437,-0.17975979,0.012675568,1.2571325,-3.1484418,0.7628568,-3.6657066,4.925302,1.2672826,-1.564235,1.7605915,0.4078119,-0.9987789,-0.080771446,-1.7687447,4.3299303,-3.573214,-2.4646044,-2.6835558,-4.710039,7.399865,-1.7852371,-2.0148985,0.5994417,0.73101056,-0.1855221,0.48538753,-0.541013,-1.364898,1.1861151,0.73196584,-1.0945195,0.5329044,-2.4168699,3.9595447,0.8310677,0.8735001,0.50887364,4.772424,-4.668408,0.7560259,-2.0064397,-0.44440594,-0.5700106,-0.18012747,1.4172909,0.7495805,-2.0774348,-0.19719437,-0.41519263,0.17379063,-1.5710549,1.538516,2.2670257,2.454896,-0.74622697,0.76267487,-0.2988315,-3.8477411,0.001826644,2.5514514,0.58824915,-5.2932177,-0.7804723,-0.8018429,-0.5651852,0.9292893,0.8605212,-1.0085768,0.8603347,2.2929435,2.0417118,-0.047997653,0.54663867,-1.0958776,-0.9597603,-1.6493922,-1.8948585,1.3141762,-0.97472775,-1.0605576,3.0442896,1.1309562,-0.9262023,1.022556,2.8844554,2.3750513,-3.0169845,0.08286481,-0.542958,-1.6369805,-0.17439364,1.2440957,-0.7427605,2.809595,-1.7007188,-2.2318735,0.11101712,-0.5255757
-1.4192976,-0.3956266,1.059288,-0.072490364,1.261239,-1.4108667,-1.2347256,-0.6219351,-0.74693614,1.666689,-0.97148263,2.0034275,-0.6282466,-0.84089184,0.62191564,-0.70873713,0.08337216,-1.2227218,-1.3600515,0.17477627,1.3899883,-1.026953,0.15251489,-0.02261421,-0.63898396,-0.34872112,-0.50798154,0.068004444,-0.04582317,0.4803703,0.36456496,0.2052575,-0.89077425,0.074981034,-2.165502,-0.7960795,0.59859395,-0.22776932,0.96210784,0.3128008,-1.7936405,0.3130429,-1.1594334,0.31230614,-1.3527627,-0.8011955,1.002552,0.8984777,-0.6702908,0.6919502,-0.19891617,-1.6576896,1.2171249,1.9095707,-1.1056515,-0.07455295,-0.7857317,1.5349941,0.2890622,1.0226924,1.1267687,-0.033410415,0.8531453,0.36880746,0.5236554,1.1723095,0.61944526,1.4491665,-0.27998316,0.40544862,-0.34170902,0.36169785,-0.9557048,2.1686916,0.24506232,0.54218656,-0.1907687,-1.4716641,0.54789627,1.8761435,-0.42567855,-0.0041611716,-0.57673573,0.13870573,-0.6872936,-0.99655205,1.0088701,1.949794,-0.4307658,1.1946372,0.10944289,0.6393578,-0.52603716,-0.6904411,-0.11262958,1.2043171,0.68458986,-0.4081934,0.05189848,0.08406227,-0.015112393,-0.27775759,-0.66092116,-0.77689815,0.32351276,0.42268872,-0.17717749,0.24928278,0.89998317,-0.4024283,1.0859966,2.269346,-0.8535858,0.11718926,0.83062613,0.50757974,-1.4668617,0.7074181,3.1316745,-0.40501988,0.02879861,0.59583086,-1.0073422,0.2959844,-0.7222895,-0.11603583,0.7391578,-0.8245783
-1.7784555,1.406501,-1.2324784,0.9011301,0.39552027,0.35992998,-1.072619,0.7405151,0.07946867,-0.15969856,0.8440223,-1.3712199,-1.1272522,-1.0760806,-0.06509882,-1.9775591,0.94748944,-0.41130787,-1.9329542,-1.7796857,-1.0224462,0.7853893,0.26736045,-0.34828812,0.5303085,-0.57030153,0.90165025,-1.8700559,0.8279937,-0.42332733,0.9160831,-0.87774074,-0.19098103,1.133173,-0.095990494,0.006416574,0.70930225,-0.3283373,0.7528944,-0.39265183,-0.5567166,-1.1439524,0.24483526,1.8085315,0.835886,1.3991246,-0.6581618,0.47185585,-2.8666449,-0.44831634,-0.666313,-0.72254163,0.2945961,0.8936186,0.3442594,-0.58952,0.7989056,0.88963526,-2.202977,-0.6236074,0.41533768,0.38814148,0.71463627,2.388824,-0.46744245,0.07849632,1.2832313,-0.45339012,0.40822276,1.6368449,0.21044375,-1.2860711,0.55160105,-0.17661029,-0.48337454,-0.7736948,-0.7112931,0.17600238,0.061246455,0.19414335,0.0021677464,0.35684064,1.3958414,-0.12606846,-1.2620271,0.95886505,0.06686962,2.089492,0.08926952,-0.3352931,-0.84420586,1.3126317,0.86689854,-0.31245345,-0.0964911,0.6919972,0.18573415,-0.19098037,-1.6831563,-0.20437416,0.15985365,0.6686758,-1.7391982,0.84610236,-0.5792378,1.044529,0.19901532,0.48900008,0.71134186,1.2399487,0.11957285,0.5643317,0.79288733,0.3635023,1.5290511,0.00782235,0.8797499,-0.60843897,1.6036608,-2.1760783,-0.35453612,-0.84283984,1.4422776,1.8103137,2.3258798,-0.67314893,-0.71063113,-1.0690968
0.7384508,-1.5623469,-0.51932895,-0.7894137,1.3218664,-0.5481019,-0.108257666,-0.15472141,0.60955185,-0.9980821,-0.9564221,1.2635355,0.07233237,0.16079468,1.3882208,-0.18862288,-0.95585513,2.070687,0.1545828,1.3766756,1.8578421,-0.31100208,0.6299498,-2.3795671,0.5455458,-1.0518155,0.8055587,-0.044675693,0.27564076,1.6127425,-0.5626303,-0.27821618,-1.3491864,-0.19505168,0.5654183,-2.4310155,0.32649782,-0.8916628,-0.59742177,0.47276342,0.11528188,0.8841948,0.76591766,0.14398986,0.41872364,-1.7067064,1.7042627,-1.0418329,0.2689041,1.8382661,1.0384479,1.9585011,0.8315598,1.138166,-0.5637207,0.24063584,-0.7025584,1.2484492,2.2873368,-0.23145747,-0.5761545,-0.13072771,-2.7279503,-1.3244057,0.67922986,0.40337592,-0.7829786,0.2135202,-1.5870926,-0.03562954,-0.5042405,0.6731596,0.9749957,-0.314703,-0.30936956,0.076028615,-1.666101,-0.5594406,0.0907668,-1.0862712,0.22222391,-0.22351451,-1.2769179,0.4560781,-0.17662975,0.059002653,1.3483571,-0.08351618,1.6580511,0.337958,-0.49818766,0.082356796,0.37105018,1.2503879,-0.11414617,-0.3141088,-1.8679001,-0.28447998,0.59940255,-1.3565989,0.03977689,-0.53275335,0.4285946,-1.7956809,1.2732904,0.80443895,-0.7559645,-0.6409604,-1.6184481,-1.5291753,0.37724012,0.9223857,-0.27868548,0.34079826,-2.134396,-0.9484053,-1.7733347,1.1577643,0.16482916,1.895238,0.92300844,0.45615366,-1.2479371,-1.6253102,-2.044808,1.0368799,1.6957558,0.2996679
0.065891504,0.765257,-1.1113526,-2.4971418,0.2074184,-0.88877785,0.26995498,1.3514459,1.6835608,-0.9925451,0.4899846,-1.1460831,0.12167527,-0.053256534,-0.853988,-2.119854,-2.2428756,0.5410414,0.32779127,-1.6697006,1.2470862,1.8206866,1.2569232,-0.1914455,1.8296394,-0.66418266,0.66912544,3.0217505,-0.09165931,-0.6619209,1.2994199,-1.8928235,1.3818722,0.08743471,0.16989827,-2.2727282,0.066042826,-0.64601177,-1.5586903,-1.0725827,-1.9397588,-1.8534055,0.12360975,1.875279,0.47800717,2.1512275,-2.403882,1.7116857,0.3837414,0.25689727,-1.9255863,0.15489778,-0.70824856,0.6403808,-1.680007,0.23564798,0.6820249,-2.2293496,2.5139723,0.2798068,-0.09437767,-0.7246485,-1.4900777,1.2047963,-0.1311986,1.1256769,0.5148337,-0.16096765,-0.03240788,-0.058535382,1.0083101,1.0654135,0.7092529,2.1555672,-0.8273148,1.6710281,0.25380903,-1.0902658,0.8810855,0.90430653,-0.33379316,0.53257173,0.60819614,0.17032427,1.1254498,-0.41328365,0.4982853,-0.7241678,-0.46502796,1.041521,1.081895,-0.64064443,0.28727227,2.6436944,0.7258105,0.56966496,1.260079,-1.2950827,0.9231779,-0.35518354,0.867746,-0.094923854,-1.4663465,-0.3654016,0.12907931,0.2318986,-0.6054406,0.25906423,-0.88032204,0.015101671,-1.5988504,-0.5813709,-0.23392725,0.14365453,-0.09977472,-0.69019186,-0.6219278,0.98220134,0.12354636,0.96435165,1.4325151,-0.949211,-0.82066834,1.0163512,0.35621226,-0.35490447,-0.8208744,-1.6195028
0.44038603,-1.9889901,-1.4307133,-0.83900857,0.0364168,-5.988248,0.7255999,1.747486,-0.38098675,-1.6223551,2.853291,0.18502825,0.75479,1.102915,-0.23153524,-1.0770793,1.1595553,3.9195023,0.7161807,-1.338698,2.811408,0.39934456,1.554838,0.020240068,2.04453,-1.2035141,2.4575417,2.3389935,-1.0649666,0.7526403,-1.5970504,-1.2359931,2.5578322,-2.6627254,0.56850225,-4.0425673,2.9796228,0.40898424,-1.9426708,0.94586766,-0.91931194,-0.90623635,1.7253028,0.8455746,4.1066914,-0.99413556,-3.7228727,0.07099793,-1.5356195,5.120393,-2.6915245,-1.8298743,-1.4933565,0.32748199,-0.28822395,2.0476391,0.27878308,-4.0447187,3.0061302,-0.036513016,-2.0223706,0.21936083,-3.1545005,3.9685078,0.45035893,0.09570606,-1.1701101,-0.52583736,-3.9160604,0.67726016,-0.17564654,1.184118,0.69745815,0.7085045,-1.335437,0.8805769,-1.7704701,0.09738383,-0.97465175,-0.7303393,-0.7204299,0.585377,1.9323262,1.9994886,0.107761264,-0.447139,0.8785943,-3.3185992,1.191981,1.0380284,2.5571024,-2.596833,-0.6946004,2.2620964,0.1159866,-0.8178381,0.57703173,0.6626527,0.47859317,2.6646295,2.671415,0.99675924,-0.120646685,0.052565634,-0.84870476,-1.4222345,-1.7064756,-0.37717307,-1.8410623,-1.0877081,-0.68475986,-0.13902684,-0.6008122,-0.67475164,0.21641481,0.24186893,-1.4743093,-0.53740406,-2.754256,0.4899194,2.4342618,-0.39337245,-1.1198597,2.3547263,-1.8204634,-1.5516114,-0.11728376,0.46197718
0.41719216,-1.8526697,1.6488463,-0.0730968,-0.45264333,-1.602535,0.47981918,0.2552331,-0.82451814,-1.42309,-0.7137926,2.713163,-0.47379383,2.0340912,-0.4337954,0.4147976,-0.29222652,1.7685189,1.0773604,2.2288876,1.3389633,0.19056761,-0.2381686,-1.0435921,1.2133756,0.19508415,0.8008346,0.30007598,-0.64612305,0.5533815,-1.5106647,-0.3257337,1.3724225,-1.4499981,1.4083688,-1.5145313,0.7868614,0.8764795,-0.3689515,0.56966907,1.1120876,0.18815066,-0.036266208,-1.2811618,1.7061431,-1.4880782,-0.31342107,-2.1504514,0.1574626,3.8295884,-0.48049715,0.6462988,1.3978422,0.46283457,-1.0481002,-0.23708391,-0.5178947,-0.19476712,1.0339901,-0.32122964,-1.8060926,-0.20836131,-1.0889244,0.40241483,-0.028475806,-0.54689664,-0.3924038,1.2026541,-1.8113894,-0.69211936,0.09793259,0.07313576,-0.01815492,-0.6206595,1.1226273,1.0577979,-0.86644554,-0.65101385,-0.19221365,-0.7551207,0.4936098,-0.31996402,0.31251973,0.45167893,-0.34132043,-0.07486537,0.8759785,-1.3487737,0.9686424,0.76390606,0.2015772,-2.166669,-0.7487687,-0.5794739,-0.6065714,-0.017085135,-1.2413355,0.3488708,1.660871,0.2999708,0.48415172,0.35158285,1.3048124,-0.1798429,-0.6878067,-0.79900587,-1.5148374,0.96240795,-0.61368847,0.14447746,0.8349104,-0.10039438,-0.56088185,1.0973222,0.7133169,0.31370872,-1.4652274,-0.58634907,-0.2974728,-0.21607415,-0.72439617,0.2311925,-0.73666906,0.7980478,-0.5377923,0.030614614,-0.16583954,0.6345681
-2.1659317,-0.3783821,-2.7351604,-0.27935618,0.30478114,0.34744537,-0.44645762,-0.86806333,0.71880007,-0.49830124,-0.65941715,-3.363512,-1.3794633,-1.0686476,0.46561038,0.88090044,-2.320619,-4.004201,-2.8220627,-1.3975205,0.40471554,-0.15116721,0.26866388,-0.48193532,0.65134037,-1.5266802,-1.6788769,1.9876013,1.3485707,-0.32417485,0.5026211,-0.71175194,-1.9981465,1.1093683,-4.227578,2.8749716,-2.5713878,-0.47443354,2.0820813,0.11002505,-1.222712,0.85930234,0.37430477,-0.005683586,-1.1143829,3.4810271,1.1740532,1.7846987,1.0506927,-5.0066957,0.87533534,0.53627324,0.38830414,-0.9328123,2.917831,-0.60880613,0.36374438,2.267361,-0.33241832,-0.70070136,3.1187885,-0.06631243,2.1369236,-3.2129035,-1.2142422,1.0204568,0.46453828,-2.4521377,4.351626,-1.100347,-0.016539246,-1.1127734,-0.34422854,1.6339432,-4.3604317,-0.78572375,-0.59309775,0.82409954,-1.8521304,1.3956326,0.8887491,0.6100936,0.98556036,-1.6505239,-0.16058847,-0.044008583,-0.7598534,3.3116577,-0.033989884,1.325916,3.2015433,6.9623313,0.8342743,1.0185764,1.3299888,-0.10720748,0.89262605,3.9552789,-0.5753256,0.84954023,0.24609232,0.38872904,-1.363105,0.47520056,1.5662078,1.6954712,0.8323243,-0.8522324,1.1512656,0.27287424,-0.74292684,0.92504203,-0.026444457,-1.1832223,-3.3165262,0.2647149,3.2325578,-0.46811303,0.22567755,0.2506993,-0.22261363,-0.95212334,-0.54468393,-2.0215511,-0.07733312,0.1995942,1.9289054,-0.009901844
-1.2535694,-1.202509,-2.832508,0.594911,0.33189008,-1.7307141,0.25726384,-0.16108829,1.7235842,-1.8294138,-0.5526058,-1.8142726,-1.5149112,-3.3794155,0.120289445,0.93504536,-4.686803,-1.4165479,-1.612932,-1.3228657,3.0036135,0.25980538,-0.02201587,-1.0642977,2.3878436,-0.62087584,-0.6725217,3.3348432,0.63784784,-0.90058243,1.7857697,-0.25290906,-1.6638651,-1.384965,-2.737482,-2.1627307,1.1725886,-0.8517009,-0.015089568,0.62889516,-0.141378,0.431606,0.74309415,-0.46140623,-0.6399797,0.78711987,-0.38421836,0.54637086,-0.6897698,-1.9248668,0.7478303,1.5005655,0.21735136,-0.38955748,2.415636,0.6884265,1.0856113,0.879181,1.967009,0.40293318,2.3632548,-0.4933734,-0.38135028,-2.2136326,-0.28851068,0.9972651,0.53811455,-1.7204489,0.8913159,-0.5148209,-0.6030644,-0.07661794,-0.56877,1.3446685,-4.1148753,-0.81491995,-1.9788197,0.65982974,-2.4693713,0.7131592,-0.16413808,0.14689335,1.3336213,-0.43292832,-0.6079815,1.8618591,-1.1082183,1.3610644,0.7320751,3.505165,2.5139198,3.3092117,1.3113209,1.5892415,0.8773552,-0.8949134,1.004806,0.97014236,-0.44010007,1.0611764,1.2489539,-0.54332024,-1.7925588,-1.2035543,2.0025203,2.1742508,-0.62568355,0.12232703,-0.34160352,-0.30079108,0.015968384,2.0263562,-0.21879065,-0.46132067,-4.126384,-0.5511186,2.4628005,0.2322747,-0.73995805,0.596042,1.017076,-1.0695986,-2.0383945,0.5342653,-0.78769433,0.8864417,1.8426311,-0.44102174
0.7546096,-0.60708684,0.9187818,-0.25694376,-1.394452,-0.058006883,0.65232414,0.05585721,0.07254407,-1.822947,-0.92112446,-0.28757337,0.3708351,0.15706392,-0.33235562,0.27482194,-1.3157153,-1.4231776,0.8305275,0.3513205,1.2547821,1.0934579,-0.07579553,0.46480805,0.5314493,1.5433742,-0.45595747,2.3907633,-0.9887632,-1.476267,0.5440907,0.33855456,0.91550946,-0.9526476,0.1906352,0.59428406,0.025163248,0.60305125,0.4634094,-1.1788465,-0.12060611,0.01988247,-0.22042227,-0.90380156,-1.6419317,-0.3860189,-0.8110148,0.9455418,2.227633,-0.9799995,-0.04675643,0.6342386,-0.44830084,0.27968442,1.0389624,-0.51602334,0.64781106,-1.1416962,0.041530844,0.4736533,0.20647395,-0.3990131,1.3103089,-1.9790884,-0.7008841,0.37259337,0.38158193,-0.77156425,1.8451374,-1.9765129,-0.5018091,0.7882098,1.1679451,1.0224528,-1.1635759,0.8353392,0.7337883,0.5225905,-0.3695443,1.3860799,-1.3279643,-0.7537859,-0.4045348,-0.50957257,0.90149975,-0.12815633,-0.55042315,-0.0974454,-0.25509658,1.0838453,1.0937097,0.46555638,-1.4900899,0.30831522,-0.7746526,-0.74251676,0.12809706,0.22873904,0.40287155,-0.68698114,-0.59105575,-0.5495035,1.3970044,-0.009584721,-0.5429604,0.85126483,0.18938968,0.1992524,-0.13304079,0.3224974,0.7038834,-0.46751425,-0.12920615,0.6003932,-1.457473,-1.3816292,0.2547385,0.3200388,-0.71384513,1.7285997,-0.82414716,-0.09442885,-0.12927178,-0.86005086,0.33958706,0.64972264,-0.3188269,0.97875315
0.597128,-0.8994,0.27311638,-0.066043705,-0.9843625,-0.2036125,-0.40876538,-0.3968633,-0.582218,-1.0525771,-0.06247902,0.5547986,-0.09079833,1.4017212,-1.2760687,0.4210357,-1.3022783,-0.39892927,-0.120717406,0.61426264,0.46871418,-0.85155225,-0.25252748,-0.45004764,-0.47357973,1.2889382,-0.12263249,1.6431073,0.2585896,0.46022034,0.52293944,-0.1310219,-1.478386,0.6615715,-1.1026258,-0.38458937,1.0128648,1.976361,0.8825597,0.32986438,-0.53608644,0.4702535,0.50512856,1.0054748,-0.94432855,-0.6385667,0.28600967,0.31664467,1.6313713,-0.193731,0.5023527,-0.11765845,0.7072392,-2.020318,-0.49904,0.5801146,-0.7209642,-0.2013604,0.5598848,-0.095205694,-0.58166397,0.37235183,-0.62447006,-2.5813541,-0.83770835,0.65491825,-0.6053045,0.22539479,0.2802554,-1.7997186,0.19026655,-0.12629272,0.0641806,0.2326071,-0.9956951,0.53023213,0.13324769,-0.76836944,-0.6514932,0.5281502,0.20295405,-0.6262225,-0.38579658,0.52431047,0.52544296,-1.851933,0.0022782981,-0.27634186,0.17707722,-0.47352082,1.9114201,1.429335,-0.00860247,-1.0886972,-0.25725785,0.66237247,-0.7143324,0.03740201,0.00020930171,0.6543068,-0.29148003,0.54883194,1.4934174,-0.5512794,0.1092068,0.32953957,-0.55833447,1.6907874,0.1433822,-0.17760193,0.0090114325,-0.539988,-0.38562667,1.0701859,-0.30076653,-1.6871331,0.7188955,0.18161558,-0.19511822,1.8556068,-0.45725167,0.9880545,-0.93266606,-1.2368608,-0.23673071,0.5544087,0.5776484,0.21736804
-0.6385551,-0.40585864,0.6978793,-0.4002568,-0.48240566,-0.6028967,0.47468418,0.3890835,0.19875526,-0.5535343,-1.2516135,0.951897,-1.7268229,-0.043309636,0.18997526,0.40838215,0.31805992,-0.21154222,-1.1362791,0.6013215,0.31994563,-1.2001637,0.01583308,-0.15319549,-0.14556193,0.13121347,-0.8394432,1.2569506,-0.23927438,-0.27940476,0.31010675,0.6942906,-1.9205881,0.39957952,-1.2811879,-0.8942695,-0.4965661,0.6308135,0.48831683,-1.2656305,-1.0957054,-0.25851277,-0.83830124,1.1185913,-0.15425076,0.74235165,1.5275638,-0.014520347,0.089211494,0.009076206,0.97638,0.46460214,0.17196809,-1.0753229,-0.09920675,0.32305682,0.84951544,0.83098537,-0.054054502,0.034645386,0.49617213,-0.76155716,1.125828,-1.2189789,-0.5348438,0.4398017,-0.26012695,0.6085337,0.34414047,-1.4211683,-0.28409126,0.14459503,0.7424499,0.53904164,-1.5261719,1.0069818,-0.39093062,-0.2624842,-0.21953923,1.0476731,-0.22923149,-0.37520722,-0.3806181,0.22942978,-0.002193287,-1.6287568,0.06545591,0.68612367,0.3857761,-0.024759203,0.5695796,1.8446403,-1.143168,-0.7301868,-1.4178965,0.5302729,-0.47842085,-0.20027779,0.7768095,0.14309727,0.49227673,-0.49545845,0.29888877,0.07394249,0.7656801,0.21122618,0.35806143,1.3259606,0.4798143,-0.57534695,-0.60354304,1.2083812,-1.59968,0.40393573,-0.61313766,0.58273613,-0.6159447,0.18633316,0.50221044,0.93221617,-0.47830284,0.93452436,-0.95553315,-1.0973835,-1.136123,0.13847643,0.64737964,-0.25312656
-0.96004313,0.59494805,0.27754024,1.7213904,0.0690088,-0.97881293,-0.47914535,0.16142952,-0.17422,-0.92455083,-0.7145407,2.6056356,0.47742876,-0.29945776,-0.8217497,0.72703785,0.6812415,-0.86833155,-0.6405596,1.0919917,0.30594784,-1.9764245,-0.9856411,-0.71297306,-0.29634145,0.04034902,0.09909353,-1.3396257,-0.6182177,1.0910504,1.3051746,0.56302035,-1.7563109,-0.21247381,0.2908231,-1.0474293,1.9457766,-0.06512575,0.008155681,1.7800725,0.015304225,-0.33398578,0.7132205,-0.82745826,0.7321229,-1.3309555,0.09459321,0.47459683,-1.5360451,1.4914165,-1.9239476,-0.5817836,0.6234161,-0.7849567,0.7149646,-0.3924061,-1.3030151,1.0513098,0.23163907,0.99069446,-0.14795387,1.2379653,-0.24911693,-0.35624835,-0.257315,-0.98532116,1.1403333,1.043917,-0.48467776,0.08079505,0.72278607,-1.2887375,-1.4112656,-2.306602,0.82959765,-0.48669612,-1.2406993,-0.25068858,-3.340818,0.1058496,0.39595136,1.0028706,-0.04243213,0.6018971,-0.9616312,0.77033544,-0.48698592,0.04216969,1.0157421,0.91971135,-0.14095391,-0.43163502,2.232791,-2.206899,2.4036503,0.77485114,-0.11686866,0.10926169,-0.5396725,-0.08803028,-0.35821193,0.1412613,1.8922281,-0.27968764,-0.21822594,1.4309938,-1.0263813,-0.124106795,0.46109635,-0.4651833,1.6443853,0.32195282,-0.6287793,-0.7072629,1.1411641,1.110047,0.43896866,-0.8560583,0.38919166,-1.4764955,0.13491413,-0.37773675,-0.5460509,1.0838215,0.93022877,0.32491502,0.20376424,-0.30263326
1.3390477,-0.36635587,-0.042107053,-0.6242856,-0.67653084,1.2750086,1.9603747,-0.4906199,1.2019112,-1.4207189,-0.8663082,-0.2218653,1.4732889,-0.73486304,0.78434527,2.5885713,-2.3941941,0.41342634,2.5733745,0.76874393,0.5602269,2.2617362,-1.2353401,-0.12421659,0.75759876,-0.6429547,0.3558152,1.6054274,-0.8965797,-0.14272979,-0.10931201,-0.3907282,1.4939878,-1.7042212,1.3365386,0.53710777,-0.8422455,-0.9034365,0.80797684,0.7187098,0.73045623,0.14309692,-0.36225116,-1.8737929,-1.6786027,-1.2195048,0.14023829,-0.44846684,2.0384655,-0.69221044,2.177639,2.1860743,-0.869598,0.2629105,1.3176088,-0.721639,-0.84094036,-0.95081246,1.5204206,0.5397148,-1.430608,0.7951156,-0.92975765,-2.5137682,-1.51108,1.478789,-0.6744332,-0.41279987,0.6998684,-0.7464006,-0.45208037,0.01383622,-0.8064804,-1.6430874,1.4274669,-0.079479985,0.8239814,0.30306876,0.77234864,-1.7543938,0.4037647,-0.70723486,-1.4041054,-0.65461814,0.058174312,0.46877956,0.30060425,-0.8487437,-0.8878391,0.51353264,-0.9862928,-2.0720584,0.27693653,0.7166989,1.4570783,-1.751313,-0.9485909,-0.23103893,0.15956423,-0.9565583,-0.2303474,-0.59891653,0.23065454,-0.85980207,0.63056743,0.12741071,-0.46428913,-0.70023227,-0.0408518,-0.58324695,1.0174752,-0.7163386,0.1317804,-0.22761583,-2.8012376,-1.6297677,0.6141206,0.8131182,-1.3445051,0.22330497,-0.203928,0.8349647,0.40500998,-0.58904576,-0.086283594,1.0287212,0.43734378,0.75111926
-2.1602447,-2.751801,0.54506695,0.29489857,0.0796009,-4.0869894,-0.6835456,0.61352557,-1.4787757,-0.61906505,-0.7954478,2.7769532,-0.34885806,0.71905303,-0.66089725,0.387512,1.3205227,0.4653682,0.07437852,-0.04272538,2.8196273,-1.7419012,-0.16346964,0.8296546,0.939333,-0.7305282,1.1423392,0.19496436,-1.347715,1.0489367,-0.6988747,1.1092381,-0.3229844,-1.3787532,-1.4115565,-2.452251,2.4319065,1.0745907,-0.10084226,0.033784866,-1.4846752,-0.79136884,1.4338824,-0.06235008,1.9580142,-0.7999293,-0.69335663,0.9942794,-2.1211753,2.9209938,-1.3377331,-1.146397,1.4138784,0.5239614,-0.63111377,0.4769857,0.18332791,-1.2240448,1.6176355,1.0883684,1.4690464,1.0801747,0.88541543,0.8983339,-0.18624574,0.5950907,-0.6562435,1.9259005,-1.4330063,-0.15068197,-0.42443633,0.4763982,-0.730761,-0.05388488,-0.11648947,1.87426,-0.85545546,-0.95304054,-2.205893,1.3206717,-0.59956867,0.5890329,0.14610302,0.57373637,-1.0409071,-2.1356828,-0.32014406,-0.34777266,0.23823586,1.342841,0.93906194,-0.43278956,-0.73535174,-0.76996124,-0.7423599,0.68694794,1.2228284,0.23985893,1.07283,0.99143314,0.86072314,0.6951139,0.28925675,-0.24228105,-0.004734516,-0.34488556,-1.7697512,0.56149274,0.84058076,-0.7546154,0.48010495,0.61911035,-2.1809237,0.21608213,0.941494,0.90421224,-1.6861603,-0.8924309,1.267741,0.1005573,-0.42413652,-0.4164946,-2.961308,1.7486887,-1.2553391,-0.92396843,1.553685,-0.37014896
0.27672294,2.5009515,-0.37390843,1.1675119,1.3667347,3.1283245,-1.6208137,-1.0557555,-0.8973598,2.3333735,1.8428749,-2.3911343,0.9850516,-1.0075673,0.45496747,0.080062896,3.4836771,1.8915854,-0.39500135,-1.495741,-3.4198976,0.02022487,1.5399284,2.1908135,-2.1252646,-0.07116252,1.3536125,-4.677432,0.96348584,-1.3848927,-1.466944,1.4546044,0.44277126,2.6565356,2.2767212,1.0467911,-0.6196316,-1.4778036,1.5936,1.5142483,1.7646241,0.6800062,-1.4671227,1.3867154,-1.4182886,-1.3324778,2.0650377,-1.0871006,0.01930511,-2.4137645,2.5292974,-1.1941863,-0.47213364,-1.1505115,0.5781868,2.0265236,-0.28988934,1.0090941,-3.1577735,0.17812505,-1.0167342,1.2014683,1.942004,1.003696,0.21660489,-2.069411,-2.164047,-0.7027267,0.24925224,2.7169127,-0.8352542,-0.958576,-0.57510984,-1.977988,2.5871465,-1.4728068,1.1735369,1.5962048,1.8398584,-0.66267395,0.8052469,-0.37175262,-0.54242295,-0.056829512,-1.4130635,0.96067804,-0.31404608,0.2510117,-1.4738743,-3.5897722,-3.02482,1.4781759,-0.16608596,-0.65187,-1.1316681,-0.32046127,-1.0225351,-0.46851104,-1.5124774,0.5078111,-1.0535175,-0.9408515,0.054137707,1.1674259,-2.3315897,-0.4625954,1.7594231,-2.0408077,0.9030427,0.7058857,-0.28740948,0.1140967,1.6782486,-0.11837888,1.219424,-0.65915895,1.4900268,0.21247783,0.5907885,-2.0069933,-0.13459331,0.8522706,3.1190245,0.023235414,1.5395105,0.08714694,-2.1236587,0.87504315
0.40285748,0.5721178,1.6529081,-0.7247713,-0.754372,-1.4698253,-0.73661363,1.6092162,0.38112324,0.11086768,0.18637839,1.1922698,-0.8669527,-0.30407676,0.07326339,-1.2021203,0.36224526,1.2983189,0.5328822,-0.49096227,0.7082848,0.8593661,-0.15992051,0.9403528,0.46582294,0.49954626,0.826633,0.49780458,-2.6505685,-0.43976477,0.95956105,0.0853,1.8353946,-0.61681163,1.6171385,-1.1700729,1.1968592,-0.52906275,-2.3155959,-0.60450435,-0.98504865,-1.1006427,-0.49135673,0.9212096,-0.23969509,0.080640435,-1.294981,1.7916896,-0.33077455,1.71879,-1.7343721,-1.4224695,0.5382758,0.776901,-1.901701,-0.19387604,-0.07594192,-1.1626947,0.9529102,1.2324258,-0.049284637,0.58077896,0.5406967,2.3840442,-0.31068745,0.28190172,1.8298366,1.7393696,-0.3860733,-0.21441868,0.07051325,-0.049225718,1.1598701,1.2752148,-0.16249722,1.2292407,-0.5557997,-1.4463873,-1.0372598,2.0267663,0.6457157,0.589424,-0.280868,1.290094,-0.20329829,-0.66648,-0.26950288,-0.93553287,0.65861785,0.53006196,-1.2807288,-2.9300172,-2.1441798,0.34796503,0.2823007,0.4644487,1.6291076,-2.6344934,0.0996943,-1.2055061,0.13530141,-0.78005767,0.34851956,-0.4148572,-0.7935668,-0.17955942,-0.38822943,1.1138023,-0.58740216,0.49024087,0.8617338,-0.45028687,-0.72448826,-0.38185114,2.544559,0.121342696,-1.471329,0.083543524,1.8227427,-0.05682236,0.72528005,-1.1490548,-0.5102335,1.9144582,0.9276072,-0.27711952,-1.051408,-1.3511908
0.13376148,-0.34138766,0.098202005,-1.5343301,-0.14675389,-1.6079865,-0.7660221,1.0171987,0.31964514,-0.019906193,1.30196,0.25870156,0.19594494,0.072612524,0.97366154,0.14059377,-1.4122593,2.4804041,0.8194123,-0.9466614,1.0098449,0.15298119,0.36694095,-0.7419473,1.7105348,-0.32830337,0.6882731,1.589088,-0.0010628998,0.37862515,1.3510178,-0.924025,-1.2495307,-0.5548648,-0.8474985,-1.9932077,0.2789751,0.6002724,-0.9704382,0.25399917,-0.28365523,0.27782893,-0.06538826,-0.32334265,-0.100429505,-1.3135531,-0.23341978,0.22005138,-0.7479812,2.3229954,-0.12939414,0.19023888,-1.2991079,-0.45272988,0.47267136,1.1317406,-0.22488466,-0.7764096,1.7614144,0.50331837,-1.5586202,0.34299153,-3.2375722,0.46123827,-1.0863954,0.8012325,0.3711496,0.7126492,-0.78945065,-1.3187432,0.55304545,0.17187333,0.70054376,0.04273212,-0.96513975,-0.15779951,-1.9209473,-0.0012779683,0.61605287,-1.0055152,-0.69885194,0.9417499,0.23946834,2.0549123,-0.4014536,1.5919182,0.22250637,-1.511174,1.5397086,1.4401488,0.74672943,-1.4591138,-0.31635618,1.8707421,1.904999,-0.69494593,0.66746974,0.33601192,1.5962071,0.3422513,0.6940442,-1.454561,-0.73801154,-1.8366946,0.6514477,-0.75569856,-0.83611566,1.184603,-1.695889,-0.6572502,0.8158706,0.95099247,-0.00011485815,-0.32498154,-1.2668462,1.2782667,-1.6936893,1.5480012,0.14024758,1.9229593,1.3112934,0.33523515,-0.18962696,-0.40348488,-3.2588968,0.5516411,1.8415141,-0.9052014
